Date,Open,High,Low,CRV_Close,CRV_Volume,CRV_simple_return,CRV_log_return
2021-01-01,0.6275020241737366,0.6720539927482605,0.6092960238456726,0.6223340034484863,64874778,,
2021-01-02,0.6231449842453003,0.6235010027885437,0.5685330033302307,0.6141759753227234,60722245,-0.01310876166264019,-0.013195439807553085
2021-01-03,0.6140829920768738,0.6909319758415222,0.5891039967536926,0.67228102684021,68729992,0.09460651971441059,0.09039495596282976
2021-01-04,0.675711989402771,0.7276189923286438,0.5835899710655212,0.6769840121269226,95367065,0.006995564501971918,0.006971209061354186
2021-01-05,0.6772400140762329,0.7245370149612427,0.6274030208587646,0.6870149970054626,82062825,0.014817166578314112,0.014708464818195665
2021-01-06,0.6875079870223999,0.7830860018730164,0.6704300045967102,0.7296649813652039,98254303,0.06208013587133099,0.060229377478934074
2021-01-07,0.7301030158996582,0.7774339914321899,0.6908040046691895,0.7191320061683655,78180776,-0.014435357959938222,-0.014540561399897654
2021-01-08,0.7170979976654053,0.7300180196762085,0.6273919939994812,0.6948620080947876,74108158,-0.03374901668317032,-0.03433166141806876
2021-01-09,0.6934049725532532,0.796684980392456,0.6692429780960083,0.7642760276794434,80899594,0.0998961214975318,0.09521574034281548
2021-01-10,0.7655069828033447,0.8387619853019714,0.7036889791488647,0.7521200180053711,95305224,-0.015905260970936586,-0.016033107063376614
2021-01-11,0.7527300119400024,0.7535369992256165,0.5329110026359558,0.6219549775123596,87221329,-0.17306418839670068,-0.19002820292803643
2021-01-12,0.621612012386322,0.6692820191383362,0.5922690033912659,0.6227740049362183,57763062,0.0013168596658468257,0.001315993366603346
2021-01-13,0.6226209998130798,0.6888300180435181,0.6036220192909241,0.6855289936065674,50659096,0.10076687236933757,0.09600709360287764
2021-01-14,0.6853389739990234,0.7851349711418152,0.6627749800682068,0.7831820249557495,65568158,0.14244916299663646,0.1331743465132022
2021-01-15,0.7898160219192505,1.1935980319976809,0.7852439880371094,1.1523879766464231,464387731,0.4714178057285394,0.3862264296583437
2021-01-16,1.150949001312256,1.2619999647140503,1.0584880113601685,1.1081459522247314,262613578,-0.03839160536058428,-0.03914798537301807
2021-01-17,1.1085989475250244,1.782750964164734,1.0566619634628296,1.6865979433059692,595460791,0.5219998231459748,0.42002514324104767
2021-01-18,1.6901450157165527,1.7722389698028564,1.3982419967651367,1.5996030569076538,297154811,-0.05158009752329784,-0.05295793969190396
2021-01-19,1.6056619882583618,1.6545870304107666,1.329200029373169,1.336781024932861,198373936,-0.16430453220243224,-0.1794910052303669
2021-01-20,1.3328319787979126,1.6437979936599731,1.261104941368103,1.627511978149414,381598455,0.21748584681709904,0.19678795111615566
2021-01-21,1.6272380352020264,1.9099220037460327,1.4582949876785278,1.6820570230484009,539857188,0.03351437386101952,0.03296500798783782
2021-01-22,1.6747699975967407,2.0944690704345703,1.4429479837417605,1.9702550172805784,512050490,0.17133663739287197,0.15814552186077868
2021-01-23,1.9646129608154297,2.299438953399658,1.9220149517059328,2.142003059387207,405924814,0.08717046301127152,0.08357841554173089
2021-01-24,2.138814926147461,2.344630002975464,2.047128915786743,2.2697970867156982,385370504,0.05966099197124919,0.057949038075958276
2021-01-25,2.267699956893921,2.3092939853668213,1.9758590459823608,2.0124781131744385,264289670,-0.11336650974100493,-0.12032358357566882
2021-01-26,2.0080668926239014,2.230413913726806,1.83543598651886,2.141343116760254,338144768,0.0640329963055084,0.06206640200393144
2021-01-27,2.141433000564575,2.141433000564575,1.7484450340270996,1.81673002243042,263029868,-0.15159321819520333,-0.16439506268282705
2021-01-28,1.816491961479187,2.197551012039185,1.7659800052642822,2.0677030086517334,301853382,0.13814544985917165,0.12940013936394362
2021-01-29,2.0803959369659424,2.1275229454040527,1.8681559562683103,2.047548055648804,282853046,-0.009747508669570193,-0.009795326623210351
2021-01-30,2.046225070953369,2.6397159099578857,1.888654947280884,2.535429000854492,485285658,0.2382756994932136,0.2137198469594786
2021-01-31,2.5431199073791504,2.819659948348999,2.2966580390930176,2.5246050357818604,477059057,-0.004269086244964471,-0.004278224811808592
2021-02-01,2.5188639163970947,2.671009063720703,2.3098158836364746,2.528693914413452,323379228,0.0016196112158690656,0.0016183010600617103
2021-02-02,2.536640882492065,2.741971015930176,2.43369197845459,2.508725881576538,260862948,-0.007896579622823086,-0.007927922718901107
2021-02-03,2.5065789222717285,2.684915065765381,2.420475006103516,2.62868595123291,251933379,0.04781712921978798,0.04670907565353699
2021-02-04,2.6303510665893555,3.180411100387573,2.5824599266052246,3.022052049636841,528640199,0.14964362639798545,0.1394520042605948
2021-02-05,3.022386074066162,3.3620200157165527,3.020219087600708,3.269692897796631,386499188,0.08194460058672681,0.0787599781769954
2021-02-06,3.2697129249572754,3.648232936859131,3.049846887588501,3.1452178955078125,491931090,-0.038069325217881866,-0.03881289454919097
2021-02-07,3.1454670429229736,3.1920320987701416,2.6607859134674072,2.993505954742432,317615373,-0.0482357489387506,-0.04943791029735423
2021-02-08,2.9899580478668213,3.214351892471313,2.856071949005127,3.073446035385132,304219292,0.026704500292058952,0.02635415857221808
2021-02-09,3.070625066757202,3.2817249298095703,2.948275089263916,3.1898770332336426,298821577,0.03788288341751245,0.037182949300476706
2021-02-10,3.1786820888519287,3.379111051559448,2.9017810821533203,3.094054937362671,360934771,-0.030039432515000408,-0.030499860388346643
2021-02-11,3.089931964874268,3.551772117614746,3.013346910476685,3.551772117614746,364715884,0.14793440631090626,0.1379641589051358
2021-02-12,3.5511250495910645,3.597501039505005,3.2739949226379395,3.3947479724884038,318877039,-0.04421008441042518,-0.045217143647479315
2021-02-13,3.394378900527954,3.525722980499268,3.184478998184204,3.2952160835266118,302344331,-0.029319375037091033,-0.029757778324176004
2021-02-14,3.296009063720703,3.402674913406372,2.958509922027588,2.9838271141052246,242645907,-0.09449728379819389,-0.09926500199248205
2021-02-15,2.96819806098938,3.0143039226531982,2.183893918991089,2.7250540256500244,449292373,-0.0867252285603014,-0.09071848918547679
2021-02-16,2.7176029682159424,2.8592140674591064,2.5548369884490967,2.67113995552063,249517463,-0.01978458761621582,-0.01998292291699854
2021-02-17,2.674571990966797,2.8706350326538086,2.500581979751587,2.7858879566192627,218506574,0.042958438348194905,0.04206132704461316
2021-02-18,2.786417007446289,3.0086519718170166,2.73722505569458,2.8059868812561035,177000849,0.007214548808068821,0.007188648449144602
2021-02-19,2.809777975082397,2.869420051574707,2.5690488815307617,2.629528045654297,182687955,-0.06288655046128178,-0.06495092665707232
2021-02-20,2.629381895065308,3.239924907684326,2.5747339725494385,2.9129879474639893,519598857,0.107798774870705,0.10237496070427174
2021-02-21,2.899542093276977,3.0621280670166016,2.836951971054077,2.9055678844451904,232969478,-0.002547234369870477,-0.002550484091045325
2021-02-22,2.907283067703247,2.9099910259246826,2.109771966934204,2.5805139541625977,328514349,-0.11187277090401238,-0.11864027024399901
2021-02-23,2.5771360397338867,2.595482110977173,1.7501369714736938,2.1274330615997314,397764324,-0.1755777727270208,-0.19307246857167804
2021-02-24,2.1331799030303955,2.387280941009521,2.009171962738037,2.154254913330078,225774968,0.012607612532907542,0.012528798333933352
2021-02-25,2.1537420749664307,2.330919981002808,1.999506950378418,1.9995269775390625,159437854,-0.07182433928018062,-0.07453427454017555
2021-02-26,2.007927894592285,2.092427968978882,1.7994920015335083,1.925629019737244,166699305,-0.036957719816698376,-0.037657963492235436
2021-02-27,1.9280270338058472,2.0965030193328857,1.9259840250015257,1.9628360271453855,126395813,0.01932200181176036,0.019137702176343495
2021-02-28,1.963034987449646,1.9806389808654783,1.6317460536956787,1.7592990398406982,163933139,-0.1036953594135408,-0.1094749231398007
2021-03-01,1.764032006263733,2.0019330978393555,1.7590010166168213,1.9952729940414429,126922023,0.13412953048738752,0.12586542319813412
2021-03-02,1.9978820085525515,2.565579891204834,1.986780047416687,2.5299251079559326,479160722,0.2679593797496087,0.23740882060412094
2021-03-03,2.5213348865509038,2.629373073577881,2.268523931503296,2.2864649295806885,295971326,-0.09623216814190572,-0.10118277474050233
2021-03-04,2.282641887664795,2.3826980590820312,2.015330076217652,2.082221984863281,218554108,-0.08932695274484859,-0.09357134048138299
2021-03-05,2.0833740234375,2.105781078338623,1.9197649955749512,2.059504985809326,135371064,-0.010909979444600926,-0.010969929706511504
2021-03-06,2.055427074432373,2.16865611076355,1.9243220090866089,2.044126033782959,116840823,-0.007467305072011654,-0.0074953249704317465
2021-03-07,2.046497106552124,2.258328914642334,2.046497106552124,2.228600025177002,159980499,0.0902458989050916,0.08640326612402538
2021-03-08,2.236999034881592,2.398132085800171,2.04225492477417,2.3872509002685547,256357392,0.07118858175501996,0.06876885603538234
2021-03-09,2.3884880542755127,2.4791879653930664,2.2915170192718506,2.4045989513397217,181901573,0.007266957599310286,0.007240680489236899
2021-03-10,2.405227899551392,2.471995115280152,2.185575008392334,2.2203569412231445,159652092,-0.07662068138802391,-0.0797151661581416
2021-03-11,2.2132010459899902,2.2191450595855717,2.0721709728240967,2.172235012054444,140125214,-0.02167305998205471,-0.0219113703143988
2021-03-12,2.1732308864593506,2.216667890548706,1.9803110361099243,2.058861017227173,141320374,-0.05219232458648415,-0.05360367134521196
2021-03-13,2.0617029666900635,2.3773889541625977,1.9905749559402464,2.3768510818481445,180113340,0.15444950482827324,0.14362361115842406
2021-03-14,2.376811981201172,2.397531032562256,2.117741107940674,2.117741107940674,127365052,-0.10901397057908946,-0.11542653129653266
2021-03-15,2.113534927368164,2.3449831008911133,2.053061962127685,2.231566905975342,197176278,0.05374868420311962,0.05235398165283504
2021-03-16,2.227261066436768,2.6045520305633545,2.1126949787139893,2.601468086242676,270457322,0.16575849878256865,0.15337194707866209
2021-03-17,2.6011109352111816,2.6011109352111816,2.294092893600464,2.4363200664520264,161293885,-0.06348262377847358,-0.06558720284244074
2021-03-18,2.4252259731292725,2.7922821044921875,2.404956102371216,2.607980966567993,244853427,0.0704590921692625,0.06808761455682188
2021-03-19,2.6094110012054443,2.7919299602508545,2.503619909286499,2.750994920730591,186223471,0.05483703907195259,0.053386289662389286
2021-03-20,2.7511301040649414,2.9761838912963867,2.6963119506835938,2.6971960067749023,180884430,-0.019556166225636273,-0.019749918235475658
2021-03-21,2.704476118087769,2.760816097259521,2.520170927047729,2.5990869998931885,120982735,-0.03637444465855677,-0.037052487898356704
2021-03-22,2.59949803352356,2.6992380619049072,2.353938102722168,2.368419885635376,151676722,-0.08874928552499084,-0.09293721159920981
2021-03-23,2.3647611141204834,3.20150089263916,2.243851900100708,2.892865896224976,604238683,0.22143286913372084,0.20002465247617654
2021-03-24,2.890598058700561,2.9789819717407227,2.418337106704712,2.5371570587158203,340433941,-0.1229607075714555,-0.13120348438833823
2021-03-25,2.526766061782837,2.7042040824890137,2.346309900283813,2.3940389156341557,387362358,-0.05640886226968689,-0.05806232346992301
2021-03-26,2.3920469284057617,2.63677191734314,2.3914289474487305,2.627938985824585,222687591,0.0977010309493953,0.09321802090117766
2021-03-27,2.6264350414276123,3.185595989227295,2.56413197517395,3.1294291019439697,446425555,0.19083019766611087,0.1746507089797932
2021-03-28,3.1245949268341064,3.359699010848999,2.928921937942505,3.022373914718628,467589246,-0.03420917481685082,-0.03480800529464224
2021-03-29,3.023308038711548,3.564049005508423,2.9998939037323,3.515036106109619,492055345,0.16300504348313116,0.1510072101420264
2021-03-30,3.523216009140014,3.523216009140014,3.1545250415802,3.2921218872070312,274448491,-0.063417334039651,-0.06551748981336732
2021-03-31,3.289655923843384,3.293909072875977,3.0037200450897217,3.127748966217041,246736826,-0.049929172315500425,-0.05121874170930254
2021-04-01,3.129600048065185,3.470047950744629,3.0605740547180176,3.3054039478302,297507381,0.05679962923240289,0.055245123386025684
2021-04-02,3.30942702293396,3.529397964477539,3.225558042526245,3.35693907737732,226157055,0.015591174440555022,0.015470880815113143
2021-04-03,3.3558061122894287,3.406907081604004,2.9292778968811035,2.9302239418029785,247661615,-0.12711435201490806,-0.1359507191389835
2021-04-04,2.929995059967041,3.124998092651367,2.8857951164245605,3.1170530319213867,198108209,0.06375932141331542,0.061809163652779275
2021-04-05,3.1163079738616943,3.4901199340820312,2.930722951889038,3.3183789253234863,337023390,0.06458853646067109,0.06258837376755823
2021-04-06,3.3177170753479004,3.397452116012573,3.012516021728516,3.1714088916778564,224962509,-0.044289708002922756,-0.045300453701255516
2021-04-07,3.1851370334625244,3.382024049758911,2.791167974472046,2.890811920166016,365854177,-0.08847707157792217,-0.09263853057520761
2021-04-08,2.8966360092163086,3.0828371047973637,2.856658935546875,3.0729479789733887,159273320,0.06300515697227116,0.061099950686021684
2021-04-09,3.073870897293091,3.126607894897461,2.93662691116333,2.9843640327453613,140905476,-0.028827024353865416,-0.02925068479908059
2021-04-10,2.982367992401123,3.05481505393982,2.8637919425964355,2.9612131118774414,151382551,-0.0077574051335228544,-0.007787650318362791
2021-04-11,2.962203025817871,3.2055230140686035,2.8946950435638428,3.134161949157715,210640054,0.05840472493741666,0.05676279803522839
2021-04-12,3.119204044342041,3.129848957061768,2.9445040225982666,3.0342819690704346,214420794,-0.0318681617949329,-0.03238700448662242
2021-04-13,3.0334439277648926,3.19153094291687,2.980966091156006,3.1149260997772217,215678288,0.026577665335266287,0.02623061495110526
2021-04-14,3.1176679134368896,3.2983028888702397,2.988292932510376,3.174901962280273,264805375,0.019254345233853387,0.019071325876010313
2021-04-15,3.164223909378052,4.139551162719727,3.148701906204224,4.049071788787842,830577510,0.2753375810948582,0.24321091305129816
2021-04-16,4.027602195739746,4.6509690284729,3.701567888259888,3.929995059967041,948629100,-0.02940840148859114,-0.02984949802271801
2021-04-17,3.919883966445923,4.337329864501953,3.780287981033325,3.8343780040740967,399070645,-0.024330070250456304,-0.024630936499098432
2021-04-18,3.826997995376587,3.906049966812134,2.557154893875122,3.221771001815796,696800849,-0.15976698218261076,-0.17407602345008524
2021-04-19,3.223464012145996,3.454472064971924,2.7963900566101074,2.8283729553222656,367066485,-0.12210614791424046,-0.13022959005232895
2021-04-20,2.819674015045166,3.09312105178833,2.586337089538574,3.02557110786438,341107946,0.06972141073935756,0.06739825077828455
2021-04-21,3.028601884841919,3.1529810428619385,2.830482006072998,2.8990418910980225,234878496,-0.041819944815532306,-0.042719569627155826
2021-04-22,2.88897705078125,3.3008129596710205,2.6858561038970947,2.766953945159912,339060083,-0.0455626206519153,-0.04663324368028589
2021-04-23,2.763608932495117,2.8546910285949707,2.292475938796997,2.6398870944976807,333713944,-0.04592300890461254,-0.047010907335914544
2021-04-24,2.640968084335327,2.6442770957946777,2.3521199226379395,2.368536949157715,136362539,-0.10278854194391163,-0.10846370551249472
2021-04-25,2.375801086425781,2.5492310523986816,2.213215112686157,2.374095916748047,131015958,0.0023470048007099287,0.0023442548868095802
2021-04-26,2.38149094581604,2.835033893585205,2.35850191116333,2.781704902648926,260201340,0.17169019289633725,0.1584473156785687
2021-04-27,2.777554035186768,3.192845106124878,2.712510108947754,3.1222500801086426,315775704,0.12242318627523252,0.11548990735756416
2021-04-28,3.12882399559021,3.210637092590332,2.816781044006348,3.042330026626587,252482093,-0.02559694176684102,-0.025930243450601628
2021-04-29,3.0383169651031494,3.244826078414917,2.899866104125977,3.0179359912872314,242730283,-0.008018208125304627,-0.008050526830743516
2021-04-30,3.019850015640259,3.390907049179077,2.962610006332397,3.3353490829467773,257690954,0.10517555460948014,0.10000419530050136
2021-05-01,3.3300271034240723,3.487088918685913,3.174015045166016,3.3995609283447266,243670694,0.019251911509429842,0.019068938123296287
2021-05-02,3.40332293510437,3.415038108825684,3.122370958328247,3.27036190032959,182179136,-0.03800462199041821,-0.03874563289181681
2021-05-03,3.2791569232940674,3.377691984176636,3.190653085708618,3.2423319816589355,200472300,-0.008570892006731556,-0.008607833333161737
2021-05-04,3.244333982467652,3.248753070831299,2.818312883377075,2.8373188972473145,249527406,-0.12491413177388355,-0.1334332623238964
2021-05-05,2.824191093444824,3.1291470527648926,2.773258924484253,3.0905981063842773,220444850,0.08926709274120981,0.08550507810364007
2021-05-06,3.0937180519104004,3.418113946914673,3.025255918502808,3.237778902053833,371473418,0.047622107632022015,0.04652293655210253
2021-05-07,3.242538928985596,3.880565881729126,3.116708993911743,3.659497022628784,573532001,0.13024920271963003,0.1224381417905415
2021-05-08,3.655395030975342,3.94682502746582,3.4707961082458496,3.5637710094451904,357863709,-0.02615824322076632,-0.02650645591130518
2021-05-09,3.5664470195770264,3.593794107437134,3.264108896255493,3.437246084213257,227632553,-0.035503101881854904,-0.036148662693214685
2021-05-10,3.444180011749268,3.682934045791626,2.833466053009033,3.0953619480133057,353337725,-0.09946455034749258,-0.10476574850853715
2021-05-11,3.088603973388672,3.342421054840088,2.9670610427856445,3.3142549991607666,248021219,0.07071646380093055,0.0683280167342052
2021-05-12,3.31203293800354,3.872308015823364,3.183389902114868,3.183389902114868,747440881,-0.03948552452331999,-0.040286226114907495
2021-05-13,3.3143630027771,4.197490215301514,3.0751020908355717,3.3603999614715576,1158333287,0.05560426614380276,0.05411336707861788
2021-05-14,3.3616669178009038,3.813805103302002,3.3203001022338867,3.675638914108277,446798063,0.09380995008066617,0.08966696868991499
2021-05-15,3.6731960773468018,3.897550106048584,3.185476064682007,3.2086880207061768,442238714,-0.1270393812650621,-0.13586483442929148
2021-05-16,3.211421012878418,3.494352102279663,3.0026040077209477,3.276763916015625,324152650,0.02121611539362611,0.020994187100497455
2021-05-17,3.2728590965271,3.2728590965271,2.8531360626220703,3.0824899673461914,361505108,-0.05928835694262058,-0.06111862306649677
2021-05-18,3.077455997467041,3.604201078414917,3.042527914047241,3.4876708984375,519145016,0.13144598535064844,0.12349644774532437
2021-05-19,3.4944710731506348,3.577049016952514,1.5223100185394287,1.9748820066452024,681997453,-0.43375333735474786,-0.5687254959854808
2021-05-20,1.947026014328003,2.426626920700073,1.6514439582824707,2.2078750133514404,451672378,0.1179781910626807,0.11152186744307144
2021-05-21,2.203988075256348,2.347254991531372,1.534608006477356,1.8513829708099363,318347802,-0.16146386927961454,-0.17609760893893706
2021-05-22,1.8474819660186768,1.9810099601745603,1.5556789636611938,1.6249769926071167,270042702,-0.12229019158784438,-0.13043925431587453
2021-05-23,1.6306339502334597,1.706532001495361,1.0673359632492063,1.329272985458374,284662358,-0.18197427317067083,-0.20086149198235848
2021-05-24,1.3214800357818604,1.6428420543670654,1.2828030586242676,1.6221660375595093,265183640,0.2203407842521803,0.1991301510936721
2021-05-25,1.6262370347976685,1.7026779651641846,1.3928489685058594,1.611562967300415,214653122,-0.006536365583788339,-0.006557821166771324
2021-05-26,1.6144709587097168,1.9326030015945437,1.579211950302124,1.8992220163345337,246880287,0.17849693426251068,0.16423984200119604
2021-05-27,1.894536018371582,1.9079220294952397,1.6548999547958374,1.7429540157318115,193117729,-0.08228000689688553,-0.08586295329541545
2021-05-28,1.7526229619979858,1.7884199619293213,1.5067689418792725,1.5901780128479004,183733480,-0.08765349028428915,-0.09173541620485987
2021-05-29,1.5899419784545898,1.7499010562896729,1.4885799884796145,1.7446630001068115,186364105,0.09714949270505824,0.09271544612444273
2021-05-30,1.7408119440078735,1.7969110012054443,1.6239500045776367,1.675955057144165,179634473,-0.03938178488249022,-0.04017822770184784
2021-05-31,1.679095983505249,1.9650260210037231,1.6030759811401367,1.9650260210037231,193954698,0.17248133392797316,0.1591223013207201
2021-06-01,1.9621249437332156,2.077096939086914,1.7897950410842896,2.0458478927612305,199805637,0.04113017888497161,0.04030683357721282
2021-06-02,2.0490310192108154,2.51782488822937,1.991230010986328,2.3400020599365234,459195469,0.14378105440589728,0.13433948863213585
2021-06-03,2.333446979522705,2.74001693725586,2.301197052001953,2.504200935363769,401441646,0.07017039781225654,0.06781788608666169
2021-06-04,2.502490997314453,2.783782958984375,2.1586151123046875,2.680238008499145,474235026,0.07029670448941205,0.06793590395030118
2021-06-05,2.696683883666992,2.897865056991577,2.4142019748687744,2.526362895965576,365682100,-0.05741098814568879,-0.05912492183362179
2021-06-06,2.531785011291504,2.6145179271698,2.405582904815674,2.453124046325684,213943451,-0.028989837428680332,-0.02941834465771342
2021-06-07,2.4590189456939697,2.56899094581604,2.128500938415528,2.1432809829711914,215535397,-0.12630550168002264,-0.1350245086877536
2021-06-08,2.152087926864624,2.3789141178131104,1.9891730546951292,2.329220056533813,288530071,0.08675440833000714,0.08319564731286617
2021-06-09,2.323085069656372,2.577181100845337,2.173259019851685,2.5261449813842773,331742660,0.08454543584152141,0.08116094606558108
2021-06-10,2.525312900543213,2.535140991210937,2.215893030166626,2.264272928237915,202341403,-0.10366469663307354,-0.10944071350325468
2021-06-11,2.2651519775390625,2.309739112854004,2.0692460536956787,2.156493902206421,196371134,-0.04759983864461481,-0.04876999494967763
2021-06-12,2.157465934753418,2.2840840816497803,2.009476900100708,2.081386089324951,180569885,-0.03482866926014627,-0.03544964859422671
2021-06-13,2.083218097686768,2.266235113143921,2.0572509765625,2.206995964050293,136695201,0.060349146835165124,0.058598237695798326
2021-06-14,2.205104112625122,2.3194119930267334,2.151330947875977,2.217797040939331,134648690,0.00489401750840357,0.004882080734728051
2021-06-15,2.267421007156372,2.356074094772339,2.198961973190308,2.300092935562134,180688060,0.037107045010731365,0.03643514958125289
2021-06-16,2.2396090030670166,2.254293918609619,2.050942897796631,2.065506935119629,126391915,-0.10198979215819082,-0.10757384343740763
2021-06-17,2.069209098815918,2.173443078994751,2.01642107963562,2.093203067779541,91566247,0.013408879045137656,0.013319775660462142
2021-06-18,2.0990428924560547,2.1362650394439697,1.8539669513702397,1.9207760095596316,133737965,-0.08237473987787491,-0.08596618507799918
2021-06-19,1.9257129430770876,1.9738980531692505,1.863111972808838,1.867877960205078,92039357,-0.027539936510702967,-0.027926270153533855
2021-06-20,1.8608759641647337,1.9604370594024656,1.7482149600982666,1.927502989768982,117658875,0.03192126618237823,0.03142237169001749
2021-06-21,1.924502968788147,1.949957013130188,1.436123013496399,1.451341986656189,170289613,-0.2470351566976623,-0.2837367411137183
2021-06-22,1.448307991027832,1.5916359424591064,1.220232009887695,1.3993760347366333,187357844,-0.03580544929957019,-0.03646218865443278
2021-06-23,1.4003429412841797,1.5773309469223022,1.341523051261902,1.568972945213318,133313218,0.12119466552719937,0.11439478247270335
2021-06-24,1.5052759647369385,1.724526047706604,1.4421000480651855,1.679911971092224,134908742,0.07070805536664149,0.06832016361193649
2021-06-25,1.6810519695281982,1.7377649545669556,1.4327620267868042,1.4480960369110107,158746308,-0.13799290568213163,-0.1484917782851781
2021-06-26,1.4450900554656982,1.5116300582885742,1.3672579526901243,1.4867939949035645,139340755,0.026723336716742763,0.026372504894737775
2021-06-27,1.4905099868774414,1.5980240106582642,1.4389640092849731,1.5793880224227903,117175106,0.062277644271243826,0.06041532393515547
2021-06-28,1.5850319862365725,1.6655880212783811,1.5534969568252563,1.607025980949402,114448390,0.017499156720344855,0.017347809558195714
2021-06-29,1.6087510585784912,1.8599109649658203,1.6046169996261597,1.785338044166565,149497500,0.11095779740400924,0.10522252380099625
2021-06-30,1.7917369604110718,1.844349980354309,1.6770169734954834,1.815338969230652,126148293,0.016804058571491476,0.016664432399196516
2021-07-01,1.8153079748153689,1.8527400493621824,1.6516940593719482,1.703426957130432,118079356,-0.06164799742477234,-0.06363013110184829
2021-07-02,1.6995550394058228,1.7242530584335327,1.5699599981307983,1.6591930389404297,102732899,-0.025967604894851504,-0.02631071603115012
2021-07-03,1.6609660387039185,1.7864660024642944,1.6308269500732422,1.758718967437744,92829962,0.059984538363825335,0.05825432156837111
2021-07-04,1.756793975830078,1.9044599533081052,1.7019749879837036,1.8407490253448489,118916795,0.046641936219413926,0.0455868831570645
2021-07-05,1.8408620357513428,1.84688401222229,1.700471043586731,1.7987060546875,118019562,-0.022840142832330157,-0.02310501988598037
2021-07-06,1.799509048461914,2.059287071228028,1.7992990016937256,1.9691970348358157,175280430,0.09478534844757402,0.09055831523730377
2021-07-07,1.9673279523849487,2.0941929817199707,1.9343270063400269,1.9409359693527224,125314654,-0.014351568168722961,-0.014455547970982871
2021-07-08,1.9449360370635984,1.9517710208892824,1.715149998664856,1.758893966674805,131930177,-0.09379083367630425,-0.09848513167810297
2021-07-09,1.753154993057251,1.793354034423828,1.6788430213928225,1.7679500579833984,97307158,0.005148742039131626,0.005135532588805996
2021-07-10,1.76774001121521,1.8062880039215088,1.6653540134429932,1.7500159740447998,89741214,-0.010143999180075802,-0.010195800150167546
2021-07-11,1.749006986618042,1.7793300151824951,1.7185560464859009,1.7567219734191897,83480766,0.0038319646642368532,0.0038246413900328916
2021-07-12,1.7566349506378174,1.789031982421875,1.641759991645813,1.6843780279159546,83486431,-0.041181215125594806,-0.04205318454623991
2021-07-13,1.68252694606781,1.6905970573425293,1.56837797164917,1.6033539772033691,83259302,-0.04810324604675287,-0.04929870180186824
2021-07-14,1.6022850275039673,1.629122972488403,1.5071719884872437,1.5981580018997192,99022473,-0.0032406913117918323,-0.003245953724192758
2021-07-15,1.5973730087280271,1.6466219425201416,1.488556981086731,1.4968409538269043,90038805,-0.06339613977615488,-0.06549486071242007
2021-07-16,1.5032199621200562,1.5423059463500977,1.4128799438476562,1.420796036720276,95923390,-0.05080360536114925,-0.05213955274332292
2021-07-17,1.4180090427398682,1.462723970413208,1.3972480297088623,1.425374984741211,85167294,0.003222804612761143,0.003217622508928802
2021-07-18,1.426234006881714,1.506250023841858,1.3954529762268066,1.4163999557495115,87526334,-0.006296609024136202,-0.006316516276189002
2021-07-19,1.4137719869613647,1.4196560382843018,1.3248579502105713,1.3360120058059692,92667708,-0.05675512034381813,-0.05842934855830119
2021-07-20,1.3412439823150637,1.369676947593689,1.226709008216858,1.28438401222229,111114388,-0.0386433605082267,-0.0394098259625372
2021-07-21,1.2808419466018677,1.4716429710388184,1.2452739477157593,1.4423569440841677,124372682,0.12299509364691241,0.1159993067769602
2021-07-22,1.4468929767608645,1.5492559671401978,1.416841983795166,1.5422300100326538,124821892,0.06924296122268192,0.06695088519246478
2021-07-23,1.5431009531021118,1.616250991821289,1.4802080392837524,1.6056530475616455,122953005,0.041124240299051706,0.0403011295807509
2021-07-24,1.6037839651107788,1.6162290573120115,1.515355944633484,1.5499409437179563,111670930,-0.034697473360321474,-0.03531372766525348
2021-07-25,1.5471760034561155,1.5579099655151367,1.460116982460022,1.5230549573898315,101502828,-0.01734645854546657,-0.01749867115898658
2021-07-26,1.524906039237976,1.7060730457305908,1.5179450511932373,1.5363119840621948,164974618,0.00870423395297748,0.008666570505133904
2021-07-27,1.532641053199768,1.5852479934692385,1.4755549430847168,1.570889949798584,89878733,0.022507124916750776,0.022257577044284018
2021-07-28,1.572772979736328,1.5814069509506226,1.5012500286102295,1.5390169620513916,84492820,-0.020289764888545503,-0.020498429496712663
2021-07-29,1.5409770011901855,1.6325559616088867,1.511222004890442,1.6185740232467651,114346435,0.051693427140224735,0.05040165277650262
2021-07-30,1.6213010549545288,1.7053020000457764,1.5296330451965332,1.7005280256271362,128530008,0.050633459578188544,0.04939327709663181
2021-07-31,1.6975070238113403,1.757936954498291,1.651015043258667,1.7135820388793943,122584724,0.0076764469950114655,0.007647132998428889
2021-08-01,1.708516001701355,1.7801419496536257,1.6392090320587158,1.663684964179993,111991262,-0.02911857942443885,-0.029550939079631158
2021-08-02,1.6590059995651243,1.6918809413909912,1.610234022140503,1.6278409957885742,96540899,-0.021544925369380685,-0.021780405687886552
2021-08-03,1.6259419918060305,1.6381449699401855,1.5360000133514404,1.5634349584579468,93913927,-0.03956531227389759,-0.04036929728842096
2021-08-04,1.567283034324646,1.64369797706604,1.5341249704360962,1.6222070455551147,115658728,0.03759164190311837,0.03690229876706607
2021-08-05,1.624058961868286,1.822460055351257,1.5872900485992432,1.7721049785614014,182570300,0.0924036998957749,0.08838049755398306
2021-08-06,1.7711960077285769,1.9711300134658811,1.700551986694336,1.9212679862976076,200547332,0.08417278295628794,0.08081728418671544
2021-08-07,1.9231020212173464,1.9800269603729248,1.8221349716186523,1.9106179475784304,171363192,-0.005543234361438776,-0.005558655098607672
2021-08-08,1.91327702999115,1.9356540441513064,1.7238420248031616,1.7581210136413574,142601488,-0.07981550373812396,-0.08318108962930901
2021-08-09,1.7573879957199097,1.9103389978408811,1.7106989622116089,1.882472038269043,140359231,0.07072950249888321,0.06834019420508984
2021-08-10,1.8777860403060915,2.073765993118286,1.8334380388259888,2.0684800148010254,193033152,0.09881048576053164,0.09422821811348081
2021-08-11,2.068558931350708,2.192852020263672,2.0281870365142822,2.042396068572998,223516755,-0.012610199780217046,-0.012690383148157357
2021-08-12,2.041490077972412,2.1509668827056885,1.930662989616394,2.0314319133758545,191495143,-0.005368280602304543,-0.005382741597623111
2021-08-13,2.034252882003784,2.373609066009521,2.026628017425537,2.36039400100708,238734770,0.16193606365302826,0.15008763424210275
2021-08-14,2.360630989074707,2.360630989074707,2.162492036819458,2.261152029037476,196944609,-0.04204466369905269,-0.0429541239134022
2021-08-15,2.263622999191284,2.2909650802612305,2.0890889167785645,2.222546100616455,191009601,-0.017073566007613672,-0.017220999893492323
2021-08-16,2.2226150035858154,2.2850770950317383,2.0972049236297607,2.132673978805542,201397348,-0.040436561377055646,-0.04127684938547971
2021-08-17,2.1260480880737305,2.2355990409851074,1.913105010986328,1.9235600233078003,247098352,-0.09805247195582201,-0.10319893351164657
2021-08-18,1.9225959777832031,2.0155999660491943,1.8591599464416504,1.922036051750183,179967449,-0.0007922661830934707,-0.0007925801918091865
2021-08-19,1.9179940223693848,2.151439905166626,1.8733140230178835,2.151439905166626,205981325,0.11935460482520632,0.11275227352186434
2021-08-20,2.1523139476776123,2.3401710987091064,2.127691984176636,2.2696869373321533,235493587,0.05496181040500381,0.05350456760459938
2021-08-21,2.2708940505981445,2.322396993637085,2.1545801162719727,2.221995115280152,255341918,-0.02101251113867697,-0.021236416041637653
2021-08-22,2.223144054412842,2.4634509086608887,2.182642936706543,2.450093984603882,297330678,0.1026549823422862,0.09772089201242201
2021-08-23,2.4451940059661865,2.513843059539795,2.2823619842529297,2.366067886352539,269508804,-0.034295051038594204,-0.03489692728240895
2021-08-24,2.369007110595703,2.387525081634521,2.0878748893737797,2.098795890808105,258669450,-0.11296040873808266,-0.11986566264959785
2021-08-25,2.099752902984619,2.250617027282715,2.0956509113311768,2.193470001220703,217228166,0.045108774429773346,0.044120970363167825
2021-08-26,2.1992440223693848,2.23901891708374,2.024177074432373,2.053100109100342,147081303,-0.06399444352657802,-0.06613386611893676
2021-08-27,2.05641508102417,2.194916009902954,1.9877150058746336,2.1815309524536133,166312787,0.06255459379891093,0.06067600289537959
2021-08-28,2.1836259365081787,2.198982954025269,2.082412004470825,2.0937530994415283,127041002,-0.04023681301122928,-0.04106870517085562
2021-08-29,2.0958969593048096,2.169282913208008,2.0424740314483643,2.1070361137390137,141918443,0.006344116840246494,0.006324077640365637
2021-08-30,2.107028007507324,2.263021945953369,2.0318539142608643,2.101393938064575,278954512,-0.002677778343545434,-0.0026813700051893504
2021-08-31,2.0980119705200195,2.381498098373413,2.0478529930114746,2.234760999679565,324324812,0.06346599711704859,0.061533382525532684
2021-09-01,2.236937999725342,2.3134090900421143,2.165138006210327,2.3134090900421143,213543329,0.03519306555547841,0.034587946090090825
2021-09-02,2.310610055923462,2.310610055923462,2.20672607421875,2.2087819576263428,158345642,-0.04522638597130557,-0.04628101997609363
2021-09-03,2.207529067993164,2.273550033569336,2.172538042068481,2.2063050270080566,159212050,-0.001121401145882217,-0.0011220303866120475
2021-09-04,2.2072250843048096,2.3368980884552,2.189455986022949,2.275377988815308,200616632,0.031307077199982825,0.030827004722994593
2021-09-05,2.272239923477173,2.5421690940856934,2.2516350746154785,2.4776840209960938,351981136,0.08891095597093202,0.0851780738225512
2021-09-06,2.4794719219207764,2.647423028945923,2.3811020851135254,2.4855659008026123,314840537,0.003181148096257136,0.0031760989498730613
2021-09-07,2.485706090927124,2.499648094177246,1.6815619468688965,1.9801429510116575,400279363,-0.20334321034407055,-0.2273313207229727
2021-09-08,1.9863640069961548,2.0579400062561035,1.8280659914016724,1.9813040494918823,253331215,0.0005863710393392285,0.000586199191015979
2021-09-09,1.927000999450684,2.418158054351806,1.9191019535064695,2.374763011932373,318275199,0.19858585689631814,0.1811424092862957
2021-09-10,2.373784065246582,2.471086025238037,2.063676118850708,2.144903898239136,332563403,-0.09679244309359436,-0.10180289936768545
2021-09-11,2.1422460079193115,2.3306589126586914,2.1268908977508545,2.2716848850250244,178685852,0.05910800334223332,0.05742704757789522
2021-09-12,2.271528959274292,2.4308230876922607,2.20633602142334,2.4308230876922607,177483425,0.07005293899531462,0.06770812294648862
2021-09-13,2.430021047592163,2.478384017944336,2.0586700439453125,2.3528919219970703,315882142,-0.03205957936213921,-0.03258474252760278
2021-09-14,2.36500096321106,2.8477299213409424,2.3579649925231934,2.7914741039276123,626755995,0.1864013292876987,0.17092463227900437
2021-09-15,2.795119047164917,3.1907858848571777,2.717565059661865,3.018062114715576,683302824,0.08117145363059386,0.07804513258417661
2021-09-16,3.016495943069458,3.432394027709961,2.927253007888794,3.09977388381958,726215599,0.027074250296437175,0.026714226576882247
2021-09-17,3.105865955352783,3.229526996612549,2.7776529788970947,2.801769971847534,499755619,-0.0961373065072868,-0.10107781785536941
2021-09-18,2.8037469387054443,2.971842050552368,2.6997439861297607,2.890276908874512,333992196,0.031589651511831685,0.03110096348174706
2021-09-19,2.878859043121338,3.092721939086914,2.687825918197632,3.027043104171753,354151372,0.04731940904253995,0.04623395608254835
2021-09-20,3.0417330265045166,3.1283950805664062,2.3655428886413574,2.3916680812835693,475833864,-0.209899562385661,-0.23559520538151196
2021-09-21,2.4076669216156006,2.6589560508728027,2.146164894104004,2.194502115249634,369760716,-0.08243868268213861,-0.08603587042234032
2021-09-22,2.1945230960845947,2.519248008728028,2.1534039974212646,2.4523279666900635,247938903,0.11748717380985574,0.1110825698646458
2021-09-23,2.450361967086792,2.8344950675964355,2.360308885574341,2.789799928665161,366258642,0.13761289948121735,0.12893211920896575
2021-09-24,2.7906830310821533,2.7906830310821533,2.2594809532165527,2.4269590377807617,388283235,-0.13005982513520542,-0.1393308342211205
2021-09-25,2.4279980659484863,2.476454019546509,2.276439905166626,2.3072669506073,176840324,-0.04931772036948334,-0.05057536307716378
2021-09-26,2.3129169940948486,2.612299919128418,2.0688729286193848,2.547274112701416,405541940,0.10402227710622891,0.09896012618957042
2021-09-27,2.554887056350708,2.7472739219665527,2.3674979209899902,2.3745229244232178,441709458,-0.06781805986910194,-0.07022726861573914
2021-09-28,2.371721029281616,2.41615891456604,2.2297680377960205,2.232662916183472,259324897,-0.05974253050187084,-0.06160153750144946
2021-09-29,2.231431007385254,2.4005401134490967,2.215169906616211,2.289199113845825,204193291,0.02532231679603325,0.025007018570395206
2021-09-30,2.2891359329223637,2.3967559337615967,2.2601449489593506,2.3352599143981934,222485084,0.020120923633849763,0.019921172851583346
2021-10-01,2.3352479934692383,2.5564160346984863,2.289742946624756,2.5340030193328857,224607817,0.085105346822137,0.08167707612440811
2021-10-02,2.5370290279388428,2.6495680809021,2.459980010986328,2.5420889854431152,198645519,0.0031909851916269716,0.0031859048031409633
2021-10-03,2.5378708839416504,2.958173990249634,2.4851739406585693,2.815696954727173,387977376,0.10763115329590422,0.10222363876626818
2021-10-04,2.814502954483032,2.90004301071167,2.635343074798584,2.866961002349853,338667031,0.01820652167010195,0.018042767562916565
2021-10-05,2.8802380561828613,3.024862051010132,2.769412040710449,2.943654060363769,287110829,0.026750645701513198,0.026399102733333114
2021-10-06,2.9368131160736084,2.942451000213623,2.6318678855896,2.74001693725586,226960936,-0.06917834736420903,-0.07168758543115035
2021-10-07,2.7386550903320312,2.89841890335083,2.6591219902038574,2.8076789379119877,239621515,0.02469400817788081,0.02439403941489116
2021-10-08,2.809598922729492,2.9585061073303223,2.7504680156707764,2.956674098968506,214715784,0.05306702238800942,0.051706880117789275
2021-10-09,2.9501969814300537,3.092895030975342,2.873089075088501,2.9029860496521,287411108,-0.018158257393040333,-0.018325141856441185
2021-10-10,2.9045889377593994,2.9045889377593994,2.6864960193634038,2.704134941101074,169880301,-0.06849881644276468,-0.07095781834845588
2021-10-11,2.7014729976654053,2.808602094650269,2.6394710540771484,2.69697904586792,161915328,-0.0026462788984341623,-0.0026497864838376708
2021-10-12,2.698138952255249,2.704296112060547,2.5220389366149902,2.687998056411743,158186744,-0.0033300182550312085,-0.0033355751055257825
2021-10-13,2.6863009929656982,2.9941511154174805,2.6541121006011963,2.9684059619903564,320200957,0.1043184926825933,0.0992283959984634
2021-10-14,2.960758924484253,3.147110939025879,2.8599090576171875,2.882606029510498,280022595,-0.028904379514966494,-0.029330339241618625
2021-10-15,2.886460065841675,3.014467000961304,2.813265085220337,2.8941140174865723,230251992,0.0039922167157988575,0.003984268964387674
2021-10-16,2.8960139751434326,3.0773110389709477,2.883591890335083,2.9072999954223637,185625377,0.00455613630151408,0.004545788531178553
2021-10-17,2.908163070678711,2.9155659675598145,2.7293710708618164,2.869036912918091,145287117,-0.013161036894891898,-0.013248410808580203
2021-10-18,2.868997097015381,2.8729019165039062,2.7262771129608154,2.794891119003296,117618882,-0.025843443693926327,-0.026183252828976284
2021-10-19,2.794814109802246,2.843626022338867,2.687807083129883,2.797481060028076,144967519,0.0009266697393577328,0.0009262406460195596
2021-10-20,2.792820930480957,2.964284896850586,2.792820930480957,2.9328579902648926,203312432,0.04839243853020325,0.04725798005098964
2021-10-21,2.9340660572052,3.049459934234619,2.843601942062378,2.8567800521850586,205943904,-0.025939864232213505,-0.026282236210812795
2021-10-22,2.8567540645599365,3.3694639205932617,2.8557260036468506,3.336265087127685,370090946,0.1678410749808632,0.15515680920718358
2021-10-23,3.3208069801330566,3.78437089920044,3.1782450675964355,3.691793918609619,478342584,0.10656492280954266,0.10126055281350942
2021-10-24,3.694803953170776,3.948086023330689,3.462135076522827,3.5042099952697754,473167772,-0.05081104944516801,-0.05214739528597386
2021-10-25,3.5030839443206787,4.824978828430176,3.486063003540039,4.782371997833252,1261857451,0.36475040145676996,0.31097155584108616
2021-10-26,4.788733959197998,5.255940914154053,4.531915187835693,4.610444068908691,1278384914,-0.03595034618855575,-0.0366124775949303
2021-10-27,4.635385990142822,4.706809043884277,4.083062171936035,4.433498859405518,802723098,-0.03837921181962356,-0.039135097110847755
2021-10-28,4.417925834655762,5.490807056427002,4.417925834655762,4.760985851287842,1279224254,0.07386648835773846,0.0712656758431595
2021-10-29,4.780815124511719,4.998627185821533,4.565275192260742,4.638280868530273,484551051,-0.025773019830415356,-0.02611096330053054
2021-10-30,4.655728816986084,5.305322170257568,4.563043117523193,4.730094909667969,695461101,0.019794842904109933,0.019601472658206654
2021-10-31,4.736931800842285,4.739645957946777,4.3072590827941895,4.426344871520996,370736836,-0.06421647851634638,-0.06637110972017854
2021-11-01,4.420482158660889,4.530279159545898,4.191091060638428,4.484818935394287,363074931,0.013210462711460202,0.013123965495007548
2021-11-02,4.508138179779053,4.619680881500244,4.246963977813721,4.272500038146973,318859673,-0.04734168765915814,-0.0484989786101782
2021-11-03,4.27645206451416,4.606722831726074,4.108612060546875,4.39374303817749,442652600,0.02837753047349345,0.027982347156409276
2021-11-04,4.371642112731934,4.526126861572266,4.06817102432251,4.169503211975098,296009780,-0.05103617217801759,-0.05238459719771632
2021-11-05,4.16057014465332,4.2218828201293945,4.032350063323975,4.09223222732544,184286084,-0.018532419984167325,-0.01870629686991301
2021-11-06,4.088651180267334,4.293458938598633,3.889682054519653,4.116229057312012,304519599,0.005863995162917579,0.005846868863026608
2021-11-07,4.114789009094238,4.74409818649292,4.088612079620361,4.504068851470947,500453775,0.09422211173354955,0.09004371057130828
2021-11-08,4.500945091247559,4.672248840332031,4.3027777671813965,4.631724834442139,399708419,0.02834236935110379,0.027948155701952027
2021-11-09,4.636549949645996,4.992720127105713,4.441473960876465,4.520167827606201,511833314,-0.02408541327981839,-0.024380210004954942
2021-11-10,4.522092819213867,4.591526031494141,3.7160489559173584,4.09959602355957,431013221,-0.09304340460061145,-0.09766068513955936
2021-11-11,4.098423004150391,4.41866397857666,4.0467071533203125,4.190141201019287,330721663,0.022086365812477915,0.02184599487685522
2021-11-12,4.177515983581543,4.294978141784668,3.889116048812866,4.024740219116211,294180534,-0.039473844428641436,-0.04027406594037508
2021-11-13,4.028505802154541,4.383131980895996,4.028505802154541,4.238601207733154,311319875,0.05313659440705587,0.05177294402397288
2021-11-14,4.228899002075195,4.367869853973389,4.039405822753906,4.129929065704346,192627129,-0.025638680475657982,-0.025973079525911436
2021-11-15,4.130681037902832,4.159005165100098,3.9042210578918457,3.932673931121826,185560480,-0.047762354133527585,-0.04894064733165909
2021-11-16,3.941226959228516,4.08631706237793,3.300795078277588,3.7100770473480233,376889994,-0.05660191708553508,-0.05826694023657925
2021-11-17,3.7112479209899902,4.059200763702393,3.691750049591065,4.029566764831543,448241367,0.08611403844345822,0.08260622377363665
2021-11-18,4.032886028289795,4.240295886993408,3.5889909267425537,4.136728763580322,556156241,0.026593925601145596,0.026246454120078207
2021-11-19,4.1314849853515625,4.295724868774414,3.8827929496765137,3.964900016784668,387555820,-0.04153734910261242,-0.04242468345554858
2021-11-20,3.9703478813171382,4.173056125640869,3.840467929840088,3.94126296043396,246145451,-0.005961576899958354,-0.005979418042426461
2021-11-21,3.942702054977417,3.943525075912476,3.749782085418701,3.8049330711364746,204550865,-0.03459040684828463,-0.035202818834207075
2021-11-22,3.802921056747437,4.532004833221436,3.709460973739624,4.2414751052856445,757361989,0.11473054216398659,0.10861270948545566
2021-11-23,4.247409820556641,5.091209888458252,4.124794960021973,5.06781816482544,987904090,0.194824451170307,0.17799927180584885
2021-11-24,5.042384147644043,6.131659030914307,4.556894779205322,4.967974185943604,978395499,-0.019701570899846033,-0.01989823418421554
2021-11-25,5.851675033569336,6.386885166168213,5.5255279541015625,5.808178901672363,1420790237,0.16912421125416377,0.1562549311260669
2021-11-26,5.921597957611084,6.102519035339356,4.742793083190918,4.897693157196045,1064977420,-0.15675924586519885,-0.17050276966046357
2021-11-27,4.926554203033447,5.370447158813477,4.684751033782959,4.853271961212158,548920333,-0.009069820129221418,-0.009111201351340002
2021-11-28,4.849116802215576,4.887794017791748,4.228662014007568,4.863851070404053,501294207,0.002179789073524896,0.0021774167800964065
2021-11-29,4.878452777862549,5.033348083496094,4.608986854553223,4.683528900146484,379400333,-0.03707394976684364,-0.037778661167737954
2021-11-30,4.687207221984863,5.044846057891846,4.529758930206299,5.044846057891846,438855358,0.07714634956860422,0.07431527526436538
2021-12-01,5.046619892120361,5.478903770446777,4.819560050964356,4.987939834594727,612844699,-0.011280071313196638,-0.01134417382744644
2021-12-02,4.989818096160889,4.989818096160889,4.656983852386475,4.72745418548584,343520601,-0.05222309365125921,-0.05363613527752477
2021-12-03,4.746796131134033,4.820468902587891,4.025071144104004,4.377219200134277,393542822,-0.07408532618398478,-0.07697319348867142
2021-12-04,4.396008014678955,4.429969787597656,2.808584928512573,3.754400968551636,728846324,-0.14228627882367306,-0.1534848934731404
2021-12-05,3.7400150299072266,3.9580719470977774,3.3446431159973145,3.604796886444092,430085207,-0.03984765701923898,-0.040663316505317855
2021-12-06,3.6022229194641118,3.843646049499512,3.2158749103546143,3.7276339530944815,488763691,0.03407600220481788,0.03350827648445396
2021-12-07,3.723298072814941,4.194253921508789,3.673595905303955,4.164789199829102,459118846,0.11727418846255477,0.110891958597115
2021-12-08,4.162318229675293,4.208412170410156,3.797595024108887,4.171004772186279,350995871,0.00149240983371568,0.0014912972969294673
2021-12-09,4.167558193206787,4.259489059448242,3.608772039413452,3.6586039066314697,309766356,-0.12284830479496878,-0.13107533098037644
2021-12-10,3.6656570434570312,3.7807869911193848,3.327315092086792,3.344188928604126,223994168,-0.08593851262702834,-0.08985743695375356
2021-12-11,3.351396083831787,3.7743520736694336,3.299834012985229,3.729346990585327,232827646,0.11517233930379867,0.10900895736626194
2021-12-12,3.730576038360596,3.879693031311035,3.588274955749512,3.8393609523773193,221861540,0.02949952419812929,0.029072785317683134
2021-12-13,3.848728895187378,3.900691032409668,3.2635440826416016,3.3301329612731934,312600642,-0.13263352870972278,-0.14229370259326835
2021-12-14,3.315185070037842,3.449908971786499,3.2411999702453613,3.409292936325073,191358076,0.023770815151360924,0.023492688238626137
2021-12-15,3.4287779331207275,3.787389039993286,3.239595890045166,3.72340989112854,366173929,0.09213551333669168,0.08813496608555617
2021-12-16,3.703450918197632,4.090028762817383,3.700716018676758,3.830856084823608,401236986,0.028856934056889827,0.02844841322747689
2021-12-17,3.826791048049927,4.447218894958496,3.708062887191773,4.288558006286621,718717326,0.11947771237772509,0.11286224830800343
2021-12-18,4.286194801330566,4.603139877319336,4.111480236053467,4.523867130279541,706747848,0.05486905473774151,0.053416640492664
2021-12-19,4.518805027008057,4.591238975524902,4.118529796600342,4.14617395401001,310724468,-0.08348900738961196,-0.08718121765495211
2021-12-20,4.14788818359375,4.3007121086120605,3.788384914398194,4.1137309074401855,504044681,-0.007824815584123401,-0.007855590095289054
2021-12-21,4.11480188369751,4.632546901702881,4.038977146148682,4.624301910400391,438515958,0.1241138553901946,0.11699504117265833
2021-12-22,4.62290620803833,5.267244815826416,4.618202209472656,5.050278186798096,830592459,0.09211688264549811,0.08811790698448499
2021-12-23,5.050219058990479,5.41114616394043,4.91527795791626,5.186142921447754,790816661,0.026902425891077053,0.026546917563344794
2021-12-24,5.189754962921143,5.612820148468018,5.040291786193848,5.185644149780273,625085472,-9.61739148024332e-05,-9.61785398099165e-05
2021-12-25,5.189294815063477,5.89377498626709,5.137258052825928,5.842753887176514,628699891,0.12671709018523436,0.11930817442763941
2021-12-26,5.837766170501709,6.059820175170898,5.65627908706665,5.733504772186279,678735550,-0.018698222978381973,-0.018875244886158066
2021-12-27,5.7427659034729,5.796267032623291,5.271668910980225,5.273466110229492,474832346,-0.08023690225016888,-0.08363914454433416
2021-12-28,5.279151916503906,5.285715103149414,4.669250965118408,4.731206893920898,798522184,-0.10282785647502635,-0.10850752505151232
2021-12-29,4.727324962615967,5.193443775177002,4.719576835632324,4.827610015869141,878003531,0.02037601062682537,0.020171197235370888
2021-12-30,4.84644889831543,5.268301010131836,4.661808013916016,5.11720609664917,690327644,0.0599874637404596,0.05825708139409651
2021-12-31,5.118381977081299,5.689998149871826,5.0079522132873535,5.345202922821045,858550012,0.04455494304229246,0.04359090287353514
2022-01-01,5.345777988433838,6.274848937988281,5.334856986999512,6.21217679977417,1097934413,0.16219662554841996,0.15031185715131443
2022-01-02,6.211050033569336,6.429839134216309,5.937191009521484,6.030825138092041,865727990,-0.029192933093713846,-0.029627525689471718
2022-01-03,6.0311150550842285,6.686501979827881,5.751461982727051,6.503538131713867,1238072027,0.07838280546986276,0.07546251656609688
2022-01-04,6.505204200744629,6.743055820465088,6.067783832550049,6.068880081176758,1095010329,-0.06683408964999249,-0.06917226934563417
2022-01-05,6.070368766784668,6.407586097717285,5.033635139465332,5.422452926635742,987295272,-0.10651506470625027,-0.11262580485635289
2022-01-06,5.42195987701416,5.511975765228272,5.11560583114624,5.407585144042969,865590992,-0.002741892422844505,-0.002745658295193482
2022-01-07,5.404829025268555,5.412926197052002,4.759623050689697,4.996163845062256,944308485,-0.07608226001470131,-0.07913223729343803
2022-01-08,4.996817111968994,5.220709800720215,4.425032138824463,4.6075520515441895,692356202,-0.07778203549151697,-0.08097367934235503
2022-01-09,4.607771873474121,4.858526229858398,4.525876998901367,4.525876998901367,562401037,-0.01772634399549522,-0.01788533734718224
2022-01-10,4.521903038024902,4.606253147125244,4.065854072570801,4.301743984222412,743379812,-0.04952255987808818,-0.050790852083446913
2022-01-11,4.304295063018799,4.654915809631348,4.271045207977295,4.607398986816406,541471801,0.07105374092810979,0.06864296847760189
2022-01-12,4.607698917388916,5.000748157501221,4.587051868438721,4.901226997375488,597955885,0.06377307704408497,0.06182209471862788
2022-01-13,4.901122093200684,5.169649124145508,4.770269870758057,5.009435176849365,725223891,0.022077773490560615,0.021837588191939712
2022-01-14,5.009903907775879,5.369894981384277,4.66909122467041,5.346951961517334,841389179,0.06737621563160867,0.06520350214331808
2022-01-15,5.347394943237305,5.4691009521484375,5.260361194610596,5.290297031402588,564302252,-0.010595743242598488,-0.010652277835340555
2022-01-16,5.290513038635254,5.355934143066406,5.081890106201172,5.137163162231445,445666556,-0.028946176039295612,-0.02937338075364552
2022-01-17,5.137167930603027,5.161815166473389,4.625194072723389,4.770535945892334,632835384,-0.07136764100361148,-0.07404235692572193
2022-01-18,4.771790027618408,4.834123134613037,4.417871952056885,4.557508945465088,461906026,-0.04465473121750041,-0.045682465848372614
2022-01-19,4.558743953704834,4.56012487411499,4.196609973907471,4.198927879333496,470478337,-0.0786791798814559,-0.08194696449180884
2022-01-20,4.198763847351074,4.548586845397949,3.9619429111480713,3.963968992233277,267724307,-0.055956876100838104,-0.05758343178346176
2022-01-21,3.966315984725952,4.046950817108154,3.234880924224853,3.303929090499878,669632399,-0.16650985490215353,-0.18213340037906736
2022-01-22,3.3073630332946777,3.43981409072876,2.626413106918335,2.874850034713745,623330563,-0.12986932952644392,-0.13911188266517338
2022-01-23,2.876955986022949,3.1394009590148926,2.843790054321289,3.010071039199829,359692071,0.04703584634095459,0.04596316849520931
2022-01-24,3.0123291015625,3.01664400100708,2.37581205368042,2.8151979446411133,559691060,-0.06474036393855975,-0.06693110261375912
2022-01-25,2.814966917037964,3.103890895843506,2.7165210247039795,3.024614095687866,508384805,0.07438771808049527,0.07175093473982341
2022-01-26,3.0241029262542725,3.273658037185669,2.822279930114746,2.8683080673217773,563753598,-0.051678006985728,-0.0530611793184972
2022-01-27,2.8677620887756348,2.919584989547729,2.6658859252929688,2.7836740016937256,326865298,-0.029506616319312284,-0.029950693829914502
2022-01-28,2.7819859981536865,2.939223051071167,2.705967903137207,2.914597988128662,342279892,0.04703280138237309,0.04596026032065179
2022-01-29,2.9149389266967773,3.0732510089874268,2.9027020931243896,2.9864590167999268,277449780,0.024655554201285845,0.024356511433032527
2022-01-30,2.987610101699829,3.238687038421631,2.940148115158081,3.194041013717652,430150304,0.06950773332230575,0.06719848029707587
2022-01-31,3.194098949432373,3.308263063430786,2.9619669914245605,3.2972400188446045,418192255,0.03230985597358882,0.031798870030372885
2022-02-01,3.2949490547180176,3.4895479679107666,3.2718939781188965,3.470513105392456,386516229,0.052550947324898845,0.05121669141227144
2022-02-02,3.4700639247894287,3.494671106338501,3.088417053222656,3.1099300384521484,320173992,-0.10389906506332924,-0.10970222175284593
2022-02-03,3.109265089035034,3.1383628845214844,2.999409914016724,3.100385904312134,242753931,-0.0030689224587073793,-0.0030736412581289455
2022-02-04,3.0999319553375244,3.433227062225342,3.0745880603790283,3.426671028137207,316909364,0.10524016490052523,0.1000626551553542
2022-02-05,3.4272050857543945,3.560041904449463,3.387779951095581,3.430850982666016,297644563,0.0012198295355714261,0.0012190861479994982
2022-02-06,3.4309000968933105,3.520050048828125,3.281577110290528,3.3777830600738525,252341770,-0.015467859974182208,-0.015588735396398228
2022-02-07,3.377819061279297,3.627882957458496,3.3272969722747803,3.573791980743408,409037841,0.05802886602944546,0.05640761664562398
2022-02-08,3.573885917663574,3.713243007659912,3.3092041015625,3.428709030151367,386170107,-0.04059636133658273,-0.04144339727656958
2022-02-09,3.426945924758911,3.537092924118042,3.3566908836364746,3.496835947036743,233636971,0.01986955331767204,0.019674730213453402
2022-02-10,3.4971840381622314,3.499389886856079,3.1871230602264404,3.199755907058716,353054499,-0.0849568136674459,-0.08878401664275992
2022-02-11,3.199944019317627,3.2411038875579834,2.830657958984375,2.8864219188690186,330712163,-0.09792434088440216,-0.10305688315159878
2022-02-12,2.886230945587158,3.0121960639953613,2.8057661056518555,2.872109889984131,247981073,-0.004958398074559889,-0.004970731717257137
2022-02-13,2.8718440532684326,2.9179530143737797,2.733398914337158,2.762200117111206,202397547,-0.03826795529523841,-0.039019406923787955
2022-02-14,2.7592649459838867,2.9001219272613525,2.6728670597076416,2.8990190029144287,276515700,0.04953257548418044,0.048344898847997836
2022-02-15,2.8995790481567383,3.1823930740356445,2.8995790481567383,3.171793937683105,292173569,0.09409215134307547,0.08992493385553241
2022-02-16,3.173443078994751,3.26452898979187,3.06516695022583,3.1800808906555176,315964000,0.0026127021916391158,0.002609295018596683
2022-02-17,3.177130937576294,3.289742946624756,2.8969850540161133,2.9043259620666504,359993317,-0.0867131805983794,-0.09070529722744747
2022-02-18,2.906994104385376,2.990077018737793,2.802377939224243,2.813910007476806,249350165,-0.031131476208512865,-0.03162635865878155
2022-02-19,2.813546895980835,2.864859104156494,2.7217860221862797,2.803093910217285,159807774,-0.003843796436553304,-0.0038512028072220524
2022-02-20,2.802947998046875,2.802947998046875,2.522519111633301,2.5592589378356934,213532727,-0.08698779997802164,-0.0910060359113008
2022-02-21,2.558065891265869,2.687761068344116,2.339035987854004,2.343159914016724,306785725,-0.08443812410858254,-0.08821733015920576
2022-02-22,2.342315912246704,2.4205470085144043,2.234550952911377,2.3989999294281006,283977584,0.023831073191950214,0.023551545422681033
2022-02-23,2.3985960483551025,2.5033059120178223,2.2968881130218506,2.2968881130218506,256897384,-0.042564326556938425,-0.04349674196683635
2022-02-24,2.2953479290008545,2.304341077804565,1.9048689603805544,2.241992950439453,499548227,-0.02389979828411226,-0.024190032146298165
2022-02-25,2.242053985595703,2.4061028957366943,2.2014780044555664,2.352466106414795,280039849,0.04927453315751418,0.048099004571288
2022-02-26,2.353203058242798,2.439845085144043,2.336390972137451,2.382805109024048,210570188,0.012896680010191508,0.012814225997859488
2022-02-27,2.383035898208618,2.39078688621521,2.166184902191162,2.188786029815674,249619714,-0.08142465301656188,-0.08493134504753265
2022-02-28,2.188507080078125,2.4405059814453125,2.140691041946411,2.439809083938598,274565474,0.11468597236252642,0.10857272610758463
2022-03-01,2.4398410320281982,2.5884439945220947,2.4188790321350098,2.542062997817993,326345410,0.041910621020529115,0.041056163280318754
2022-03-02,2.5419249534606934,2.741689920425415,2.478050947189331,2.6418259143829346,406084044,0.039244863974879474,0.03849435708872686
2022-03-03,2.641913890838623,2.662777900695801,2.458473920822144,2.5066161155700684,251071020,-0.051180434742782,-0.05253662989604045
2022-03-04,2.506988048553467,2.5125300884246826,2.2329320907592773,2.248199939727783,221747297,-0.10309363856599751,-0.10880381319295192
2022-03-05,2.2490930557250977,2.2764039039611816,2.1974239349365234,2.2465898990631104,136882565,-0.0007161465651794874,-0.0007164031206257437
2022-03-06,2.2469539642333984,2.264431953430176,2.0647940635681152,2.0647940635681152,173195978,-0.08092079269599184,-0.0843829717615732
2022-03-07,2.064984083175659,2.129635095596313,1.9370219707489011,1.9908560514450075,212354749,-0.03580890386489066,-0.03646577151175817
2022-03-08,1.9903719425201416,2.1183550357818604,1.9771419763565063,2.0333669185638428,190643115,0.021353059196811186,0.02112827685872336
2022-03-09,2.0337231159210205,2.204240083694458,2.030888080596924,2.1588408946990967,179771907,0.06170749361058525,0.05987845513679691
2022-03-10,2.158768892288208,2.160655975341797,1.969547986984253,2.044837951660156,204839646,-0.052807477993801255,-0.05425290972498893
2022-03-11,2.044574022293091,2.097011089324951,1.9509190320968628,1.9717990159988403,167669683,-0.03571869135254302,-0.036372212991356505
2022-03-12,1.9718589782714844,2.057677984237671,1.9714579582214355,1.979794979095459,108161128,0.004055161318035294,0.004046961312133656
2022-03-13,1.9792660474777224,2.0270259380340576,1.9033299684524536,1.9230509996414185,117814054,-0.028661543267457956,-0.029080306304468454
2022-03-14,1.922929048538208,1.9880870580673216,1.9037920236587524,1.9522889852523804,279441875,0.015203957469881901,0.015089535627426574
2022-03-15,1.952353954315185,1.9976539611816408,1.8755970001220703,1.9549089670181277,254283032,0.0013420050953207863,0.001341105411313248
2022-03-16,1.9546619653701784,2.093626022338867,1.9180270433425903,2.093626022338867,219824902,0.07095831962565913,0.06855387345869791
2022-03-17,2.093300104141236,2.173211097717285,2.0414888858795166,2.124030113220215,204156019,0.014522216745941119,0.014417779251381574
2022-03-18,2.123853921890259,2.2516469955444336,2.0835869312286377,2.244837045669556,239401743,0.05687628047146065,0.055317652233744914
2022-03-19,2.2444849014282227,2.320417881011963,2.2295470237731934,2.281688928604126,203383876,0.01641628420453034,0.016282993788235826
2022-03-20,2.281799077987671,2.296129941940308,2.129417896270752,2.147130012512207,190843721,-0.058973383446374705,-0.06078385440504374
2022-03-21,2.147062063217163,2.2346749305725098,2.1140871047973637,2.198508977890014,196292162,0.023929135673387725,0.023647320778689935
2022-03-22,2.1986019611358643,2.320482015609741,2.183173894882202,2.2656381130218506,199632154,0.030533937230614594,0.03007705358690474
2022-03-23,2.265839099884033,2.3839828968048096,2.2402420043945312,2.382323980331421,200287440,0.051502429553472506,0.050220026717598586
2022-03-24,2.382267951965332,2.4284780025482178,2.344799041748047,2.381221055984497,187971850,-0.0004629615266561471,-0.0004630687264312535
2022-03-25,2.3813509941101074,2.4256389141082764,2.2681729793548584,2.283176898956299,172968055,-0.041173899744332054,-0.04204555499885133
2022-03-26,2.283198118209839,2.4119250774383545,2.2815449237823486,2.40683388710022,125138583,0.05416005575408911,0.05274429414444729
2022-03-27,2.406929016113281,2.6441049575805664,2.3964529037475586,2.613679885864258,265468338,0.08594111952331196,0.0824470022917352
2022-03-28,2.613771915435791,2.715682983398437,2.573503017425537,2.582503080368042,285960281,-0.011928318255357673,-0.0120000314929456
2022-03-29,2.580781936645508,2.8792150020599365,2.580142021179199,2.8112709522247314,380674073,0.08858377501880343,0.08487756245971351
2022-03-30,2.810746908187866,2.8978259563446045,2.712188005447388,2.8118350505828857,300104434,0.0002006559907390404,0.0002006358620183179
2022-03-31,2.8121941089630127,2.932162046432495,2.6136250495910645,2.627007007598877,315802241,-0.06573217833161815,-0.06799213488905997
2022-04-01,2.629296064376831,2.8274590969085693,2.577943086624145,2.798325061798096,271271653,0.06521415957538923,0.06317586774892747
2022-04-02,2.7987020015716557,2.945669889450073,2.7864460945129395,2.8835229873657227,319335806,0.030446043145852864,0.029991760099678372
2022-04-03,2.88576602935791,3.031558990478516,2.838515043258667,2.948965072631836,268729316,0.02269518417326677,0.022441479884810035
2022-04-04,2.949065923690796,2.9820239543914795,2.7555320262908936,2.911367893218994,265945561,-0.012749279318960416,-0.012831248827253118
2022-04-05,2.9122281074523926,2.956537961959839,2.810976028442383,2.8124589920043945,220996207,-0.03397334340499292,-0.03456385033150115
2022-04-06,2.8125569820404053,2.8126609325408936,2.502764940261841,2.5030410289764404,262174229,-0.11001687985766395,-0.11655278256801757
2022-04-07,2.503603935241699,2.5652570724487305,2.450778007507324,2.540117025375366,180170751,0.014812380608114628,0.014703748715982701
2022-04-08,2.5400118827819824,2.5764269828796387,2.3314568996429443,2.3408610820770264,175452258,-0.07844360764004354,-0.08169130747776543
2022-04-09,2.340985059738159,2.474817037582397,2.322235107421875,2.473154067993164,128833180,0.05651466758495349,0.054975441162604756
2022-04-10,2.4732439517974854,2.5100960731506348,2.415318012237549,2.415318012237549,134963695,-0.023385545002679975,-0.02366332611523214
2022-04-11,2.4141321182250977,2.4434258937835693,2.1501801013946533,2.164762020111084,187097456,-0.10373623301651691,-0.10952052653525338
2022-04-12,2.165580987930298,2.2725989818573,2.1623010635375977,2.220881938934326,151674334,0.02592429019997433,0.025593952797775984
2022-04-13,2.220802068710327,2.302694082260132,2.187485933303833,2.294243097305298,135910739,0.03303244404165562,0.03249859723544117
2022-04-14,2.293958902359009,2.32256293296814,2.2059030532836914,2.228705883026123,114749628,-0.028565941576178866,-0.028981888511741383
2022-04-15,2.2286880016326904,2.266643047332764,2.192657947540283,2.2253549098968506,89687102,-0.0015035510763414806,-0.0015046825435491074
2022-04-16,2.2251999378204346,2.250148057937622,2.197316884994507,2.238084077835083,78632088,0.00572006194680319,0.0057037645111589295
2022-04-17,2.238002061843872,2.342108964920044,2.2120370864868164,2.2149438858032227,121655199,-0.010339286294482775,-0.010393108021940016
2022-04-18,2.21124005317688,2.21124005317688,2.064613103866577,2.1862130165100098,167301953,-0.012971375698212828,-0.013056238650252284
2022-04-19,2.185983896255493,2.336199998855591,2.1617488861083984,2.31296706199646,170414780,0.0579788174936382,0.0563603119631256
2022-04-20,2.3128139972686768,2.408813953399658,2.2705399990081787,2.328986883163452,193669803,0.006926091352621455,0.006902216159692835
2022-04-21,2.3288350105285645,2.403250932693481,2.191662073135376,2.197601079940796,178504802,-0.05641328603972018,-0.05806701170853214
2022-04-22,2.1981630325317383,2.577392101287842,2.1938300132751465,2.4901440143585205,417854905,0.1331192167168056,0.12497419867881261
2022-04-23,2.4896020889282227,2.7254419326782227,2.468626022338867,2.6747350692749023,407277468,0.07412866639519788,0.07150979002393991
2022-04-24,2.673675060272217,2.7487380504608154,2.6104071140289307,2.692363977432251,304815606,0.006590898799606171,0.006569273792927605
2022-04-25,2.694341897964477,2.760488986968994,2.495932102203369,2.742037057876587,295412126,0.018449615602014413,0.018281486243618833
2022-04-26,2.742003917694092,2.7621099948883057,2.363524913787842,2.3675050735473637,228840866,-0.13658895792577574,-0.14686440688274743
2022-04-27,2.368349075317383,2.533289909362793,2.3663759231567383,2.487279891967773,190477113,0.05059115596358321,0.04935301142079864
2022-04-28,2.4872419834136963,2.5298280715942383,2.3831429481506348,2.398703098297119,191725423,-0.035611912417535696,-0.0362614849056357
2022-04-29,2.398345947265625,2.423661947250366,2.213387966156006,2.233778953552246,161008809,-0.06875554747144641,-0.07123346632242916
2022-04-30,2.2329249382019043,2.2451701164245605,1.998517990112305,2.002880096435547,149004499,-0.10336692301156947,-0.10910855636372634
2022-05-01,2.0024070739746094,2.080890893936157,1.9673049449920652,2.070971965789795,176313379,0.03399697739042318,0.033431852861871135
2022-05-02,2.07155704498291,2.129547119140625,2.001210927963257,2.1046619415283203,164030218,0.016267712115396682,0.016136810623841147
2022-05-03,2.104748010635376,2.2078208923339844,2.043637990951538,2.156079053878784,183650341,0.024430105061493457,0.024136462905843856
2022-05-04,2.1560299396514893,2.635262966156006,2.149755954742432,2.603585958480835,375812472,0.207555888916497,0.18859839029045636
2022-05-05,2.6025350093841557,2.64431095123291,2.283329963684082,2.456576108932495,342695151,-0.05646437332690124,-0.05812115476655603
2022-05-06,2.456661939620972,2.505229949951172,2.209233045578003,2.3009650707244877,283985936,-0.0633446843524128,-0.06543992392159284
2022-05-07,2.300879955291748,2.359226942062378,2.193609952926636,2.2345681190490723,199859304,-0.0288561319422852,-0.029280656828120363
2022-05-08,2.234299898147583,2.4438259601593018,2.187886953353882,2.346924066543579,292993868,0.05028083348039547,0.049057588865779655
2022-05-09,2.346909046173096,2.379796028137207,1.926481008529663,1.926481008529663,316069753,-0.17914642574402562,-0.19741053591598073
2022-05-10,1.9256960153579712,2.1452410221099854,1.878991961479187,1.9823030233383176,352289305,0.02897615629819228,0.028564284861570668
2022-05-11,1.980540990829468,2.0207560062408447,1.3998719453811646,1.4850510358810425,416173096,-0.25084559807605644,-0.2888101726189787
2022-05-12,1.4890639781951904,1.5701199769973757,1.0997140407562256,1.3080379962921145,304491202,-0.11919660355908968,-0.12692083749469107
2022-05-13,1.3065630197525024,1.5853389501571655,1.2838430404663086,1.319970965385437,217928167,0.009122800046442725,0.00908143867016102
2022-05-14,1.3201839923858645,1.4208630323410034,1.2555619478225708,1.4188669919967651,149174306,0.07492288027899918,0.07224891973089163
2022-05-15,1.418974995613098,1.5054750442504885,1.3721909523010254,1.5050660371780396,104820544,0.06075202655885792,0.05897811559468517
2022-05-16,1.505059003829956,1.505059003829956,1.3257700204849243,1.3657679557800293,113598726,-0.09255280363590601,-0.09711990036068179
2022-05-17,1.3658230304718018,1.4575849771499634,1.3010059595108032,1.3914330005645752,142669484,0.01879165833107277,0.018617276350219147
2022-05-18,1.3913220167160034,1.4157379865646362,1.212797999382019,1.2271859645843506,143921859,-0.11804164189981203,-0.12561043712825196
2022-05-19,1.2272499799728394,1.2650409936904907,1.0174150466918943,1.0783369541168213,343010572,-0.12129295376837579,-0.1293037175849569
2022-05-20,1.0778989791870115,1.175271987915039,1.0682560205459597,1.1381059885025024,194184195,0.0554270482500836,0.053945470095823615
2022-05-21,1.1377660036087036,1.233667016029358,1.1183969974517822,1.2133790254592896,174086839,0.06613886379407408,0.06404358348307913
2022-05-22,1.2133649587631226,1.28302001953125,1.1960489749908447,1.278993010520935,128366546,0.05407542382464481,0.05266400716482899
2022-05-23,1.278630018234253,1.4109070301055908,1.2540980577468872,1.2983529567718506,194783002,0.015136866340677013,0.015023447088554178
2022-05-24,1.2983369827270508,1.301453948020935,1.194432020187378,1.2547149658203125,122341344,-0.03361026808922363,-0.03418807695035902
2022-05-25,1.2547969818115234,1.27851402759552,1.2121740579605105,1.231698989868164,107830833,-0.01834358924467039,-0.018513919067016178
2022-05-26,1.2320209741592407,1.2570359706878662,1.0990370512008667,1.209089994430542,159545069,-0.018355942177107787,-0.018526502910024688
2022-05-27,1.2082509994506836,1.21869695186615,1.118561029434204,1.1687999963760376,158822287,-0.03332257998998678,-0.033890427589264686
2022-05-28,1.2104860544204712,1.2821580171585083,1.16914701461792,1.2225550413131714,136812522,0.04599165392180504,0.044965386568647035
2022-05-29,1.2223910093307495,1.2548880577087402,1.1812540292739868,1.2524199485778809,92824174,0.024428272147674512,0.024134673700851133
2022-05-30,1.2522629499435425,1.3941019773483276,1.2391070127487185,1.38508403301239,143774951,0.10592619878432052,0.10068317283061831
2022-05-31,1.3850719928741455,1.4576770067214966,1.3262900114059448,1.382200002670288,153951920,-0.002082206041917445,-0.0020843768468167823
2022-06-01,1.3821940422058103,1.421051025390625,1.2387620210647583,1.2720659971237185,142504318,-0.07968022379814821,-0.08303408650386852
2022-06-02,1.2711260318756104,1.2711260318756104,1.2094630002975464,1.2551319599151611,105673089,-0.013312231634873606,-0.013401633704289222
2022-06-03,1.254870057106018,1.2662789821624756,1.1698700189590454,1.1732980012893677,82811455,-0.06519948598179659,-0.06742212644787694
2022-06-04,1.1733330488204956,1.1872169971466064,1.1519500017166138,1.178225040435791,70184797,0.004199307542507524,0.004190515056895454
2022-06-05,1.1782269477844238,1.2400929927825928,1.1563270092010498,1.2103040218353271,77022950,0.027226531688437916,0.026862482755933628
2022-06-06,1.2104729413986206,1.322152018547058,1.210170030593872,1.2862999439239502,105094542,0.06279077051514825,0.060898250743823455
2022-06-07,1.2862850427627563,1.2862850427627563,1.1631619930267334,1.190269947052002,105474158,-0.07465599087177277,-0.0775897088477846
2022-06-08,1.1901819705963137,1.211372971534729,1.147621989250183,1.157968044281006,77740575,-0.027138299888188833,-0.02751334450212133
2022-06-09,1.1582180261611938,1.1772140264511108,1.1378899812698364,1.149003982543945,72562815,-0.007741199579153202,-0.007771318201480942
2022-06-10,1.1489520072937012,1.1624209880828855,1.0254549980163574,1.0260740518569946,90927316,-0.1069882546575498,-0.11315554551301817
2022-06-11,1.026630997657776,1.0569390058517456,0.8931919932365417,0.9056540131568908,140213695,-0.11735998827976113,-0.1248378492514691
2022-06-12,0.905784010887146,0.9511460065841676,0.8473759889602661,0.8669580221176147,131725136,-0.04272712368864917,-0.04366679096162872
2022-06-13,0.8663650155067444,0.8694030046463013,0.6344839930534363,0.7137119770050049,231643038,-0.1767629356935807,-0.1945110708082152
2022-06-14,0.7138010263442993,0.7419040203094482,0.6453689932823181,0.730800986289978,121656330,0.023943845466465108,0.023661686701980204
2022-06-15,0.7314159870147705,0.7687510251998901,0.612047016620636,0.7668480277061462,145933820,0.04932538692806987,0.04814746904522505
2022-06-16,0.7670429944992065,0.7839710116386414,0.6497300267219543,0.66041499376297,96614488,-0.13879286390231294,-0.14942022730042703
2022-06-17,0.6606799960136414,0.6931440234184265,0.6545490026473999,0.6622070074081421,64453169,0.0027134660207537298,0.0027097912179648315
2022-06-18,0.6623240113258362,0.6743260025978088,0.5429450273513794,0.5830050110816956,96546275,-0.11960307795056524,-0.12738242541791045
2022-06-19,0.5830950140953064,0.6595289707183838,0.5552229881286621,0.6470239758491516,90518105,0.10980860121369562,0.10418756911723731
2022-06-20,0.6469399929046631,0.7302600145339966,0.6115580201148987,0.7031630277633667,121993617,0.08676502573268396,0.08320541709224843
2022-06-21,0.702970027923584,0.789089024066925,0.6909199953079224,0.7243559956550598,134739772,0.030139479828886984,0.029694210383047218
2022-06-22,0.7247949838638306,0.7789180278778076,0.6865090131759644,0.6985089778900146,109592245,-0.0356827553303688,-0.036334946529534715
2022-06-23,0.6990669965744019,0.8318920135498047,0.6973909735679626,0.8308190107345581,165579363,0.189417798528821,0.1734639424703219
2022-06-24,0.8307309746742249,0.8679479956626892,0.8012999892234802,0.846081018447876,126385181,0.018369834483956016,0.018203147323499203
2022-06-25,0.8459380269050598,0.8503440022468567,0.7868890166282654,0.8209930062294006,105479155,-0.02965202110845011,-0.030100530691611595
2022-06-26,0.8207100033760071,0.8465759754180908,0.751010000705719,0.7512840032577515,99660374,-0.08490815688163267,-0.08873084375109706
2022-06-27,0.7512120008468628,0.7887799739837646,0.7252240180969238,0.73573899269104,92667948,-0.020691257233355742,-0.020908320727951648
2022-06-28,0.7356860041618347,0.773360013961792,0.6941369771957397,0.6975110173225403,94267898,-0.05195860998025548,-0.053357117321820656
2022-06-29,0.6973689794540405,0.7208489775657654,0.6894609928131104,0.7046769857406616,101994623,0.01027362757025485,0.010221212547799815
2022-06-30,0.7051209807395935,0.7133849859237671,0.6389700174331665,0.6825429797172546,104332141,-0.031410144607096346,-0.03191402254204129
2022-07-01,0.6843339800834656,0.8199509978294373,0.6677299737930298,0.7461490035057068,170902447,0.0931897707230116,0.08909981784085079
2022-07-02,0.7464669942855835,0.7952820062637329,0.7343479990959167,0.776993989944458,114162488,0.041338909914546695,0.04050729852662959
2022-07-03,0.7767689824104309,0.8107039928436279,0.7612720131874084,0.7950869798660278,106794524,0.02328588142987198,0.023018901917641423
2022-07-04,0.7951110005378723,0.8768680095672607,0.778918981552124,0.8643550276756287,154289171,0.08712008819622796,0.08353207875842969
2022-07-05,0.8639349937438965,1.0067299604415894,0.8317769765853882,0.9598569869995116,238865294,0.11048927381229112,0.10480070542437507
2022-07-06,0.9606209993362428,0.997991979122162,0.922228991985321,0.9621220231056212,208588418,0.002359764149021837,0.002356984277970129
2022-07-07,0.9623050093650818,1.053315043449402,0.9423559904098512,1.052693009376526,161070551,0.09413669378292777,0.08996564480764116
2022-07-08,1.0528340339660645,1.0621299743652344,0.9904659986495972,1.0119199752807615,148053806,-0.038732122026642,-0.03950215966334259
2022-07-09,1.011826992034912,1.0512479543685913,1.0097010135650637,1.01677405834198,126678982,0.004796904083123499,0.004785435599585824
2022-07-10,1.0168240070343018,1.0190030336380005,0.9518679976463318,0.9548760056495668,114280792,-0.06087690001980217,-0.06280871147580103
2022-07-11,0.9546729922294616,0.9546729922294616,0.8821529746055603,0.8888739943504333,114288891,-0.06912102818442345,-0.07162600820541291
2022-07-12,0.8888970017433167,0.9165949821472168,0.8772420287132263,0.8784360289573669,124332895,-0.011742907835541105,-0.011812400342897841
2022-07-13,0.8783220052719116,1.052603006362915,0.8709980249404907,1.0518829822540283,227361966,0.19744972608025768,0.18019406702520324
2022-07-14,1.051574945449829,1.1800119876861572,1.0129090547561646,1.172469973564148,264531913,0.1146391693225417,0.10853073758010029
2022-07-15,1.1722439527511597,1.1764830350875854,1.1030340194702148,1.1089739799499512,184474683,-0.054155752425094184,-0.05567736664092165
2022-07-16,1.1089370250701904,1.1904330253601074,1.0906089544296265,1.1734319925308228,150405022,0.05812400808879259,0.05649753648135501
2022-07-17,1.1736149787902832,1.1787890195846558,1.0826209783554075,1.0826209783554075,148598925,-0.07738924347848808,-0.08054784900430062
2022-07-18,1.0827579498291016,1.3574090003967283,1.0827579498291016,1.3427009582519531,289495020,0.2402317940408185,0.21529829282566273
2022-07-19,1.3421889543533323,1.3624509572982788,1.2416280508041382,1.2446500062942505,276174454,-0.07302515973873591,-0.07582885481884151
2022-07-20,1.2464170455932615,1.2743480205535889,1.145717978477478,1.156167984008789,241108971,-0.07108988216607393,-0.07374329637332834
2022-07-21,1.1563760042190552,1.4148199558258057,1.1099259853363037,1.400138020515442,358147530,0.21101608060511579,0.1914597432648869
2022-07-22,1.4013429880142212,1.5334219932556152,1.3876080513000488,1.4373400211334229,374943961,0.026570238128585055,0.026223380005518795
2022-07-23,1.4368879795074463,1.4924910068511963,1.3512059450149536,1.3972469568252563,247819195,-0.02789393165059917,-0.0282903566590125
2022-07-24,1.3973920345306396,1.4338719844818115,1.3641949892044067,1.3786749839782717,177227585,-0.013291832740278675,-0.013380959804817346
2022-07-25,1.378653049468994,1.3859820365905762,1.1823819875717163,1.1823819875717163,220142983,-0.14237800691801705,-0.15359184407606782
2022-07-26,1.1823899745941162,1.188673973083496,1.1006590127944946,1.165094971656799,193069709,-0.014620500055502306,-0.014728432879524897
2022-07-27,1.1653059720993042,1.3273890018463137,1.1299200057983398,1.326861023902893,237409438,0.13884366183132513,0.1300134158969339
2022-07-28,1.3257189989089966,1.5569130182266235,1.258821964263916,1.5395629405975342,367289040,0.16030459321880564,0.14868255101112327
2022-07-29,1.5415990352630615,1.563256025314331,1.4078929424285889,1.432163953781128,332799336,-0.06975939988184088,-0.07231201648997396
2022-07-30,1.4318870306015017,1.470702052116394,1.3466529846191406,1.3566490411758425,258566389,-0.05272784055618407,-0.05416883590884036
2022-07-31,1.356775999069214,1.4261749982833862,1.311959981918335,1.3204209804534912,202450022,-0.026704077195198184,-0.02706710860109977
2022-08-01,1.3204410076141355,1.357664942741394,1.277135968208313,1.308218002319336,174120902,-0.009241732988795937,-0.009284702751397375
2022-08-02,1.3085390329360962,1.3803770542144775,1.2239409685134888,1.337218999862671,241253689,0.022168321710845706,0.021926176567436048
2022-08-03,1.3369760513305664,1.4262919425964355,1.2881200313568115,1.3334399461746216,231846604,-0.002826054437184533,-0.002830055268514766
2022-08-04,1.3335150480270386,1.391471028327942,1.2988380193710327,1.329998016357422,184400701,-0.0025812409678244164,-0.0025845781141809656
2022-08-05,1.3291319608688354,1.4400370121002195,1.3249640464782717,1.4400160312652588,214031106,0.08272043533504836,0.07947679557707096
2022-08-06,1.4399770498275757,1.4462519884109497,1.3722660541534424,1.3744059801101685,138424098,-0.04556202829036737,-0.046632623040967984
2022-08-07,1.3744380474090576,1.4212989807128906,1.3602850437164309,1.3996069431304932,107159911,0.018335894477339743,0.018169818987317104
2022-08-08,1.3996740579605105,1.4904719591140747,1.396599054336548,1.4246469736099243,152474296,0.017890758975104948,0.017732602915549265
2022-08-09,1.4248390197753906,1.4278500080108645,1.2621990442276,1.290390968322754,170683359,-0.09423808689038105,-0.0989787965364845
2022-08-10,1.2901010513305664,1.3884589672088623,1.2520740032196045,1.3846670389175415,215469221,0.07306008249370133,0.07051445694922168
2022-08-11,1.3848600387573242,1.4342149496078491,1.3551959991455078,1.3611949682235718,198232900,-0.01695141866908234,-0.01709673855981671
2022-08-12,1.361186981201172,1.4161310195922852,1.3394290208816528,1.4161310195922852,115688218,0.040358694126240824,0.03956555188787841
2022-08-13,1.4163479804992676,1.4624849557876587,1.4103410243988037,1.4319850206375122,114013362,0.0111952925441825,0.011133089083344688
2022-08-14,1.4322830438613892,1.484740972518921,1.3710919618606567,1.3895180225372314,125051634,-0.029656035145796955,-0.030104667398995564
2022-08-15,1.3896900415420532,1.4508390426635742,1.3123339414596558,1.3359930515289309,145358761,-0.03852053024153301,-0.03928206648655289
2022-08-16,1.3350969552993774,1.3401750326156616,1.2853269577026367,1.2893190383911133,122526947,-0.03493582027571407,-0.035560672368369274
2022-08-17,1.288985013961792,1.3317879438400269,1.1741909980773926,1.1782820224761963,175013489,-0.0861206672736915,-0.09005673733072769
2022-08-18,1.1788159608840942,1.217924952507019,1.1125320196151731,1.1153010129928589,116166105,-0.05345155767630305,-0.05493312916309383
2022-08-19,1.115259051322937,1.115259051322937,1.0156370401382446,1.051084041595459,167999720,-0.05757815213049666,-0.05930228313038437
2022-08-20,1.0507830381393433,1.0909440517425537,0.976311981678009,1.0003819465637207,143676427,-0.04823790774596548,-0.04944017851625487
2022-08-21,1.0001059770584106,1.048225998878479,0.994013011455536,1.0270949602127075,106976940,0.026702814600708447,0.02635251672421425
2022-08-22,1.0268659591674805,1.100685954093933,0.980010986328125,1.1002750396728516,174682671,0.07124957505875473,0.06882579425183191
2022-08-23,1.1001189947128296,1.1954460144042969,1.0691380500793457,1.184062957763672,205125564,0.0761517939330274,0.0733915242182775
2022-08-24,1.1840920448303225,1.2186919450759888,1.1394200325012207,1.1783100366592407,147988542,-0.0048586277162971925,-0.004870469219145955
2022-08-25,1.1782560348510742,1.2320289611816406,1.171138048171997,1.1801400184631348,123035169,0.0015530562814201065,0.0015518515367097363
2022-08-26,1.1801300048828125,1.2065379619598389,1.0475200414657593,1.0528650283813477,153205414,-0.1078473639488422,-0.11411804439163152
2022-08-27,1.0530459880828855,1.0647759437561035,1.0237189531326294,1.0455039739608765,101748486,-0.006991451156648232,-0.007016005866921131
2022-08-28,1.0456169843673706,1.057183027267456,0.9920870065689088,0.9923710227012634,87711352,-0.050820420182928316,-0.05215726769758463
2022-08-29,0.9919220209121704,1.081684947013855,0.982591986656189,1.0791629552841189,98736816,0.08745915650237879,0.08384392603621942
2022-08-30,1.0792969465255735,1.1142719984054563,1.0252050161361694,1.061777949333191,96146046,-0.016109713427246874,-0.016240885531592666
2022-08-31,1.0616559982299805,1.1789569854736328,1.0616559982299805,1.1470550298690796,133985838,0.08031536216159285,0.07725300051331614
2022-09-01,1.1476939916610718,1.1607520580291748,1.067581057548523,1.15312397480011,111407717,0.005290892566613081,0.005276944969731543
2022-09-02,1.153067946434021,1.1782130002975464,1.0824240446090698,1.092494010925293,116647201,-0.052578877206440056,-0.05401159320212105
2022-09-03,1.0925970077514648,1.106253981590271,1.062311053276062,1.0716090202331543,75912265,-0.019116801083833845,-0.019301889791642737
2022-09-04,1.0715709924697876,1.100864052772522,1.0529019832611084,1.088536024093628,62386297,0.015795876612526794,0.01567242012546617
2022-09-05,1.0889029502868652,1.1520400047302246,1.062952995300293,1.1494879722595217,71449161,0.05599442445338054,0.05448290539643848
2022-09-06,1.1496529579162598,1.193418025970459,1.0269089937210083,1.037670016288757,157077858,-0.09727631664641667,-0.102338770893261
2022-09-07,1.0371899604797363,1.1798009872436523,1.0204099416732788,1.1665469408035278,125897937,0.12419836989768784,0.11707022157383436
2022-09-08,1.1665329933166504,1.1739879846572876,1.1103709936141968,1.1287750005722046,106567112,-0.0323792716007687,-0.03291507798788585
2022-09-09,1.1286970376968384,1.2409160137176514,1.1281449794769287,1.2048059701919556,152218878,0.06735706370287176,0.06518555898487029
2022-09-10,1.2047959566116333,1.2695139646530151,1.1697330474853516,1.2458089590072632,124188161,0.034032856600781036,0.03346655179103717
2022-09-11,1.2456330060958862,1.2506710290908811,1.1637979745864868,1.1825920343399048,110625513,-0.05074367479082309,-0.05207641651694288
2022-09-12,1.182677984237671,1.1999109983444214,1.134443998336792,1.141942024230957,113837048,-0.03437365458971453,-0.034978325591847416
2022-09-13,1.1418819427490234,1.1459519863128662,1.0478630065917969,1.0847569704055786,148870467,-0.05007702020940141,-0.05137437157885025
2022-09-14,1.05315101146698,1.1209779977798462,1.0384910106658936,1.070739984512329,121373051,-0.0129217753613593,-0.013005987736133234
2022-09-15,1.0705419778823853,1.085840940475464,1.0262140035629272,1.0509990453720093,112627843,-0.01843672546637065,-0.018608800167147797
2022-09-16,1.0510250329971311,1.0711690187454224,1.0300110578536987,1.054764986038208,80174064,0.0035832008437892693,0.003576796473848818
2022-09-17,1.055780053138733,1.0844919681549072,1.0463130474090576,1.0824090242385864,52223694,0.02620871811853731,0.02587115502514754
2022-09-18,1.0825190544128418,1.084318995475769,0.9333119988441468,0.9383739829063416,91443889,-0.13306895832059917,-0.14279584206676624
2022-09-19,0.9383789896965028,0.9876149892807008,0.9068390130996704,0.98403799533844,110617635,0.048662914002227,0.047515937451300456
2022-09-20,0.9839419722557068,0.9848510026931764,0.9430450201034546,0.9456369876861572,72400041,-0.03902390744482953,-0.03980574799541925
2022-09-21,0.9455919861793518,0.9575639963150024,0.844573974609375,0.8645420074462891,118503156,-0.08575698845948942,-0.08965886590801883
2022-09-22,0.8639320135116577,0.9266080260276794,0.8624230027198792,0.9161890149116516,69722147,0.05973915324012902,0.058022795991934516
2022-09-23,0.9158260226249696,0.9713910222053528,0.8748480081558228,0.9435960054397584,76044695,0.02991412261229698,0.029475422660997744
2022-09-24,0.9437190294265748,0.948511004447937,0.9165719747543336,0.920648992061615,46893910,-0.024318684316016248,-0.02461926670416343
2022-09-25,0.9207220077514648,0.9293969869613647,0.8814370036125183,0.8893880248069763,40676930,-0.033955359234832616,-0.03454523386513639
2022-09-26,0.8892509937286377,0.9315639734268188,0.8745430111885071,0.9277899861335754,96689820,0.04317796086239589,0.042271785493154045
2022-09-27,0.9279410243034364,0.97673898935318,0.9070770144462584,0.9151419997215272,82119660,-0.013632380820099987,-0.01372615494181455
2022-09-28,0.9149739742279052,0.9386079907417296,0.8686550259590149,0.9373199939727784,66090334,0.024234484110662535,0.023945488792795403
2022-09-29,0.9370219707489014,0.9443759918212892,0.9014639854431152,0.9279739856719972,58520366,-0.00997099001502011,-0.0100210332676952
2022-09-30,0.9276700019836426,0.9430660009384156,0.9086639881134032,0.9159520268440248,60839249,-0.0129550601779711,-0.013039708850615013
2022-10-01,0.915910005569458,0.9249730110168456,0.8875499963760376,0.8908010125160217,41205111,-0.02745887731114327,-0.027842918842303138
2022-10-02,0.8907579779624939,0.9067760109901428,0.8587960004806519,0.8601880073547363,38040955,-0.03436570539454209,-0.03497009346097106
2022-10-03,0.8602160215377808,0.9014099836349488,0.8543930053710938,0.898347020149231,45329105,0.044361247155539685,0.04340545178821461
2022-10-04,0.8984240293502808,0.917273998260498,0.8884080052375793,0.9117550253868104,50485620,0.014925195872917962,0.014814911130500439
2022-10-05,0.9117609858512878,0.9135239720344543,0.8780590295791626,0.9059590101242064,58548163,-0.006356987459592012,-0.006377279146081797
2022-10-06,0.905951976776123,0.9330940246582032,0.8908249735832214,0.891273021697998,79215206,-0.016210433653278566,-0.016343260138894988
2022-10-07,0.8913469910621643,0.901520013809204,0.8731240034103394,0.8968819975852966,38937769,0.006293218520866617,0.006273498911156487
2022-10-08,0.8967660069465637,0.9096750020980836,0.8759509921073914,0.8827530145645142,32271037,-0.015753447007323618,-0.01587885133086788
2022-10-09,0.8828700184822083,0.8904970288276672,0.8768330216407776,0.8826310038566589,24195030,-0.00013821613275988298,-0.00013822568548979826
2022-10-10,0.8826090097427368,0.8904250264167786,0.8499230146408081,0.8539509773254395,37390422,-0.03249379005031772,-0.033033435546155815
2022-10-11,0.853643000125885,0.8536440134048462,0.8137480020523071,0.8183249831199646,42062541,-0.041719015671197957,-0.04261424095900477
2022-10-12,0.8183659911155701,0.8378949761390686,0.8171470165252686,0.822646975517273,32946957,0.005281510996804961,0.0052676127320149995
2022-10-13,0.8222799897193909,0.8244630098342896,0.7333980202674866,0.8012199997901917,81039410,-0.026046379996241042,-0.026391594539333943
2022-10-14,0.8010619878768921,0.8456069827079773,0.797074019908905,0.8114659786224365,55515249,0.012787971886532912,0.012706896237858428
2022-10-15,0.8115950226783752,0.8251060247421265,0.8010150194168091,0.8057379722595215,37070095,-0.007058837355866765,-0.007083868813152455
2022-10-16,0.8057590126991272,0.8211129903793335,0.8024799823760986,0.8166139721870422,31593411,0.013498184648070177,0.01340789573719382
2022-10-17,0.8166170120239258,0.9009220004081726,0.8118029832839966,0.8900079727172852,69847927,0.08987600387693617,0.08606393185906268
2022-10-18,0.8900330066680908,0.9185370206832886,0.8684800267219543,0.9117209911346436,69889571,0.024396431361245474,0.024103591699177616
2022-10-19,0.9117519855499268,0.913936972618103,0.8503550291061401,0.8513649702072144,56061617,-0.0662001001559871,-0.06849310370166416
2022-10-20,0.8505740165710449,0.8822429776191711,0.8391860127449036,0.8472660183906555,55353087,-0.00481456479887965,-0.0048261921514211594
2022-10-21,0.8471289873123169,0.9028949737548828,0.8394160270690918,0.8947669863700867,58075837,0.056063818149649336,0.05454861731185255
2022-10-22,0.8947229981422424,0.8952239751815796,0.8711869716644287,0.8765029907226562,36566818,-0.02041201332374165,-0.020623217478445473
2022-10-23,0.8764979839324951,0.920678973197937,0.8533840179443359,0.91772198677063,44629508,0.047026646211429046,0.04595438162322404
2022-10-24,0.9181020259857178,0.92289400100708,0.8756600022315979,0.8766800165176392,47441646,-0.04472157237663377,-0.045752433743449346
2022-10-25,0.8765619993209839,0.9478520154953004,0.8646680116653442,0.9121950268745422,56734392,0.04051080176091659,0.03971174811522215
2022-10-26,0.9117239713668824,0.9528279900550842,0.9097430109977722,0.9334009885787964,61448084,0.023247179692386766,0.02298108016120363
2022-10-27,0.9335129857063292,0.9554809927940368,0.9024029970169068,0.9124990105628968,56065381,-0.022393353201527133,-0.02264789148964573
2022-10-28,0.9124950170516968,0.963018000125885,0.9048960208892822,0.9448789954185486,58706110,0.035484953387157514,0.034869870977439044
2022-10-29,0.9448850154876708,0.9731550216674804,0.9212610125541688,0.933221995830536,58279263,-0.012337029021212365,-0.012413761920886746
2022-10-30,0.933251976966858,0.945161998271942,0.8912060260772705,0.9075660109519958,50218956,-0.027491834732964238,-0.0278768073633069
2022-10-31,0.907401978969574,0.9182069897651672,0.8769969940185547,0.8847529888153076,49284004,-0.025136487992491463,-0.025457805468086948
2022-11-01,0.8847450017929077,0.9013779759407043,0.8789029717445374,0.8918240070343018,40618782,0.007992081754323754,0.007960314215866446
2022-11-02,0.8917850255966187,0.9149209856987,0.8548619747161865,0.8638610243797302,63767626,-0.031354821617283535,-0.031856907128719414
2022-11-03,0.8641510009765625,0.923471987247467,0.8620669841766357,0.9020879864692688,66842530,0.044251286967120995,0.043300156826393
2022-11-04,0.901865005493164,1.0597469806671145,0.8980910181999207,1.0236220359802246,148088632,0.13472527218396357,0.12639057069507026
2022-11-05,1.023555040359497,1.0371439456939695,0.989529013633728,0.9968640208244324,81529887,-0.02614052278599943,-0.02648825965568024
2022-11-06,0.9968709945678712,1.02116596698761,0.9516419768333436,0.952076017856598,67352821,-0.04492889905966668,-0.04596949002634098
2022-11-07,0.9520429968833924,1.0287389755249023,0.9352849721908568,1.0043220520019531,82882681,0.054875906088860615,0.053423135449397016
2022-11-08,1.0040329694747925,1.0140279531478882,0.7359179854393005,0.7720699906349182,189828925,-0.23125257570923397,-0.26299281038309913
2022-11-09,0.7719630002975464,0.7758610248565674,0.5399730205535889,0.556132972240448,166909041,-0.2796858070042233,-0.32806778299693073
2022-11-10,0.5561379790306091,0.7189019918441772,0.5488790273666382,0.6885390281677246,116389620,0.2380834486289547,0.21356457799149314
2022-11-11,0.6884130239486694,0.694703996181488,0.631292998790741,0.6664389967918396,69016572,-0.032096991560079835,-0.03262339461834868
2022-11-12,0.6666970252990723,0.6669300198554993,0.6006990075111389,0.6042249798774719,40034282,-0.09335290583813183,-0.09800199591468224
2022-11-13,0.6042640209197998,0.6380810141563416,0.5979189872741699,0.6314600110054016,48207478,0.045074321709527077,0.04408800414091387
2022-11-14,0.6314830183982849,0.6353060007095337,0.5885779857635498,0.6079959869384766,52479770,-0.0371583689512911,-0.03786633444766894
2022-11-15,0.608115017414093,0.6319479942321777,0.6001999974250793,0.6058189868927002,43782797,-0.003580615814157806,-0.0035870415623046694
2022-11-16,0.6059949994087219,0.6156290173530579,0.5763630270957947,0.5874699950218201,40577694,-0.030287911517916877,-0.030756067541147698
2022-11-17,0.5873209834098816,0.588142991065979,0.5418400168418884,0.5531070232391357,65728103,-0.05849315211648898,-0.060273657535373365
2022-11-18,0.5530610084533691,0.566398024559021,0.5437219738960266,0.5545229911804199,35058688,0.0025600252424782255,0.0025567539597120296
2022-11-19,0.5542309880256653,0.5549139976501465,0.5405920147895813,0.5434960126876831,25252976,-0.01988552083163142,-0.020085898661988965
2022-11-20,0.5435159802436829,0.5470449924468994,0.5102959871292114,0.5120840072631836,60803858,-0.057796202163768684,-0.059533681906838276
2022-11-21,0.5119079947471619,0.5162879824638367,0.4763729870319366,0.5010190010070801,58422850,-0.021607795008557473,-0.021844661738783442
2022-11-22,0.5008869767189026,0.7239279747009277,0.4095920026302337,0.630312979221344,970093372,0.25806202550077906,0.22957246191239053
2022-11-23,0.6307809948921204,0.7132099866867065,0.6111159920692444,0.6867949962615967,296182395,0.08960947799302432,0.08581935497386889
2022-11-24,0.6869120001792908,0.7145469784736633,0.6648939847946167,0.6900150179862976,148015088,0.004688475807523851,0.004677519138197309
2022-11-25,0.6898400187492371,0.6976029872894287,0.6612100005149841,0.6797360181808472,75359081,-0.014896776936026868,-0.01500884831185421
2022-11-26,0.6794530153274536,0.7537540197372437,0.6766530275344849,0.7035620212554932,132352734,0.03505184724271437,0.03445151941698557
2022-11-27,0.7035940289497375,0.7150779962539673,0.6826069951057434,0.6840789914131165,67154322,-0.027691986283753134,-0.02808263818028434
2022-11-28,0.6841880083084106,0.6889359951019287,0.6319959759712219,0.6453980207443237,66950381,-0.05654459668303602,-0.05820618257528232
2022-11-29,0.6454809904098511,0.6798080205917358,0.6399919986724854,0.6624720096588135,58847167,0.02645497563627286,0.02611109449469262
2022-11-30,0.6625069975852966,0.689674973487854,0.6510249972343445,0.6707059741020203,62117543,0.012429150700944191,0.012352542933868055
2022-12-01,0.670727014541626,0.6714180111885071,0.6389999985694885,0.6404119729995728,42018433,-0.045167334528377845,-0.04621917325556232
2022-12-02,0.6405770182609558,0.6579040288925171,0.6269540190696716,0.6578890085220337,39416380,0.027290301023888963,0.026924559964994346
2022-12-03,0.6580010056495667,0.6615070104598999,0.6343169808387756,0.6356350183486938,37849951,-0.03382635959116276,-0.034411708947047794
2022-12-04,0.6356340050697327,0.6726239919662476,0.6354820132255554,0.6710230112075806,38327642,0.05567344755614734,0.05417890219218482
2022-12-05,0.6708840131759644,0.689857006072998,0.6662769913673401,0.674202024936676,41888289,0.00473756290916838,0.0047263759766262995
2022-12-06,0.6742380261421204,0.6925740242004395,0.6685420274734497,0.67911297082901,44684582,0.00728408653592405,0.007257685704035543
2022-12-07,0.6791560053825378,0.688381016254425,0.6493859887123108,0.6530439853668213,36551569,-0.03838681718943704,-0.03914300604957101
2022-12-08,0.6529539823532104,0.6698700189590454,0.6467589735984802,0.6677299737930298,40632937,0.022488513416074385,0.02223937504880976
2022-12-09,0.6676710247993469,0.669526994228363,0.6380919814109802,0.6450790166854858,32740618,-0.03392233087706931,-0.034511045182983605
2022-12-10,0.6452440023422241,0.6500290036201477,0.6362879872322083,0.6378089785575867,21051297,-0.011269996294800855,-0.011333983917471138
2022-12-11,0.6377440094947815,0.6470739841461182,0.628296971321106,0.6288639903068542,22981541,-0.01402455680533321,-0.014123830171730667
2022-12-12,0.6288679838180542,0.6288679838180542,0.5939909815788269,0.619117021560669,39481477,-0.015499327193832957,-0.015620697504341132
2022-12-13,0.6190000176429749,0.6606259942054749,0.5981829762458801,0.6532080173492432,58563076,0.0550638968100694,0.05360133079075031
2022-12-14,0.6533610224723816,0.6637089848518372,0.6407110095024109,0.6464859843254089,41611778,-0.010290799937074602,-0.010344116312931405
2022-12-15,0.6463649868965149,0.647957980632782,0.6157060265541077,0.6172639727592468,33820787,-0.04520130718170867,-0.04625475358177233
2022-12-16,0.6173089742660522,0.6228349804878235,0.537434995174408,0.544713020324707,47644493,-0.1175363469055678,-0.12503767731812493
2022-12-17,0.5446869730949402,0.5610690116882324,0.5336779952049255,0.5602800250053406,37461850,0.028578359796418873,0.028177615634954238
2022-12-18,0.5603010058403015,0.5616480112075806,0.5456110239028931,0.5499950051307678,22766747,-0.018356927635381437,-0.018527506796067128
2022-12-19,0.5500140190124512,0.5689030289649963,0.5179679989814758,0.5179809927940369,42428169,-0.05820782377672551,-0.05997064846639994
2022-12-20,0.5180050134658813,0.5381230115890503,0.5166829824447632,0.5281460285186768,33089799,0.01962434117477696,0.019434266493764087
2022-12-21,0.5281929969787598,0.5344740152359009,0.5104910135269165,0.5165989995002747,27147363,-0.021863326418999574,-0.022105870673334367
2022-12-22,0.5166450142860413,0.5254369974136353,0.5049830079078674,0.5243149995803833,30881065,0.01493614987170444,0.01482570398471144
2022-12-23,0.524304986000061,0.5282620191574097,0.5191559791564941,0.5270169973373413,23058914,0.0051533863405022196,0.005140153089680006
2022-12-24,0.5270439982414246,0.5279539823532104,0.5179389715194702,0.5239130258560181,18358304,-0.0058896989983350245,-0.005907111679443358
2022-12-25,0.5239570140838623,0.5291119813919067,0.5173919796943665,0.5216720104217529,26078024,-0.004277456989361106,-0.004286631480182635
2022-12-26,0.5216150283813477,0.536969006061554,0.5188800096511841,0.5362949967384338,22390576,0.028030996535272745,0.027645318850068854
2022-12-27,0.5363950133323669,0.539447009563446,0.5189570188522339,0.5287380218505859,28356406,-0.014091078480699792,-0.014191300330308111
2022-12-28,0.5287050008773804,0.529604971408844,0.508529007434845,0.5096499919891357,33769269,-0.03610111070628508,-0.03676887649735518
2022-12-29,0.5096570253372192,0.5231710076332092,0.5057060122489929,0.5112059712409973,28765702,0.003053034977571034,0.0030483839304190972
2022-12-30,0.5113120079040527,0.5300509929656982,0.4919320046901703,0.5278570055961609,38255407,0.032572065452877386,0.03205284046614175
2022-12-31,0.5278360247612,0.5332520008087158,0.5227879881858826,0.524823009967804,34930449,-0.005747760465791951,-0.005764342410871324
2023-01-01,0.5247989892959595,0.5287520289421082,0.5204269886016846,0.5266550183296204,22651645,0.0034907165406654617,0.003484638130911666
2023-01-02,0.5266810059547424,0.5477749705314636,0.520350992679596,0.5330920219421387,39085801,0.012222429082579422,0.012148338298218873
2023-01-03,0.533191978931427,0.5366230010986328,0.5227439999580383,0.5298590064048767,30343150,-0.00606464813613905,-0.006083112806986345
2023-01-04,0.5298619866371155,0.5640450119972229,0.52845698595047,0.5546380281448364,59892657,0.04676531198004308,0.04570475392576286
2023-01-05,0.5545549988746643,0.5589280128479004,0.5408520102500916,0.542809009552002,45762646,-0.021327456814312584,-0.021558173316340173
2023-01-06,0.5427420139312744,0.5473729968070984,0.5246279835700989,0.5454440116882324,35591061,0.004854381725176715,0.004842637207123194
2023-01-07,0.5454630255699158,0.5529500246047974,0.5454630255699158,0.5499870181083679,27156881,0.008329005952552704,0.008294511188182974
2023-01-08,0.5500040054321289,0.5728179812431335,0.5443879961967468,0.5728179812431335,33536974,0.041511821884979705,0.04067333248018213
2023-01-09,0.5729900002479553,0.6883500218391418,0.5727350115776062,0.6441550254821777,191256034,0.12453701974269049,0.11737141294488036
2023-01-10,0.6440430283546448,0.6593239903450012,0.6371769905090332,0.6501799821853638,46854784,0.009353271285396092,0.00930980029726009
2023-01-11,0.6501280069351196,0.6749100089073181,0.648281991481781,0.6692649722099304,74248663,0.02935339528666936,0.028930833544127715
2023-01-12,0.6778069734573364,0.6949570178985596,0.6445729732513428,0.6891160011291504,85831906,0.029660941097322535,0.029229564648137807
2023-01-13,0.689208984375,0.8272240161895752,0.6812679767608643,0.8034960031509399,109394608,0.16598076642302928,0.15356259244321938
2023-01-14,0.80348801612854,0.8484179973602295,0.7859010100364685,0.8150680065155029,129258591,0.014402067115683037,0.014299342470517727
2023-01-15,0.8151909708976746,0.868914008140564,0.7846050262451172,0.8326830267906189,95921783,0.021611718450859074,0.021381496354487575
2023-01-16,0.8327620029449463,0.9373800158500672,0.825531005859375,0.8716949820518494,151243997,0.046850907255300944,0.04578652180138318
2023-01-17,0.8715929985046387,0.9459930062294006,0.8636469841003418,0.9133719801902772,158802063,0.04781144666030546,0.04670365240292098
2023-01-18,0.9131230115890504,0.9525430202484132,0.8607950210571289,0.8964290022850037,149391739,-0.018549920812924392,-0.018724128314523518
2023-01-19,0.8960469961166382,0.927956998348236,0.8760690093040466,0.9010599851608276,94455482,0.0051660341912405094,0.005152736016163511
2023-01-20,0.9008809924125672,1.0329439640045166,0.892661988735199,1.0322660207748413,134446894,0.14561298667656963,0.1359398532952644
2023-01-21,1.0320719480514526,1.0370440483093262,0.9880449771881104,0.9960790276527404,137471278,-0.03505587938944088,-0.03568508542282178
2023-01-22,0.9961150288581848,1.1599249839782717,0.9932309985160828,1.0733979940414429,189509811,0.07762332530070881,0.07475799148174858
2023-01-23,1.0731910467147827,1.1134920120239258,1.0663269758224487,1.0663269758224487,134838036,-0.0065875083223987385,-0.006609301717521351
2023-01-24,1.0661699771881104,1.1022820472717283,0.9785029888153076,0.9936190247535706,130132650,-0.06818541846678794,-0.0706214309418729
2023-01-25,0.9938179850578308,1.055732011795044,0.977438986301422,1.032518982887268,118839466,0.03914977185883206,0.03840285173697674
2023-01-26,1.0321450233459473,1.1207250356674194,1.0285359621047974,1.0493839979171753,150538698,0.016333854688799,0.016201892314720346
2023-01-27,1.0494309663772583,1.1402219533920288,1.0071560144424438,1.131451964378357,117766228,0.07820584897813454,0.0752984087824819
2023-01-28,1.1315490007400513,1.1351170539855957,1.0488009452819824,1.0718040466308594,100422007,-0.052718029245076625,-0.054158478526117805
2023-01-29,1.0719250440597534,1.1053119897842407,1.057803988456726,1.0903199911117554,71948587,0.01727549409717155,0.017127969367062765
2023-01-30,1.090129017829895,1.0944329500198364,0.9768199920654296,0.992812991142273,78173560,-0.08942970941040751,-0.09368418280567072
2023-01-31,0.99276602268219,1.0401519536972046,0.9873329997062684,1.0184990167617798,64716098,0.025871967680392682,0.02554295112605343
2023-02-01,1.0182900428771973,1.1211860179901123,0.979312002658844,1.1112209558486938,108815605,0.09103782876660471,0.08712937972975354
2023-02-02,1.1111220121383667,1.162742018699646,1.059201955795288,1.0594539642333984,180728039,-0.046585686980460506,-0.047705723717072865
2023-02-03,1.0594040155410769,1.1307350397109983,1.0594040155410769,1.1147160530090332,146622557,0.052160915567125654,0.050846064183799444
2023-02-04,1.1147069931030271,1.127208948135376,1.08985698223114,1.1091289520263672,65600897,-0.005012129293001877,-0.005024732142068905
2023-02-05,1.1090229749679563,1.115973949432373,1.0178020000457764,1.0508099794387815,85001999,-0.05258087662488431,-0.054013703584195
2023-02-06,1.0507620573043823,1.0879549980163574,1.0293409824371338,1.0454059839248655,81091371,-0.005142695272842945,-0.005155964442591948
2023-02-07,1.0455329418182373,1.097095966339111,1.0405969619750977,1.0916149616241455,105695396,0.04420194489971574,0.04325290456652762
2023-02-08,1.091552972793579,1.2176690101623535,1.0849859714508057,1.1391479969024658,247523578,0.04354377408642218,0.04262239594748244
2023-02-09,1.1394439935684204,1.153417944908142,0.9565100073814392,0.9715890288352966,190458631,-0.1470914828650799,-0.15910298561838881
2023-02-10,0.971646010875702,0.9946889877319336,0.9416080117225648,0.9600719809532166,88409888,-0.011853826608032247,-0.011924643400314936
2023-02-11,0.9602569937705994,0.9666789770126344,0.9307590126991272,0.9590129852294922,57404122,-0.0011030378395929796,-0.001103646633553792
2023-02-12,0.9589099884033204,0.983144998550415,0.9222800135612488,0.9282100200653076,58758642,-0.03211944534495892,-0.032646593270623823
2023-02-13,0.9281759858131408,1.078565001487732,0.9019790291786194,1.0521190166473389,302808258,0.13349241432807757,0.12530349868727708
2023-02-14,1.052786946296692,1.107272028923035,1.029237985610962,1.078544020652771,211595882,0.025115983636183614,0.02480576095586216
2023-02-15,1.0787409543991089,1.1559070348739624,1.062741994857788,1.1484040021896362,157072272,0.06477248976317496,0.06276115170487936
2023-02-16,1.1482629776000977,1.2127950191497805,1.091739058494568,1.096917986869812,203446325,-0.044832667964981865,-0.045868737059480885
2023-02-17,1.0968999862670898,1.236744999885559,1.0917149782180786,1.2157829999923706,200047034,0.10836271676222053,0.10288389645269727
2023-02-18,1.2160680294036863,1.2632629871368408,1.1720459461212158,1.2547669410705566,130427848,0.03206488417623099,0.03156153734678277
2023-02-19,1.2539329528808594,1.270853042602539,1.1971989870071411,1.202399969100952,106426649,-0.04173442115467729,-0.042630317253497876
2023-02-20,1.2034070491790771,1.2855809926986694,1.1717679500579834,1.2654119729995728,123208530,0.05240519420982315,0.05107820575698138
2023-02-21,1.2656060457229614,1.292389988899231,1.1528199911117554,1.1612199544906616,129953282,-0.08233841684137944,-0.08592660212492217
2023-02-22,1.1611100435256958,1.1620279550552368,1.0714240074157717,1.107985019683838,95751546,-0.04584397176517163,-0.04692806929812202
2023-02-23,1.1079169511795044,1.133802056312561,1.0720629692077637,1.0814590454101562,76289475,-0.023940733676391046,-0.024231970720431043
2023-02-24,1.081434965133667,1.0866669416427612,0.9872000217437744,0.9981629848480223,93025817,-0.0770219278442883,-0.080149801905898
2023-02-25,0.99821799993515,1.0000280141830444,0.9553719758987428,0.9874550104141236,57048921,-0.01072768134707891,-0.010785637785436092
2023-02-26,0.9873600006103516,1.023097038269043,0.9786229729652404,1.0211989879608154,49100030,0.03417267337834473,0.03360175767435004
2023-02-27,1.0212119817733765,1.0454610586166382,0.9855549931526184,1.0167590379714966,70564956,-0.004347781423270636,-0.004357260510232917
2023-02-28,1.016739010810852,1.0398509502410889,0.9872000217437744,0.9928690195083618,74497417,-0.023496244017458645,-0.023776682300510523
2023-03-01,0.9930509924888612,1.05595600605011,0.9899060130119324,1.0357650518417358,66566742,0.04320412007075691,0.04229686163678224
2023-03-02,1.0356899499893188,1.038519024848938,0.9745370149612428,0.9896320104599,54865020,-0.0445400636947586,-0.04556244574106483
2023-03-03,0.9897140264511108,0.993682026863098,0.9036960005760192,0.9336860179901124,73613240,-0.05653211686613535,-0.05819295488659941
2023-03-04,0.9337090253829956,0.9423750042915344,0.8893970251083374,0.9087960124015808,44707053,-0.026657789780456187,-0.027019552340934654
2023-03-05,0.908860981464386,0.9391779899597168,0.9069749712944032,0.929902970790863,43567319,0.023225188162418364,0.022959588026430954
2023-03-06,0.9296810030937196,0.9676470160484314,0.9172509908676147,0.9497150182724,60729016,0.02130549971755369,0.021081710604115084
2023-03-07,0.949433982372284,0.9927849769592284,0.9458209872245787,0.9729480147361756,72235540,0.024463124218081944,0.02416869411840241
2023-03-08,0.9728819727897644,0.9822660088539124,0.8851969838142395,0.8890150189399719,68781190,-0.08626668077324051,-0.09021652337697074
2023-03-09,0.889087975025177,0.9188920259475708,0.8241220116615295,0.8394079804420471,74943378,-0.05580000049613831,-0.05741727139540961
2023-03-10,0.8394039869308472,0.8901799917221069,0.8137919902801514,0.8858659863471985,99919428,0.05534615703878076,0.05386882404864076
2023-03-11,0.8859289884567261,0.9269189834594728,0.8024330139160156,0.8638070225715637,122915294,-0.02490101676280998,-0.025216291868312302
2023-03-12,0.8639529943466187,0.9405040144920348,0.8497419953346252,0.9370790123939514,79830717,0.08482448962299016,0.08141821319160905
2023-03-13,0.9424920082092284,1.0114450454711914,0.91464102268219,0.9801530241966248,144544847,0.04596625389425002,0.04494110307091377
2023-03-14,0.9799780249595642,1.045835018157959,0.9608650207519532,0.990106999874115,122758063,0.01015553228094035,0.010104311354928801
2023-03-15,0.99025297164917,1.0135949850082395,0.871658980846405,0.8916379809379578,123341984,-0.09945290655320771,-0.10475281873546302
2023-03-16,0.892041027545929,0.920745015144348,0.8808389902114868,0.9130529761314392,67515797,0.024017589707152176,0.023733703918176162
2023-03-17,0.9131870269775392,1.0131560564041138,0.9026790261268616,1.0037239789962769,91600695,0.09930530345457744,0.09467843798345472
2023-03-18,1.0039169788360596,1.0454790592193604,0.9874449968338012,0.9885799884796144,85369870,-0.015087803852017578,-0.015202782749855558
2023-03-19,0.988336980342865,1.0671099424362185,0.988336980342865,1.0213160514831543,88711782,0.033114227867272916,0.03257776279205139
2023-03-20,1.0213160514831543,1.0234639644622805,0.9616420269012452,0.9628919959068298,82543215,-0.057204677720947505,-0.058906069452354305
2023-03-21,0.9630560278892516,1.008044958114624,0.942152976989746,0.9983059763908386,72468484,0.036778767125025924,0.03611856716719109
2023-03-22,0.9981750249862672,1.0072389841079712,0.9287790060043336,0.9425269961357116,84719435,-0.055873631506027865,-0.05749525686569135
2023-03-23,0.9424650073051452,0.988394021987915,0.934647023677826,0.9689429998397828,69487130,0.02802678736245734,0.02764122443905728
2023-03-24,0.9688299894332886,0.9704359769821168,0.89553302526474,0.9076719880104064,56282715,-0.06323489806883142,-0.06532271981441337
2023-03-25,0.9075769782066344,0.9350600242614746,0.9012939929962158,0.9165989756584167,42825514,0.009835037068377739,0.009786987878161103
2023-03-26,0.9166849851608276,0.9441810250282288,0.9148709774017334,0.933243989944458,31809006,0.018159538389277197,0.01799662332416244
2023-03-27,0.9332529902458192,0.9358729720115662,0.8745160102844238,0.8896390199661255,51426521,-0.046724083356730395,-0.04785089294735461
2023-03-28,0.889585018157959,0.9261599779129028,0.8794609904289246,0.9204599857330322,43671484,0.03464435020856027,0.03405774467852743
2023-03-29,0.9201300144195556,0.9614220261573792,0.9185770153999328,0.9419779777526855,38963595,0.023377433406316817,0.02310836653631343
2023-03-30,0.9417920112609864,0.9605690240859984,0.9118729829788208,0.9209589958190918,43869538,-0.022313665956118833,-0.02256638222608965
2023-03-31,0.9214670062065125,0.948822021484375,0.9081900119781494,0.9350720047950744,48128240,0.015324253349010997,0.015208022904410841
2023-04-01,0.9352309703826904,0.9469599723815918,0.9080979824066162,0.9094129800796508,31173836,-0.027440693961367058,-0.02782422227578329
2023-04-02,0.9240409731864928,0.9250730276107788,0.8951619863510132,0.9070289731025696,33066005,-0.0026214789422429607,-0.0026249210350638213
2023-04-03,0.9069949984550476,0.9336559772491456,0.8848770260810852,0.9220409989356996,49206537,0.01655076770235908,0.01641529647154667
2023-04-04,0.922173023223877,1.0074379444122314,0.9131489992141724,0.995756983757019,69313002,0.0799487060840125,0.0769135456415801
2023-04-05,0.9957579970359802,1.0324809551239014,0.9892809987068176,1.001952052116394,53748551,0.0062214661412676175,0.006202192718783091
2023-04-06,1.0021339654922483,1.0129300355911257,0.989687979221344,1.0088369846343994,53528104,0.006871518954886691,0.006848017666786897
2023-04-07,1.0089629888534546,1.0256190299987793,0.9966930150985718,1.0202150344848633,48456338,0.011278382953602062,0.01121525619431671
2023-04-08,1.020145058631897,1.0417170524597168,1.0057679414749146,1.0240130424499512,54256297,0.0037227523970038146,0.0037158401041574615
2023-04-09,1.024176001548767,1.0372099876403809,0.989584982395172,1.012611985206604,51107168,-0.011133703156817387,-0.011196146748012982
2023-04-10,1.0126780271530151,1.0287209749221802,0.9915310144424438,1.0282570123672483,41802597,0.015450169847093242,0.01533203125984939
2023-04-11,1.0282280445098877,1.0427370071411133,1.015802025794983,1.0197850465774536,49884109,-0.00823915197066405,-0.008273281377455994
2023-04-12,1.0198030471801758,1.0436279773712158,0.9822720289230348,1.0211809873580933,83416090,0.0013688578640416171,0.001367921832214626
2023-04-13,1.0283050537109375,1.072046995162964,1.0158859491348269,1.0669889450073242,54624736,0.04485782463277266,0.043880823177735014
2023-04-14,1.0669740438461304,1.108296036720276,1.0662510395050049,1.0915900468826294,76310315,0.023056566790517596,0.022794780446170518
2023-04-15,1.0915759801864624,1.1040849685668943,1.077301025390625,1.0924290418624878,47170319,0.0007685989646519786,0.0007683037437290588
2023-04-16,1.0925129652023315,1.1098699569702148,1.068464994430542,1.1060500144958496,45840696,0.012468519337548223,0.012391427502892469
2023-04-17,1.1059099435806274,1.1059099435806274,1.0492379665374756,1.0501010417938232,56697442,-0.0505844871106742,-0.051908733321429416
2023-04-18,1.0501630306243896,1.10841703414917,1.0410560369491575,1.0752700567245483,74772548,0.0239681839451662,0.023685455768573588
2023-04-19,1.075171947479248,1.075171947479248,0.9463520050048828,0.9580010175704956,73440912,-0.10906008069384332,-0.11547828441769585
2023-04-20,0.9578419923782348,0.9775789976119996,0.9376680254936218,0.9429129958152772,75076582,-0.01574948405950738,-0.015874824961838646
2023-04-21,0.9429889917373656,0.956284999847412,0.9098209738731384,0.9212030172348022,60307486,-0.02302437094071841,-0.023293571918562066
2023-04-22,0.9212679862976074,0.9374619722366332,0.9154539704322816,0.9371899962425232,30849046,0.017354457930141676,0.01720558921427979
2023-04-23,0.9371839761734008,0.9741430282592772,0.92398202419281,0.9449880123138428,57332697,0.008320635199462467,0.008286209544784469
2023-04-24,0.9450209736824036,0.9618729948997498,0.915956974029541,0.9273229837417604,45238871,-0.018693389060914,-0.018870318872901793
2023-04-25,0.9272000193595886,0.9458900094032288,0.897072970867157,0.9400879740715028,40787478,0.01376541998154246,0.013671537164396372
2023-04-26,0.9400039911270142,0.9751049876213074,0.8889470100402832,0.9187710285186768,53372222,-0.022675479466568227,-0.02293652187389066
2023-04-27,0.9188519716262816,0.956798017024994,0.9168149828910828,0.9445639848709106,48380868,0.028073323550286133,0.027686490900150053
2023-04-28,0.9445430040359496,0.947242021560669,0.9168279767036438,0.9249190092086792,25293979,-0.02079793002579522,-0.021017253282064715
2023-04-29,0.924718976020813,0.9430299997329712,0.9230819940567015,0.9308130145072936,20583968,0.006372455577118075,0.006352237329873651
2023-04-30,0.9307730197906494,0.9450209736824036,0.9050340056419371,0.910968005657196,28242875,-0.021320080983829093,-0.02155063677846469
2023-05-01,0.9107369780540466,0.9137409925460817,0.8760539889335632,0.8838679790496826,26585027,-0.02974860416526126,-0.030200070100052885
2023-05-02,0.8838859796524048,0.90802401304245,0.8793789744377136,0.9049090147018432,29473445,0.02380563178087236,0.023526695886611108
2023-05-03,0.9048920273780824,0.9812399744987488,0.8815410137176514,0.9721580147743224,84645698,0.07431575879994634,0.07168395548340195
2023-05-04,0.9721189737319946,0.9721189737319946,0.9191160202026368,0.9286829829216005,39200410,-0.04472012902430711,-0.04575092282140346
2023-05-05,0.9288179874420166,0.9742140173912048,0.9273359775543212,0.9569439888000488,43496203,0.030431273532697256,0.029977426773733804
2023-05-06,0.9568510055541992,0.9614359736442566,0.8991990089416504,0.9039180278778076,34956590,-0.05541177074400416,-0.05700618268605607
2023-05-07,0.90385502576828,0.91456800699234,0.8883180022239685,0.8883180022239685,24664461,-0.01725823047302688,-0.017408889655992264
2023-05-08,0.8881139755249023,0.8890799880027771,0.8138539791107178,0.8342180252075195,53242612,-0.060901588036047616,-0.06283500019211044
2023-05-09,0.8341240286827087,0.8444420099258423,0.8302440047264099,0.8374590277671814,25797100,0.0038850785546806765,0.003877551127125184
2023-05-10,0.8374180197715759,0.853039026260376,0.8123509883880615,0.8396949768066406,41211701,0.002669920515897539,0.0026663626095946
2023-05-11,0.8397060036659241,0.8403519988059998,0.7892580032348633,0.8002049922943115,34973571,-0.047028963615466046,-0.04817076783119482
2023-05-12,0.8002189993858337,0.8162000179290771,0.7814289927482605,0.8160849809646606,35288006,0.01984490077326151,0.01965055766875011
2023-05-13,0.8161249756813049,0.8215799927711487,0.8004680275917053,0.8042259812355042,23098778,-0.014531574536684189,-0.014638192006312863
2023-05-14,0.8041970133781433,0.8175140023231506,0.7960219979286194,0.8058080077171326,19915770,0.0019671417220294973,0.0019652094323956257
2023-05-15,0.8058429956436157,0.8311870098114014,0.7987549901008606,0.8276820182800293,32027791,0.02714543706864636,0.026783534424212826
2023-05-16,0.8276619911193848,0.8349130153656006,0.8180069923400879,0.830706000328064,27639221,0.003653555328311464,0.0036468973070810425
2023-05-17,0.8307210206985474,0.837565004825592,0.8072569966316223,0.8334239721298218,33580870,0.0032718817496013575,0.0032665407913280192
2023-05-18,0.8333789706230164,0.8342739939689636,0.8029580116271973,0.8273190259933472,34408681,-0.007325138633669681,-0.007352099202290528
2023-05-19,0.8273379802703857,0.8323270082473755,0.8174039721488953,0.8284109830856323,26795433,0.0013198742661262308,0.0013190039977660818
2023-05-20,0.828548014163971,0.8334059715270996,0.8233810067176819,0.8301939964294434,21883058,0.0021523294357708167,0.0021500164929860845
2023-05-21,0.8301969766616821,0.842507004737854,0.8214690089225769,0.8358309864997864,28379371,0.0067899672782349985,0.006767019269336456
2023-05-22,0.8357409834861755,0.8554369807243347,0.8242989778518677,0.8493469953536987,40000631,0.01617074393294926,0.01604139008873719
2023-05-23,0.849390983581543,0.8795350193977356,0.8473550081253052,0.8651319742202759,41841509,0.01858484100482838,0.018414253171123683
2023-05-24,0.865073025226593,0.8791289925575256,0.8114910125732422,0.8307679891586304,51021235,-0.03972109005983393,-0.040531505528595003
2023-05-25,0.8306369781494141,0.8344519734382629,0.8173379898071289,0.8232110142707825,28681162,-0.009096372256111263,-0.009137996864454588
2023-05-26,0.8232449889183044,0.8687800168991089,0.8215219974517822,0.8534029722213745,37790130,0.036675843042912604,0.03601928929373958
2023-05-27,0.853393018245697,0.8557170033454895,0.8441900014877319,0.8495360016822815,23111907,-0.004531236315040488,-0.004541533484023382
2023-05-28,0.849494993686676,0.8711850047111511,0.8459979891777039,0.8624740242958069,30715105,0.0152295165689329,0.015114711629870532
2023-05-29,0.8624619841575623,0.865884006023407,0.8487629890441895,0.8546010255813599,28691501,-0.00912838936903071,-0.00917030841250732
2023-05-30,0.8546109795570374,0.8641899824142456,0.8291069865226746,0.8370640277862549,35216778,-0.02052068423762432,-0.0207341589594848
2023-05-31,0.8370029926300049,0.8389359712600708,0.8102999925613403,0.8172730207443237,24499274,-0.023643361063157342,-0.023927350567796553
2023-06-01,0.8173189759254456,0.8209059834480286,0.8052340149879456,0.8122079968452454,23690600,-0.00619746861882875,-0.006216752643513024
2023-06-02,0.8121910095214844,0.8580420017242432,0.809984028339386,0.8530660271644592,47740433,0.050304885543990485,0.049080489205792666
2023-06-03,0.8531190156936646,0.8597829937934875,0.8456159830093384,0.8503909707069397,31652181,-0.0031358140780863852,-0.0031407410457850895
2023-06-04,0.8503959774971008,0.8614670038223267,0.8478990197181702,0.848002016544342,29085717,-0.002809242154360736,-0.0028131954807382752
2023-06-05,0.8480640053749084,0.8484309911727905,0.7732040286064148,0.7765009999275208,56863553,-0.08431703607049446,-0.08808508346490092
2023-06-06,0.7763379812240601,0.8006849884986877,0.7606189846992493,0.800682008266449,45543242,0.031140988023435012,0.030665944495871875
2023-06-07,0.8007810115814209,0.8010839819908142,0.7550389766693115,0.7554050087928772,32321362,-0.056548041552227035,-0.05820983391425192
2023-06-08,0.7554889917373657,0.7692379951477051,0.7498300075531006,0.7598680257797241,31191782,0.005908111456632614,0.0058907270053847275
2023-06-09,0.7601640224456787,0.7649049758911133,0.7496500015258789,0.7576829791069031,25563848,-0.0028755607535649874,-0.0028797031213814357
2023-06-10,0.7577660083770752,0.7579830288887024,0.6331080198287964,0.6721000075340271,88638720,-0.11295353588878876,-0.11985791460459956
2023-06-11,0.6720979809761047,0.6801789999008179,0.6648690104484558,0.6689590215682983,34009642,-0.0046733907610762015,-0.0046843451945695405
2023-06-12,0.6687870025634766,0.6696799993515015,0.6295480132102966,0.6357870101928711,43045141,-0.04958750880982099,-0.050859187372816625
2023-06-13,0.635811984539032,0.6615049839019775,0.6348059773445129,0.6486589908599854,46303539,0.020245743402667937,0.020043523183011936
2023-06-14,0.6486579775810242,0.6549890041351318,0.5685150027275085,0.5709440112113953,57693624,-0.1198086833662112,-0.1276159898733159
2023-06-15,0.5709630250930786,0.6207380294799805,0.5620419979095459,0.6076449751853943,114232806,0.06428119614763816,0.062299638096736734
2023-06-16,0.607712984085083,0.6319530010223389,0.6014310121536255,0.6223739981651306,55759233,0.024239520741930587,0.02395040623988639
2023-06-17,0.6223350167274475,0.6376829743385315,0.6188430190086365,0.6202359795570374,30404003,-0.00343526338567568,-0.0034411774510728324
2023-06-18,0.6201670169830322,0.6344519853591919,0.6166390180587769,0.623100996017456,27855070,0.004619236153415196,0.004608600222767986
2023-06-19,0.623100996017456,0.6344419717788696,0.6113799810409546,0.6308479905128479,32263801,0.012432967600608302,0.012356312968014694
2023-06-20,0.6308749914169312,0.666608989238739,0.6221179962158203,0.6634529829025269,50164136,0.051684388125216474,0.050393058015311624
2023-06-21,0.6634610295295715,0.6926140189170837,0.661454975605011,0.6885259747505188,45070368,0.03779166345488516,0.03709505501779789
2023-06-22,0.6883329749107361,0.7061169743537903,0.6671419739723206,0.6695669889450073,40306789,-0.02753561448771935,-0.02792182574132459
2023-06-23,0.6696640253067017,0.7030289769172668,0.6692079901695251,0.6916940212249756,31781563,0.03304677895610175,0.032512473677628675
2023-06-24,0.6918259859085083,0.7010340094566345,0.6625270247459412,0.6704210042953491,33448125,-0.030754952734667884,-0.03123781230710765
2023-06-25,0.6704930067062378,0.7397770285606384,0.6690220236778259,0.7034019827842712,59834486,0.04919442898956761,0.04802265922672449
2023-06-26,0.703370988368988,0.7037310004234314,0.6685400009155273,0.6787300109863281,47910051,-0.035075209342294134,-0.03570511782268172
2023-06-27,0.6787490248680115,0.6996570229530334,0.6743649840354919,0.692870020866394,33055973,0.02083304060699742,0.02061900045036551
2023-06-28,0.6929360032081604,0.6929789781570435,0.6562899947166443,0.6609979867935181,33065264,-0.04600001892565919,-0.0470916273720679
2023-06-29,0.6609039902687073,0.7236739993095398,0.6567829847335815,0.7107980251312256,45750296,0.07534068080794931,0.07263752375299273
2023-06-30,0.7106369733810425,0.7808380126953125,0.7010310292243958,0.7609230279922485,66428885,0.07051933332505955,0.0681438889733182
2023-07-01,0.7609279751777649,0.7793300151824951,0.7570710182189941,0.777787983417511,34691275,0.02216381263918632,0.021921765276742496
2023-07-02,0.7778360247612,0.7778970003128052,0.7519239783287048,0.7651439905166626,28168478,-0.016256348992809255,-0.016389933139517334
2023-07-03,0.7651749849319458,0.7902029752731323,0.759568989276886,0.7838850021362305,34445160,0.024493444177628554,0.024198289630592854
2023-07-04,0.7838150262832642,0.8218709826469421,0.7815719842910767,0.8059120178222656,47998700,0.028099804979056175,0.02771224887588087
2023-07-05,0.8059160113334656,0.8097900152206421,0.7708029747009277,0.7817569971084595,33345532,-0.029972280074787583,-0.030430630650543133
2023-07-06,0.7814229726791382,0.8012120127677917,0.727541983127594,0.727541983127594,53719987,-0.06935021263819119,-0.07187224072134457
2023-07-07,0.7274979948997498,0.7900040149688721,0.7237139940261841,0.7877219915390015,35501225,0.08271688755706252,0.07947351884590138
2023-07-08,0.787680983543396,0.791795015335083,0.7651820182800293,0.7788730263710022,22032773,-0.011233614476994225,-0.011297188080058829
2023-07-09,0.7790129780769348,0.8022609949111938,0.7790129780769348,0.7977219820022583,22300952,0.024200293235315806,0.023912106352965708
2023-07-10,0.7977200150489807,0.8227789998054504,0.7856720089912415,0.807699978351593,40176994,0.012508112568604624,0.012430532379894605
2023-07-11,0.8076210021972656,0.8132539987564087,0.7887409925460815,0.7938730120658875,22470121,-0.017118938536960893,-0.017267161615288754
2023-07-12,0.7938209772109985,0.8086940050125122,0.781548023223877,0.785090982913971,25834984,-0.01106225935186178,-0.01112390116287675
2023-07-13,0.7851390242576599,0.8528069853782654,0.7768459916114807,0.8448209762573242,40301228,0.0760803456456185,0.07332512962624327
2023-07-14,0.8448799848556519,0.8731849789619446,0.8045799732208252,0.8213099837303162,46710650,-0.027829555832248665,-0.028224135812379234
2023-07-15,0.8212029933929443,0.8308370113372803,0.8113399744033813,0.8214700222015381,27280245,0.0001948575743533354,0.00019483859208204682
2023-07-16,0.8215029835700989,0.8241159915924072,0.8074449896812439,0.8093609809875488,28355307,-0.014740697635608258,-0.014850421323185075
2023-07-17,0.8093039989471436,0.816074013710022,0.7872989773750305,0.8097109794616699,48020543,0.0004324380373439407,0.0004323445629628175
2023-07-18,0.8096609711647034,0.8121060132980347,0.7785170078277588,0.784034013748169,31795161,-0.031711272743976004,-0.032224964221094846
2023-07-19,0.7840949892997742,0.7954339981079102,0.7756189703941345,0.7783539891242981,28116967,-0.007244615060406412,-0.007270984719968884
2023-07-20,0.7783229947090149,0.7914019823074341,0.777541995048523,0.7856289744377136,35097606,0.00934662816028009,0.009303218709657246
2023-07-21,0.7855979800224304,0.7942299842834473,0.7675179839134216,0.7696769833564758,33289696,-0.020304738751081408,-0.02051371358422187
2023-07-22,0.7696719765663147,0.7724810242652893,0.7456820011138916,0.7512720227241516,21876560,-0.02391257765311139,-0.02420312450365336
2023-07-23,0.7513200044631958,0.76665198802948,0.7491310238838196,0.7585970163345337,22133881,0.009750121645447862,0.009702895932234945
2023-07-24,0.7585690021514893,0.7610309720039368,0.7249199748039246,0.7281489968299866,33886163,-0.040137278224041784,-0.04096500289550892
2023-07-25,0.7282159924507141,0.731719970703125,0.7221540212631226,0.7263420224189758,22503633,-0.002481599808387358,-0.0024846840808684717
2023-07-26,0.726377010345459,0.7390999794006348,0.7180070281028748,0.7304559946060181,28906707,0.005663960035440674,0.005647980125120329
2023-07-27,0.7304660081863403,0.7436050176620483,0.7252510190010071,0.729282021522522,25065160,-0.001607178381949348,-0.0016084712785877603
2023-07-28,0.7293019890785217,0.7322260141372681,0.7198579907417297,0.7292280197143555,18878311,-7.404790817933105e-05,-7.405064986102861e-05
2023-07-29,0.7291929721832275,0.7397750020027161,0.726951003074646,0.7376059889793396,14644330,0.011488819736062528,0.011423324411894928
2023-07-30,0.7376059889793396,0.7386509776115417,0.5922489762306213,0.6277769804000854,224830144,-0.1488992907056378,-0.16122481511411224
2023-07-31,0.6281480193138123,0.6542189717292786,0.5406680107116699,0.5679929852485657,327524079,-0.09523126367809653,-0.1000759079139112
2023-08-01,0.5678840279579163,0.6185309886932373,0.4981729984283447,0.6146349906921387,410490222,0.08211722090751072,0.07891951180901598
2023-08-02,0.6145150065422058,0.6145150065422058,0.5485489964485168,0.582165002822876,261981726,-0.05282808229433589,-0.05427466298439722
2023-08-03,0.5821740031242371,0.6067699790000916,0.5745649933815002,0.5801209807395935,128973765,-0.0035110700117169102,-0.0035172482838337067
2023-08-04,0.5801129937171936,0.6287829875946045,0.5687770247459412,0.6119359731674194,166504816,0.05484199586656069,0.05339098876071279
2023-08-05,0.6119310259819031,0.6888319849967957,0.6030880212783813,0.6216899752616882,251933035,0.015939579501726975,0.015813878393576182
2023-08-06,0.6216480135917664,0.6276289820671082,0.6095460057258606,0.6115090250968933,93060810,-0.016376249529372666,-0.016511822458839993
2023-08-07,0.61149001121521,0.6275399923324585,0.5918759703636169,0.613207995891571,93670911,0.002778324971423718,0.00277447256045042
2023-08-08,0.6132000088691711,0.6159719824790955,0.5974199771881104,0.6006929874420166,69964749,-0.020409075767771623,-0.020620218716103072
2023-08-09,0.6007440090179443,0.6166830062866211,0.5984839797019958,0.613627016544342,67540887,0.021531846338682215,0.021303310843107933
2023-08-10,0.613735020160675,0.6491789817810059,0.6071149706840515,0.6083459854125977,100046427,-0.008606255900342585,-0.00864350358335827
2023-08-11,0.6083539724349976,0.6115589737892151,0.5909720063209534,0.5956630110740662,59696787,-0.020848291338570357,-0.0210686855751832
2023-08-12,0.5956810116767883,0.5969870090484619,0.5805249810218811,0.5842229723930359,44054205,-0.019205554933488744,-0.01939237749229805
2023-08-13,0.5842999815940857,0.5938569903373718,0.5721970200538635,0.5771420001983643,46796052,-0.012120324823358564,-0.012194374909277859
2023-08-14,0.5769410133361816,0.5863789916038513,0.5729320049285889,0.5809569954872131,51938513,0.006610150166748596,0.0065883989241735845
2023-08-15,0.580955982208252,0.5857849717140198,0.5432810187339783,0.5558739900588989,68506550,-0.04317532213770592,-0.044135104038222885
2023-08-16,0.5558810234069824,0.5631380081176758,0.5295349955558777,0.5405589938163757,92504240,-0.02755120138091094,-0.02793785411042517
2023-08-17,0.5405420064926147,0.5506960153579712,0.4674229919910431,0.4950839877128601,91664341,-0.08412588935475784,-0.0878763575462997
2023-08-18,0.4951190054416656,0.5056220293045044,0.4887430071830749,0.4947479963302612,63057812,-0.0006786553209913171,-0.0006788857117568485
2023-08-19,0.4947069883346557,0.5124250054359436,0.4899759888648987,0.5028250217437744,41171412,0.01632553435976236,0.016193705671073595
2023-08-20,0.502839982509613,0.5042970180511475,0.4934769868850708,0.499002993106842,27490157,-0.0076011106680368146,-0.007630146338874757
2023-08-21,0.4989979863166809,0.5009329915046692,0.4706200063228607,0.4787879884243011,44042252,-0.04051078843571709,-0.04135420740761758
2023-08-22,0.4787740111351013,0.4808799922466278,0.4440590143203735,0.47359499335289,75231849,-0.010846126462991101,-0.010905374489813822
2023-08-23,0.4735960066318512,0.4803270101547241,0.4609650075435638,0.4678420126438141,48986671,-0.012147469440812242,-0.012221852942360056
2023-08-24,0.4678980112075805,0.4683879911899566,0.4468249976634979,0.4541980028152466,36905154,-0.029163712235812378,-0.02959742659034171
2023-08-25,0.4542039930820465,0.4587570130825043,0.4408780038356781,0.4544729888439178,40486695,0.0006054320515871403,0.000605248851542319
2023-08-26,0.4544650018215179,0.4597150087356567,0.4503400027751922,0.4523099958896637,18860066,-0.004759343255484327,-0.004770704993537781
2023-08-27,0.4523079991340637,0.4615159928798675,0.4496990144252777,0.4594970047473907,21428506,0.015889564508939635,0.015764646898944978
2023-08-28,0.4595049917697906,0.4914349913597107,0.4564799964427948,0.4868989884853363,56461082,0.05963473853982992,0.057924262457300965
2023-08-29,0.4868910014629364,0.4984410107135772,0.4590060114860534,0.483381986618042,118459107,-0.007223267968239466,-0.007249482078953607
2023-08-30,0.4833660125732422,0.4853639900684356,0.4675759971141815,0.4727579951286316,32647698,-0.021978459652045812,-0.02222358429420549
2023-08-31,0.4727759957313537,0.4770880043506622,0.4473060071468353,0.4525009989738464,32767441,-0.04284855330531967,-0.04379364854003921
2023-09-01,0.4525220096111297,0.4561870098114013,0.4286740124225616,0.4383809864521026,33507064,-0.031204378672675337,-0.0317016064403752
2023-09-02,0.4384230077266693,0.4428730010986328,0.4326199889183044,0.4372169971466064,22634943,-0.002655200251535983,-0.0026587315479750604
2023-09-03,0.4372290074825287,0.4411140084266662,0.4325990080833435,0.4344229996204376,18304966,-0.006390413786296345,-0.006410919888812179
2023-09-04,0.4344100058078766,0.4439730048179626,0.4323000013828277,0.4367609918117523,22357617,0.005381833359093369,0.0053674030451504855
2023-09-05,0.4368560016155243,0.4462569952011108,0.4336850047111511,0.4438959956169128,21052178,0.01633617456440728,0.016204174904196154
2023-09-06,0.4439080059528351,0.4524059891700744,0.4362779855728149,0.4509319961071014,24672085,0.015850560851332185,0.0157262525618687
2023-09-07,0.4509269893169403,0.4509269893169403,0.4370830059051513,0.446586012840271,19448982,-0.009637779763576937,-0.009684523744220611
2023-09-08,0.4466300010681152,0.4499279856681824,0.4348469972610473,0.441085010766983,18657349,-0.012317900505440904,-0.012394394655837228
2023-09-09,0.441089004278183,0.4451789855957031,0.4381169974803924,0.4430299997329712,13626736,0.004409555796525799,0.004399862191246571
2023-09-10,0.44302499294281,0.4434269964694977,0.4218620061874389,0.4268459975719452,27430460,-0.036530262444485984,-0.03721420048915915
2023-09-11,0.4268470108509063,0.4276250004768371,0.4013310074806213,0.4076189994812011,30831111,-0.045044344330541275,-0.0460903734334615
2023-09-12,0.4076789915561676,0.4198629856109619,0.399150013923645,0.4012309908866882,30938735,-0.015671518262503237,-0.015795614732392056
2023-09-13,0.4012199938297272,0.4185799956321716,0.3894670009613037,0.4170460104942322,48887478,0.03941624641853836,0.03865925404397397
2023-09-14,0.4171060025691986,0.4280869960784912,0.4128499925136566,0.4197179973125458,29086225,0.006406935328663321,0.00638649816511909
2023-09-15,0.4197059869766235,0.438060998916626,0.4146249890327453,0.435694009065628,29863468,0.03806368050780917,0.03735713209871981
2023-09-16,0.4356670081615448,0.4414139986038208,0.4288400113582611,0.4378130137920379,25610107,0.004863515867372659,0.004851727181598665
2023-09-17,0.4378010034561157,0.4419429898262024,0.4241699874401092,0.4320290088653564,25715021,-0.01321113065275148,-0.013299173933265261
2023-09-18,0.4319800138473511,0.4476270079612732,0.4250899851322174,0.42569500207901,29397664,-0.014661068253220888,-0.014769603852579123
2023-09-19,0.4257000088691711,0.4514560103416443,0.4236739873886108,0.4441350102424621,41291431,0.043317417572193095,0.04240546104446008
2023-09-20,0.4441210031509399,0.4468109905719757,0.4351040124893188,0.4414699971675873,24966745,-0.006000457098439327,-0.006018532183253587
2023-09-21,0.4414820075035095,0.4552559852600097,0.4318690001964569,0.4445199966430664,36227273,0.006908735576703906,0.006884979616073771
2023-09-22,0.4444699883460998,0.4982419908046722,0.4400230050086975,0.4905909895896911,78697592,0.10364211575304694,0.09861572478674012
2023-09-23,0.4905470013618469,0.4940190017223358,0.466168999671936,0.473922997713089,38884805,-0.033975332263118996,-0.03456590913615197
2023-09-24,0.4739249944686889,0.5432760119438171,0.4713859856128692,0.5144339799880981,135897195,0.08548009375045007,0.0820223718451217
2023-09-25,0.5144079923629761,0.5313500165939331,0.5063549876213074,0.5208600163459778,51091547,0.012491469474913641,0.012414094753103037
2023-09-26,0.5208550095558167,0.5272369980812073,0.5090680122375488,0.5232020020484924,32355489,0.004496382192944237,0.004486303666509867
2023-09-27,0.5232239961624146,0.534263014793396,0.5133810043334961,0.5172240138053894,32731608,-0.011425774786215315,-0.011491550456255026
2023-09-28,0.5172060132026672,0.5281959772109985,0.5101079940795898,0.5169659852981567,26533784,-0.0004988718627626509,-0.000498996340731138
2023-09-29,0.5169540047645569,0.5304179787635803,0.5132150053977966,0.5227100253105164,20002878,0.011111059867984885,0.011049785506568741
2023-09-30,0.5226870179176331,0.5371999740600586,0.516385018825531,0.5185670256614685,20517275,-0.007925999977878129,-0.007957577682973099
2023-10-01,0.5185390114784241,0.542946994304657,0.5171800255775452,0.5384039878845215,23684458,0.038253419985101234,0.03753989751328503
2023-10-02,0.5383430123329163,0.5384259819984436,0.493492990732193,0.4994710087776184,29552607,-0.07231183271854502,-0.07505962930190037
2023-10-03,0.499440997838974,0.5016899704933167,0.4817140102386474,0.4870710074901581,27649940,-0.02482626833098378,-0.02513963753039178
2023-10-04,0.4870649874210357,0.4883710145950317,0.4722619950771332,0.4830580055713653,17869649,-0.008239049044350799,-0.008273177596077536
2023-10-05,0.4830340147018432,0.4830340147018432,0.4657619893550873,0.4669600129127502,17137741,-0.03332517518175537,-0.03389311224414384
2023-10-06,0.4669789969921112,0.4816260039806366,0.4669789969921112,0.4738709926605224,14821515,0.014799939088282255,0.014691488719616114
2023-10-07,0.4738509953022003,0.4792850017547607,0.4687269926071167,0.471763014793396,20776996,-0.004448421405351843,-0.00445834507255634
2023-10-08,0.4718160033226013,0.4742969870567322,0.4633109867572784,0.4737670123577118,22781877,0.004247890363328732,0.004238893546388571
2023-10-09,0.473812997341156,0.473812997341156,0.4431290030479431,0.449425995349884,32720557,-0.05137761045602185,-0.052744463093204325
2023-10-10,0.449425995349884,0.4504100084304809,0.432873010635376,0.4342150092124939,36680090,-0.03384536340749078,-0.03443137829262931
2023-10-11,0.4342490136623382,0.4357309937477112,0.4265410006046295,0.4338440001010895,36255541,-0.0008544364048522768,-0.0008548016437009782
2023-10-12,0.4339019954204559,0.4339019954204559,0.4188489913940429,0.4245089888572693,36074104,-0.02151697670509456,-0.021751842020678425
2023-10-13,0.4244219958782196,0.4510070085525512,0.4238449931144714,0.4414440095424652,39700285,0.039893196916237494,0.03911801260691215
2023-10-14,0.4414309859275818,0.4444220066070556,0.4382410049438476,0.4383119940757751,26841584,-0.0070949325372798855,-0.007120221256629565
2023-10-15,0.4383159875869751,0.4428690075874328,0.4358089864253998,0.4402559995651245,25763428,0.004435209429868747,0.00442540287391993
2023-10-16,0.4402759969234466,0.4526709914207458,0.4379149973392486,0.4478769898414612,49852101,0.017310360980576034,0.017162243549517026
2023-10-17,0.4478499889373779,0.4509510099887848,0.4290780127048492,0.4335579872131347,45609579,-0.031970837870896385,-0.032493065992914516
2023-10-18,0.4335609972476959,0.4363139867782593,0.4251089990139007,0.4251089990139007,22212047,-0.019487562098770783,-0.01967994816231859
2023-10-19,0.4251100122928619,0.427280992269516,0.4113030135631561,0.4141719937324524,25964345,-0.02572753177848086,-0.02606427295942696
2023-10-20,0.4141649901866913,0.4301309883594513,0.4121890068054199,0.4207369983196258,24825010,0.015850913838984182,0.015726600041709015
2023-10-21,0.4207330048084259,0.4413749873638153,0.418953001499176,0.4393219947814941,23343968,0.04417247956822101,0.04322468612911385
2023-10-22,0.4393599927425384,0.4528299868106842,0.4364419877529144,0.4515230059623718,28329170,0.027772365886088002,0.027393708549904184
2023-10-23,0.4530270099639892,0.471576988697052,0.4492479860782623,0.471576988697052,48081082,0.04441408847360351,0.04345604728996509
2023-10-24,0.4715250134468078,0.4890190064907074,0.4613279998302459,0.4779439866542816,54754961,0.01350150263867067,0.013411169532075294
2023-10-25,0.478083997964859,0.4867079854011535,0.4672189950942993,0.4780139923095703,36838525,0.00014647250984101134,0.00014646178379031005
2023-10-26,0.4780380129814148,0.4985890090465545,0.463113009929657,0.4774619936943054,56046330,-0.0011547750152622882,-0.0011554422816747437
2023-10-27,0.4775129854679107,0.4779959917068481,0.4598000049591064,0.4664500057697296,41674319,-0.02306359054753626,-0.023333716619091158
2023-10-28,0.4664610028266907,0.4830699861049652,0.465939998626709,0.4809319972991943,22480886,0.031047253404074215,0.030575036578212075
2023-10-29,0.4809379875659942,0.4968180060386657,0.4771150052547455,0.492792010307312,28451811,0.024660478143939013,0.02436131688282696
2023-10-30,0.4928210079669952,0.5033180117607117,0.4855020046234131,0.4878630042076111,51217845,-0.010002203762652595,-0.010052561878860443
2023-10-31,0.4879119992256164,0.4954020082950592,0.4696899950504303,0.479772001504898,37679265,-0.01658457934488089,-0.016723643168203843
2023-11-01,0.4798539876937866,0.5244029760360718,0.4677009880542755,0.5200629830360413,89315659,0.08397943482479753,0.08063893127365215
2023-11-02,0.5200369954109192,0.5381630063056946,0.500603973865509,0.5100150108337402,119025376,-0.01932068332116743,-0.019509767171483408
2023-11-03,0.5099850296974182,0.5357109904289246,0.4980570077896118,0.5330259799957275,50376520,0.04511821941156291,0.04413000764171934
2023-11-04,0.5330269932746887,0.5594850182533264,0.5258020162582397,0.5542780160903931,43491480,0.039870544574273525,0.03909622903456405
2023-11-05,0.5542910099029541,0.576960027217865,0.547976016998291,0.5669559836387634,45406417,0.02287293953636227,0.022615275478789634
2023-11-06,0.5669530034065247,0.5780640244483948,0.5583680272102356,0.574072003364563,37266325,0.012551273698759635,0.012473159406493664
2023-11-07,0.5740739703178406,0.5896000266075134,0.5422760248184204,0.5594189763069153,66639710,-0.025524719846584,-0.02585612705362851
2023-11-08,0.5593299865722656,0.577892005443573,0.5526469945907593,0.5712779760360718,85300198,0.02119877986164398,0.020977211576060358
2023-11-09,0.5712299942970276,0.5904510021209717,0.5170570015907288,0.5513589978218079,133144988,-0.034867400897328094,-0.03548977868626893
2023-11-10,0.5513619780540466,0.6094909906387329,0.5490180253982544,0.6040300130844116,125937735,0.09552943811688075,0.09123775154709428
2023-11-11,0.6040289998054504,0.6470410227775574,0.5890840291976929,0.6232100129127502,148331798,0.03175338876026723,0.0312596741232482
2023-11-12,0.6231870055198669,0.6520839929580688,0.6050930023193359,0.6313049793243408,117885187,0.01298914690692543,0.012905511395653938
2023-11-13,0.6313850283622742,0.6484289765357971,0.5776699781417847,0.5777310132980347,94216108,-0.08486225799081148,-0.08868068732132041
2023-11-14,0.5777149796485901,0.5890399813652039,0.5435510277748108,0.5717610120773315,82007912,-0.010333530801164392,-0.010387292416144158
2023-11-15,0.571861982345581,0.6206420063972473,0.5691019892692566,0.6126660108566284,94909302,0.07154212671948401,0.06909885080912977
2023-11-16,0.6126120090484619,0.6215109825134277,0.5666580200195312,0.5721870064735413,102664133,-0.06607026286065631,-0.0683540714852566
2023-11-17,0.5721949934959412,0.5939220190048218,0.544700026512146,0.5685589909553528,96819104,-0.006340611508374505,-0.006360798562946213
2023-11-18,0.5685970187187195,0.5691540241241455,0.5392259955406189,0.562067985534668,67712123,-0.011416590932416648,-0.011482260500169083
2023-11-19,0.5620549917221069,0.576636016368866,0.5506029725074768,0.5755540132522583,49017086,0.02399358807949481,0.023710264956593535
2023-11-20,0.5755019783973694,0.5874760150909424,0.5647929906845093,0.5678229928016663,53326890,-0.0134323109084179,-0.013523340473920849
2023-11-21,0.5678210258483887,0.5822589993476868,0.5194770097732544,0.5235980153083801,80717225,-0.07788514740320385,-0.08108549420661164
2023-11-22,0.523464024066925,0.5842270255088806,0.5215309858322144,0.5841799974441528,68756278,0.11570323103706204,0.10948490658579108
2023-11-23,0.5841270089149475,0.5920770168304443,0.568198025226593,0.5778549909591675,50073709,-0.010827153467523498,-0.010886193638364251
2023-11-24,0.5778579711914062,0.6015290021896362,0.5763199925422668,0.5889610052108765,52377585,0.019219379300115413,0.01903701988195155
2023-11-25,0.5889300107955933,0.6023610234260559,0.5862720012664795,0.5977839827537537,48826177,0.014980580148456824,0.014869479452051951
2023-11-26,0.5977979898452759,0.6063839793205261,0.5749359726905823,0.5815219879150391,52621186,-0.027203798207844354,-0.02758067218559145
2023-11-27,0.5815579891204834,0.5859090089797974,0.5483260154724121,0.559270977973938,61641851,-0.03826340259442085,-0.03901467307919294
2023-11-28,0.5592659711837769,0.5706729888916016,0.5503209829330444,0.5621399879455566,61286403,0.005129910337940524,0.005116797175017082
2023-11-29,0.5621200203895569,0.5718380212783813,0.5474510192871094,0.5495460033416748,55122676,-0.022403644775225606,-0.02265841886065316
2023-11-30,0.5495619773864746,0.5591740012168884,0.5450419783592224,0.5577099919319153,46685399,0.014855878380694243,0.014746610668810346
2023-12-01,0.5577719807624817,0.5726019740104675,0.5548959970474243,0.5719879865646362,49069649,0.025601109607632733,0.02527888909440162
2023-12-02,0.5719670057296753,0.6125710010528564,0.5704309940338135,0.609906017780304,57784074,0.06629165665419601,0.06418688743499526
2023-12-03,0.6098729968070984,0.6132680177688599,0.5898810029029846,0.6019629836082458,41124340,-0.013023373996154386,-0.01310892168941394
2023-12-04,0.6020500063896179,0.6166560053825378,0.5824019908905029,0.6057959794998169,104931683,0.006367494340923763,0.006347307496593874
2023-12-05,0.6057119965553284,0.6331220269203186,0.5836759805679321,0.632656991481781,89452165,0.04434003012720922,0.043385135787490176
2023-12-06,0.6323350071907043,0.6392689943313599,0.6021130084991455,0.6033939719200134,87553066,-0.04625416292836504,-0.0473580611933788
2023-12-07,0.6035839915275574,0.6596260070800781,0.6035839915275574,0.6476759910583496,88320356,0.0733882358775142,0.07082022101869484
2023-12-08,0.6475790143013,0.6973209977149963,0.6469560265541077,0.6891869902610779,98929628,0.06409223095470362,0.06212207039078363
2023-12-09,0.689191997051239,0.7031649947166443,0.6659910082817078,0.6718609929084778,84552175,-0.025139762644150743,-0.02546116456104599
2023-12-10,0.671995997428894,0.7217569947242737,0.6718149781227112,0.7181090116500854,85397172,0.06883569552296898,0.06656992099982043
2023-12-11,0.7180969715118408,0.7204959988594055,0.6449459791183472,0.6550940275192261,132260779,-0.0877512788567606,-0.0918426055374978
2023-12-12,0.6550830006599426,0.6719369888305664,0.6243240237236023,0.6452710032463074,87441778,-0.014994831062828506,-0.015108390171866293
2023-12-13,0.6452770233154297,0.6461520195007324,0.6146759986877441,0.6411200165748596,76718988,-0.00643293538771228,-0.006453715884230856
2023-12-14,0.6411160230636597,0.6486889719963074,0.6176620125770569,0.6481800079345703,70543981,0.011011965275126157,0.010951775057445804
2023-12-15,0.6481239795684814,0.6567959785461426,0.6282699704170227,0.6334810256958008,73104338,-0.02267731503414916,-0.022938400031315455
2023-12-16,0.6335470080375671,0.6558910012245178,0.6247090101242065,0.6361449956893921,66916976,0.004205287744278197,0.004196470233242614
2023-12-17,0.6362090110778809,0.6763830184936523,0.6224210262298584,0.6582760214805603,85271399,0.03478927908123319,0.03419781089844249
2023-12-18,0.6582040190696716,0.6582040190696716,0.5787789821624756,0.6178039908409119,84257801,-0.06148185460047728,-0.06345308867309177
2023-12-19,0.6179050207138062,0.6281329989433289,0.5682590007781982,0.5780619978904724,84117278,-0.06432783462007974,-0.0664901145191128
2023-12-20,0.5780680179595947,0.5972200036048889,0.5740150213241577,0.5807380080223083,75416402,0.004629278765256206,0.004618596608746652
2023-12-21,0.5807330012321472,0.6009640097618103,0.5762249827384949,0.5963199734687805,69170665,0.026831316757682577,0.026477668924199216
2023-12-22,0.5965330004692078,0.6184340119361877,0.5965330004692078,0.616694986820221,77088312,0.03416792034135541,0.03359716168372474
2023-12-23,0.616694986820221,0.6240450143814087,0.5941269993782043,0.6190509796142578,60828348,0.0038203534070946343,0.003813074390071959
2023-12-24,0.6189860105514526,0.6443579792976379,0.6097859740257263,0.6187639832496643,79932185,-0.0004636069952951294,-0.00046371449424429984
2023-12-25,0.6187520027160645,0.6535210013389587,0.6181100010871887,0.6449210047721863,69020633,0.04227301884177037,0.041403923254979595
2023-12-26,0.6449429988861084,0.6787300109863281,0.6142309904098511,0.6347900032997131,112381046,-0.015708902947038972,-0.015833595340675143
2023-12-27,0.6347259879112244,0.6808969974517822,0.6088389754295349,0.6728839874267578,92233901,0.06001037182222091,0.05827869281404979
2023-12-28,0.6729469895362854,0.7064589858055115,0.6459940075874329,0.701183021068573,107360771,0.04205633388607799,0.04119600510021255
2023-12-29,0.7009099721908569,0.7058159708976746,0.6199569702148438,0.6279159784317017,91308506,-0.10449061148858896,-0.11036257343648355
2023-12-30,0.6278640031814575,0.642130970954895,0.6202489733695984,0.62391197681427,67897992,-0.006376651900835695,-0.0063970695895108265
2023-12-31,0.6237859725952148,0.6351900100708008,0.5986379981040955,0.6043170094490051,59959374,-0.03140662159639551,-0.0319103852911717
2024-01-01,0.6050059795379639,0.6290640234947205,0.5953969955444336,0.6289510130882263,63342781,0.04076337957404452,0.039954462714416265
2024-01-02,0.6290310025215149,0.6458600163459778,0.6200399994850159,0.6286979913711548,89039541,-0.00040229161223415133,-0.0004023725532134342
2024-01-03,0.6286649703979492,0.6377660036087036,0.512024998664856,0.5754879713058472,131906691,-0.08463526334680915,-0.08843267384107453
2024-01-04,0.5760509967803955,0.5943089723587036,0.5700209736824036,0.5830450057983398,81288065,0.013131524670003003,0.013046053630190358
2024-01-05,0.5830559730529785,0.5909749865531921,0.5542050004005432,0.574679970741272,51862277,-0.014347151547270287,-0.014451067051199726
2024-01-06,0.574766993522644,0.5754179954528809,0.5310720205307007,0.5447390079498291,40244779,-0.052100237203016486,-0.053506517763721534
2024-01-07,0.5447499752044678,0.5543410181999207,0.5118060111999512,0.5165560245513916,41965806,-0.05173667203401955,-0.053123043182633764
2024-01-08,0.5166410207748413,0.5511299967765808,0.4917339980602264,0.5492960214614868,59760849,0.0633813088106534,0.06145374511460627
2024-01-09,0.5493299961090088,0.5502820014953613,0.4962790012359619,0.520317018032074,57855848,-0.05275662356393873,-0.05419922152163874
2024-01-10,0.5203539729118347,0.576216995716095,0.5132579803466797,0.5645679831504822,70401695,0.0850461614455218,0.0816225311984853
2024-01-11,0.5646970272064209,0.5919770002365112,0.5604789853096008,0.585282027721405,72797918,0.03669008018366782,0.03603302265416183
2024-01-12,0.5850459933280945,0.6028739809989929,0.5357760190963745,0.5510749816894531,72895597,-0.05844540650791097,-0.06022294691325648
2024-01-13,0.5510299801826477,0.5646719932556152,0.5371360182762146,0.5591440200805664,44685702,0.014642360221789996,0.014536195941040927
2024-01-14,0.5591610074043274,0.559473991394043,0.5317130088806152,0.531844973564148,37408412,-0.04882292492815177,-0.05005503495587379
2024-01-15,0.5317339897155762,0.5484809875488281,0.5317339897155762,0.5401300191879272,38801274,0.015577933487379347,0.015457843049695994
2024-01-16,0.5400270223617554,0.5553929805755615,0.5376870036125183,0.5505509972572327,36652374,0.01929346212782823,0.01910970309124008
2024-01-17,0.5505689978599548,0.55206298828125,0.535851001739502,0.5405049920082092,39195019,-0.01824718381961199,-0.018415716997052054
2024-01-18,0.5405420064926147,0.550117015838623,0.5040670037269592,0.5095440149307251,46299565,-0.057281574703779814,-0.05898763553265876
2024-01-19,0.509535014629364,0.5296499729156494,0.4964889883995056,0.5296499729156494,46320783,0.039458726617871864,0.03870012249435256
2024-01-20,0.5296900272369385,0.5343539714813232,0.522117018699646,0.5268200039863586,33033810,-0.00534309274805056,-0.005357418118749408
2024-01-21,0.5267869830131531,0.5416820049285889,0.5241439938545227,0.5342159867286682,30739291,0.014038917820784036,0.01394128492634897
2024-01-22,0.5343679785728455,0.5360829830169678,0.4936630129814148,0.4991639852523803,44373109,-0.0656139133741257,-0.0678655571882611
2024-01-23,0.4992049932479858,0.5081980228424072,0.4583419859409332,0.468434989452362,51619446,-0.061560923279514124,-0.06353734065086919
2024-01-24,0.4684619903564453,0.4716759920120239,0.4363900125026703,0.4477429986000061,67418036,-0.044172598798707385,-0.045177924906998845
2024-01-25,0.4477480053901672,0.4539830088615417,0.4327690005302429,0.4520829916000366,48679100,0.00969304492443368,0.009646368744964478
2024-01-26,0.4521239995956421,0.4665600061416626,0.4467209875583648,0.4624829888343811,49534769,0.023004619566722173,0.02274400266478943
2024-01-27,0.4624310135841369,0.4816380143165588,0.4578509926795959,0.4783729910850525,35324361,0.034358025342120735,0.03378096890325443
2024-01-28,0.4784289896488189,0.4799290001392364,0.4634279906749725,0.4683479964733124,34563230,-0.020956439428156837,-0.02117914247536638
2024-01-29,0.4683380126953125,0.4819790124893188,0.4584130048751831,0.4804910123348236,39251371,0.025927335982963262,0.025596921611846228
2024-01-30,0.4804910123348236,0.4887430071830749,0.4723249971866607,0.4776049852371216,49067404,-0.006006412240008641,-0.006024523292053193
2024-01-31,0.4776149988174438,0.4830360114574432,0.4515889883041382,0.4544030129909515,43294918,-0.048579836817764344,-0.04979950203821515
2024-02-01,0.4543850123882293,0.4661499857902527,0.4371300041675567,0.4459640085697174,49852296,-0.018571629544635315,-0.018746247597269488
2024-02-02,0.4459379911422729,0.4631479978561401,0.4425599873065948,0.4616859853267669,34591702,0.035253913892003386,0.034646724061366124
2024-02-03,0.4617190062999725,0.4971629977226257,0.4553419947624206,0.4768739938735962,53253800,0.03289683687513212,0.03236731765295897
2024-02-04,0.4768680036067962,0.4768680036067962,0.4463340044021606,0.4523760080337524,42268424,-0.05137203151056591,-0.05273858200805145
2024-02-05,0.452468991279602,0.4747309982776642,0.4479269981384277,0.4680199921131134,35285788,0.034581816456972225,0.033997302999783485
2024-02-06,0.4681040048599243,0.4782370030879974,0.4663310050964355,0.4663310050964355,30908405,-0.003608792455749854,-0.003615319855997864
2024-02-07,0.4663119912147522,0.490119993686676,0.4663119912147522,0.4854840040206909,37810124,0.041071682377830765,0.040250646414724395
2024-02-08,0.4854829907417297,0.4884200096130371,0.4785189926624298,0.4798850119113922,31673980,-0.011532804506284133,-0.011599823069112147
2024-02-09,0.4798760116100311,0.5042080283164978,0.4798760116100311,0.5022850036621094,43056639,0.0466778315528078,0.045621178283829195
2024-02-10,0.5023159980773926,0.5074679851531982,0.489111989736557,0.4936270117759704,29188082,-0.017237209598165215,-0.017387499855845243
2024-02-11,0.4935359954833984,0.5050600171089172,0.4897570013999939,0.4900420010089874,27218394,-0.00726259033938359,-0.007289091337153852
2024-02-12,0.4901930093765259,0.5343760251998901,0.4883280098438263,0.5203539729118347,49063874,0.061855865090003403,0.060018193354685896
2024-02-13,0.5203800201416016,0.5212249755859375,0.5020859837532043,0.511355996131897,39948041,-0.017292030518353152,-0.01744328386578432
2024-02-14,0.5113630294799805,0.5282729864120483,0.5075889825820923,0.5239199995994568,34475053,0.024569973878470153,0.024272986880275627
2024-02-15,0.5239089727401733,0.5417690277099609,0.5237450003623962,0.5417690277099609,46138409,0.03406823202807674,0.033500762330834925
2024-02-16,0.5417360067367554,0.553583025932312,0.5266389846801758,0.5421010255813599,42957561,0.0006128033431558322,0.0006126156558601612
2024-02-17,0.5421180129051208,0.5429030060768127,0.5121579766273499,0.5270879864692688,35709692,-0.02769417212592573,-0.028084886279239357
2024-02-18,0.5271850228309631,0.5414270162582397,0.5211390256881714,0.5375499725341797,35943096,0.0198486520912593,0.01965423598404657
2024-02-19,0.5375940203666687,0.565559983253479,0.5366969704627991,0.5624290108680725,55338768,0.0462822799833944,0.045243195376326505
2024-02-20,0.5624290108680725,0.5763180255889893,0.5352230072021484,0.5584099888801575,64754541,-0.007145829802968295,-0.007171483529249824
2024-02-21,0.5584120154380798,0.5600029826164246,0.5139870047569275,0.5479090213775635,54223717,-0.018805121168503414,-0.018984185902600915
2024-02-22,0.5480080246925354,0.5616919994354248,0.5353450179100037,0.5498470067977905,50517300,0.0035370569649584294,0.0035308162903900085
2024-02-23,0.5497909784317017,0.608361005783081,0.5439170002937317,0.592976987361908,120914980,0.07843996608310855,0.07551552102618798
2024-02-24,0.592976987361908,0.6474260091781616,0.5855079889297485,0.5990340113639832,112114845,0.010214602136622952,0.010162785646043249
2024-02-25,0.5990359783172607,0.6087999939918518,0.5871130228042603,0.5988619923591614,54436791,-0.00028716066460077183,-0.000287201903119328
2024-02-26,0.598816990852356,0.6035730242729187,0.5721979737281799,0.5981919765472412,60549640,-0.0011188150533325558,-0.0011194413941109146
2024-02-27,0.5982159972190857,0.6085439920425415,0.5757989883422852,0.5940660238265991,67027285,-0.006897372218960585,-0.0069212690376184455
2024-02-28,0.5940880179405212,0.6303290128707886,0.5622979998588562,0.5991910099983215,106331897,0.008626963950421729,0.008589964340837386
2024-02-29,0.5991020202636719,0.6509280204772949,0.5829700231552124,0.5982609987258911,123856875,-0.001552111525226385,-0.0015533172981439598
2024-03-01,0.5981979966163635,0.6579440236091614,0.5981979966163635,0.6530399918556213,92309652,0.09156370421336568,0.08761125921988569
2024-03-02,0.6530600190162659,0.6894500255584717,0.6437940001487732,0.6894500255584717,99931318,0.055754676829807615,0.05425584468694672
2024-03-03,0.6893410086631775,0.6935499906539917,0.6349390149116516,0.6676520109176636,113979756,-0.031616525973947374,-0.03212711929923197
2024-03-04,0.6676660180091858,0.7702710032463074,0.6638000011444092,0.769195020198822,189054723,0.1520897228207121,0.1415774436338469
2024-03-05,0.7696430087089539,0.8008890151977539,0.6041920185089111,0.6730819940567017,256777134,-0.12495274100614562,-0.1334773838043345
2024-03-06,0.6730949878692627,0.8380110263824463,0.6458719968795776,0.8019059896469116,228268351,0.19139420862201462,0.1751242252152523
2024-03-07,0.8019059896469116,0.8116649985313416,0.767769992351532,0.7934920191764832,120692555,-0.01049246492613587,-0.010547898936813892
2024-03-08,0.7934849858283997,0.8150169849395752,0.7460839748382568,0.7648220062255859,124743361,-0.03613144462454965,-0.036800347013522416
2024-03-09,0.7648220062255859,0.8220829963684082,0.7632480263710022,0.7829639911651611,120721557,0.023720532087075252,0.023443571484737434
2024-03-10,0.7829679846763611,0.8171110153198242,0.7742850184440613,0.8170179724693298,111848509,0.04349367491791223,0.042574386106026575
2024-03-11,0.817022979259491,0.857574999332428,0.7809929847717285,0.8550469875335693,145960921,0.046546118134099146,0.04549533086181571
2024-03-12,0.8550469875335693,0.8555949926376343,0.7735720276832581,0.8296769857406616,119389300,-0.029670886118304374,-0.030119972369905327
2024-03-13,0.8296769857406616,0.8764079809188843,0.8236070275306702,0.863660991191864,131822797,0.04096052564464525,0.04014386926414736
2024-03-14,0.863660991191864,0.8780459761619568,0.7919620275497437,0.8311640024185181,134013544,-0.03762701928739387,-0.03835318961955126
2024-03-15,0.8311640024185181,0.8427829742431641,0.7220289707183838,0.7698820233345032,138018643,-0.07373030942834002,-0.07658984422083566
2024-03-16,0.7698820233345032,0.7742609977722168,0.6796650290489197,0.6928439736366272,98084151,-0.10006474675718469,-0.10543245908700906
2024-03-17,0.6928420066833496,0.7139790058135986,0.6579899787902832,0.7076740264892578,85250592,0.021404606833469453,0.021178745534011098
2024-03-18,0.6898339986801147,0.6990330219268799,0.6415159702301025,0.6564919948577881,101806538,-0.07232430429216363,-0.07507307310542331
2024-03-19,0.6564919948577881,0.659695029258728,0.5809879899024963,0.6031699776649475,125110628,-0.08122264644581301,-0.08471145632229912
2024-03-20,0.6031699776649475,0.6743900179862976,0.5915290117263794,0.6715030074119568,105997328,0.11328983914542134,0.10731945092152938
2024-03-21,0.6714940071105957,0.6827880144119263,0.6530150175094604,0.6740049719810486,85923909,0.0037259171462755702,0.0037189931105777734
2024-03-22,0.6740139722824097,0.6866469979286194,0.6390020251274109,0.666575014591217,83405256,-0.011023594333426479,-0.011084804401763768
2024-03-23,0.666575014591217,0.6802420020103455,0.6569520235061646,0.6659479737281799,47664589,-0.000940690618926987,-0.0009411333460151773
2024-03-24,0.6659479737281799,0.6842790246009827,0.6532040238380432,0.6806280016899109,47266106,0.022043806034197644,0.021804353910078657
2024-03-25,0.6806280016899109,0.717490017414093,0.6787179708480835,0.7073479890823364,68645376,0.03925784323607506,0.038506846137839695
2024-03-26,0.7073389887809753,0.7249959707260132,0.6934270262718201,0.7130669951438904,65076947,0.008085137937514197,0.008052628322040168
2024-03-27,0.7130669951438904,0.721464991569519,0.6797839999198914,0.6937209963798523,65168865,-0.027130688835393713,-0.02750552116708576
2024-03-28,0.6937209963798523,0.7063350081443787,0.6791989803314209,0.7010959982872009,55784650,0.01063107783364603,0.010574965266731089
2024-03-29,0.7010980248451233,0.72502601146698,0.6936349868774414,0.7077080011367798,64939238,0.009430952203025145,0.009386758415679661
2024-03-30,0.7077080011367798,0.7113000154495239,0.6816930174827576,0.6833590269088745,44570846,-0.034405396277552236,-0.035011197737165455
2024-03-31,0.6833590269088745,0.6986420154571533,0.6818619966506958,0.6930549740791321,38239995,0.014188657482314238,0.014088940607225785
2024-04-01,0.6930549740791321,0.6949080228805542,0.6360359787940979,0.6552789807319641,65905731,-0.05450648903770039,-0.05604825398248036
2024-04-02,0.6552789807319641,0.6552979946136475,0.5974770188331604,0.6074349880218506,73687384,-0.07301316556296455,-0.07581591585043108
2024-04-03,0.6074349880218506,0.6205220222473145,0.5867980122566223,0.6035950183868408,58996365,-0.006321614182144608,-0.006341680196178313
2024-04-04,0.6035950183868408,0.6379740238189697,0.5941190123558044,0.6269500255584717,66603754,0.03869317416510354,0.03796335971285462
2024-04-05,0.6269500255584717,0.6292269825935364,0.5980439782142639,0.615913987159729,53603837,-0.017602740168822906,-0.017759510852944332
2024-04-06,0.615913987159729,0.62739497423172,0.6126009821891785,0.6232709884643555,27198586,0.011944851810482549,0.011874075121991302
2024-04-07,0.6232690215110779,0.6431859731674194,0.621396005153656,0.6359000205993652,36749312,0.02026250598656265,0.020059952995437454
2024-04-08,0.6359000205993652,0.6587989926338196,0.6249949932098389,0.6554279923439026,46757614,0.03070918558255631,0.03024709500552672
2024-04-09,0.6554279923439026,0.6560080051422119,0.6194199919700623,0.6212239861488342,50991192,-0.05218575738999187,-0.05359674254107664
2024-04-10,0.6212239861488342,0.6223599910736084,0.5952749848365784,0.6175680160522461,51022292,-0.005885107751960272,-0.005902493242467156
2024-04-11,0.6175680160522461,0.6222670078277588,0.5971869826316833,0.6039159893989563,37882326,-0.022106110255772804,-0.022354112027607762
2024-04-12,0.6039159893989563,0.6098880171775818,0.440416008234024,0.4812340140342712,135214411,-0.2031441086479323,-0.2270814304026166
2024-04-13,0.4812340140342712,0.4909110069274902,0.3642770051956177,0.4231710135936737,135752785,-0.1206543983743894,-0.12857728265953466
2024-04-14,0.4231710135936737,0.4554249942302704,0.4143840074539184,0.4522309899330139,116021889,0.06867194445232827,0.066416704171119
2024-04-15,0.4522309899330139,0.4629319906234741,0.4100399911403656,0.4276629984378814,79464646,-0.054326200640897215,-0.05585759036814505
2024-04-16,0.4276629984378814,0.437855988740921,0.4128380119800567,0.4324559867382049,62967332,0.011207395350616656,0.011145057823800526
2024-04-17,0.4324550032615661,0.4354250133037567,0.4079689979553222,0.4250899851322174,53270147,-0.017032950940384706,-0.017179680190685543
2024-04-18,0.4250899851322174,0.4374890029430389,0.4155470132827759,0.4326040148735046,53812417,0.017676327375602652,0.01752191803885487
2024-04-19,0.4326040148735046,0.4429120123386383,0.3995270133018493,0.4332379996776581,61609677,0.0014655083687535875,0.0014644355593769855
2024-04-20,0.4332390129566192,0.4647830128669739,0.4270659983158111,0.4622910022735595,41668906,0.0670601438874654,0.06490733801076479
2024-04-21,0.4622910022735595,0.4660690128803253,0.445248007774353,0.4531669914722442,37201771,-0.019736509593401563,-0.019933875694143486
2024-04-22,0.4531649947166443,0.4738759994506836,0.4530459940433502,0.4672380089759826,45753512,0.03105040254151037,0.030578090883062358
2024-04-23,0.4672380089759826,0.4707190096378326,0.4571500122547149,0.4625889956951141,41637396,-0.00994998949477055,-0.009999821467526591
2024-04-24,0.4625889956951141,0.4776119887828827,0.4318940043449402,0.4370859861373901,52201068,-0.055131033801186,-0.05670902120967083
2024-04-25,0.4370909929275512,0.4475519955158233,0.4252870082855224,0.4419600069522857,44664815,0.011151171553149597,0.011089455619125593
2024-04-26,0.4419600069522857,0.4470210075378418,0.4295330047607422,0.4392229914665222,44322564,-0.006192903074279665,-0.006212158638247532
2024-04-27,0.4392229914665222,0.4462890028953552,0.4250789880752563,0.4442000091075897,42506634,0.011331414196806389,0.0112676946263773
2024-04-28,0.4442000091075897,0.4533070027828216,0.4388580024242401,0.4400149881839752,34600722,-0.009421478698351082,-0.009466141577051349
2024-04-29,0.4400149881839752,0.4460430145263672,0.4226559996604919,0.4347189962863922,39440718,-0.012035935229026129,-0.012108953585032868
2024-04-30,0.4347200095653534,0.4374620020389557,0.3957099914550781,0.4089570045471191,45235991,-0.0592612514275801,-0.061089809641319104
2024-05-01,0.4089559912681579,0.4240230023860931,0.3884100019931793,0.4188509881496429,50413591,0.024193212226504057,0.02390519263370923
2024-05-02,0.4188509881496429,0.4282239973545074,0.4081999957561493,0.4242050051689148,28392673,0.012782629552634761,0.01270162134505107
2024-05-03,0.4242050051689148,0.4422799944877624,0.4199439883232116,0.440064013004303,31504266,0.03738524449770053,0.03670335929217239
2024-05-04,0.440064013004303,0.4447180032730102,0.434671014547348,0.4376620054244995,21010111,-0.005458314038007894,-0.005473265063824945
2024-05-05,0.4376620054244995,0.4492540061473846,0.430512011051178,0.4474360048770904,33015841,0.022332300568588037,0.022086586259961478
2024-05-06,0.4474360048770904,0.4591319859027862,0.433322012424469,0.4335010051727295,91568730,-0.03114411793523142,-0.03163940667188448
2024-05-07,0.4335010051727295,0.4411270022392273,0.4217950105667114,0.4236289858818054,44622113,-0.02277277139643663,-0.023036076086248265
2024-05-08,0.4236299991607666,0.4469519853591919,0.4179539978504181,0.4406619966030121,51021929,0.040207377891650964,0.03942009509427618
2024-05-09,0.4406619966030121,0.4508709907531738,0.4324040114879608,0.4464159905910492,36141752,0.013057613391655343,0.012973097678554816
2024-05-10,0.4464179873466491,0.4517840147018432,0.4159300029277801,0.4216510057449341,38588057,-0.05547512940413846,-0.05707326036410829
2024-05-11,0.4216510057449341,0.433788001537323,0.4195359945297241,0.422681987285614,23347186,0.002445106324028501,0.0024421219153683026
2024-05-12,0.422681987285614,0.4276410043239593,0.4162459969520569,0.4188640117645263,20069065,-0.009032737698632554,-0.009073780211573507
2024-05-13,0.4188460111618042,0.426486998796463,0.4044269919395447,0.4148550033569336,42914176,-0.009571145514994717,-0.009617243303130449
2024-05-14,0.4148550033569336,0.4174459874629974,0.3999449908733368,0.4002749919891357,104981252,-0.03514483674975355,-0.035777278803884406
2024-05-15,0.4002749919891357,0.4257709980010986,0.3956049978733063,0.4232749938964844,75526832,0.05746050182413831,0.05587028071983851
2024-05-16,0.4232819974422455,0.4248020052909851,0.4073649942874908,0.420401006937027,58624444,-0.006789881284979149,-0.006813037406646954
2024-05-17,0.420401006937027,0.4375990033149719,0.415244996547699,0.4309479892253876,54782838,0.025087909196993108,0.024778373982995316
2024-05-18,0.4309479892253876,0.4354229867458343,0.4261620044708252,0.4349510073661804,38284384,0.0092888660369157,0.009245989830499816
2024-05-19,0.4349510073661804,0.4369139969348907,0.4142020046710968,0.4189029932022095,35156813,-0.03689614207620473,-0.037594024687908636
2024-05-20,0.4189029932022095,0.4631960093975067,0.414896011352539,0.4625250101089477,80178545,0.10413393462118647,0.09906125808817409
2024-05-21,0.4625200033187866,0.4934009909629822,0.4621599912643432,0.4826430082321167,132076065,0.043496022233327825,0.042576635580874295
2024-05-22,0.4826529920101166,0.4826560020446777,0.4645360112190246,0.46731698513031,87399309,-0.03175436676881471,-0.03226947055749156
2024-05-23,0.46731698513031,0.4727970063686371,0.4346520006656647,0.4618250131607055,81529127,-0.011752134299319539,-0.011821736483181007
2024-05-24,0.4618250131607055,0.4925589859485626,0.4513770043849945,0.4918729960918426,66411464,0.06506356753067633,0.06303448520237255
2024-05-25,0.4918740093708038,0.5141819715499878,0.4918740093708038,0.4973979890346527,49572361,0.011232560003717973,0.011169943262832714
2024-05-26,0.4973979890346527,0.4985570013523102,0.4798949956893921,0.480688989162445,33209727,-0.03359281750341703,-0.03417001961005907
2024-05-27,0.480688989162445,0.500482976436615,0.4767679870128631,0.4956789910793304,47162007,0.031184408744215242,0.03070805300198318
2024-05-28,0.4956789910793304,0.5052059888839722,0.4729039967060089,0.4905830025672912,66168098,-0.01028082408928166,-0.010334036789050557
2024-05-29,0.4905830025672912,0.5041419863700867,0.4809379875659942,0.4810869991779327,55247402,-0.019356568286435838,-0.019546359787667385
2024-05-30,0.4810869991779327,0.4865489900112152,0.4638000130653381,0.4685719907283783,44629539,-0.026014023390654173,-0.02635837317492808
2024-05-31,0.4685719907283783,0.4747799932956695,0.4550719857215881,0.4626699984073639,43664686,-0.012595700207859162,-0.012675698505988275
2024-06-01,0.4626699984073639,0.4740050137042999,0.4600969851016998,0.470874011516571,21437592,0.0177318891163194,0.017576513220578478
2024-06-02,0.470874011516571,0.4743480086326599,0.4504730105400085,0.453694999217987,32406675,-0.03648324579064055,-0.0371654023745323
2024-06-03,0.453694999217987,0.4773350059986114,0.4483039975166321,0.4557870030403137,41079246,0.004611035664780605,0.004600437406639185
2024-06-04,0.4557870030403137,0.4758409857749939,0.4543919861316681,0.4647879898548126,49199978,0.019748230542902867,0.01955576402687444
2024-06-05,0.4647879898548126,0.4726560115814209,0.4590800106525421,0.4722329974174499,38752629,0.016018072164392327,0.015891136561471595
2024-06-06,0.4722329974174499,0.4730859994888305,0.4562270045280456,0.4605120122432709,43041546,-0.02482034342851691,-0.025133561808419944
2024-06-07,0.4605120122432709,0.4640350043773651,0.387048989534378,0.4199840128421783,84165915,-0.08800638924415982,-0.09212229468252128
2024-06-08,0.4199329912662506,0.4207859933376312,0.3965919911861419,0.4003500044345855,40378348,-0.046749418566489176,-0.04787747029604169
2024-06-09,0.4003489911556244,0.4238240122795105,0.3975450098514557,0.4172129929065704,30825633,0.04212061517471555,0.04125769015885107
2024-06-10,0.4172120094299316,0.4220510125160217,0.3763040006160736,0.3827930092811584,98517441,-0.08249978838295646,-0.08610246840815926
2024-06-11,0.3828040063381195,0.3837510049343109,0.3501409888267517,0.350951999425888,72744029,-0.08318075064919328,-0.08684493700428893
2024-06-12,0.3509919941425323,0.3741759955883026,0.3471139967441559,0.3603140115737915,72468943,0.02667604733188167,0.026326445287204226
2024-06-13,0.3603290021419525,0.3603290021419525,0.2238540053367614,0.2872799932956695,781283320,-0.20269547098410523,-0.2265185790484629
2024-06-14,0.2870869934558868,0.2969349920749664,0.2675609886646271,0.283156007528305,204499444,-0.014355283568668442,-0.014459317476242666
2024-06-15,0.2831979990005493,0.3267099857330322,0.2792040109634399,0.3123280107975006,197976669,0.10302449001114522,0.09805594311748714
2024-06-16,0.3122920095920563,0.3370479941368103,0.3059400022029876,0.3292770087718963,175038450,0.05426666001271552,0.0528454162350754
2024-06-17,0.3292819857597351,0.3445760011672973,0.3080520033836365,0.3155030012130737,260627341,-0.04183106379092638,-0.0427311739596069
2024-06-18,0.3154979944229126,0.335000991821289,0.2788920104503631,0.3343220055103302,233322613,0.05964762371482868,0.05793642239901369
2024-06-19,0.3343349993228912,0.3570680022239685,0.3226360082626343,0.3249419927597046,145433705,-0.028056821256223774,-0.028457934312973023
2024-06-20,0.3249419927597046,0.3489370048046112,0.3236309885978699,0.3429909944534302,132582914,0.05554530376464095,0.05405750900014009
2024-06-21,0.3433339893817901,0.3656190037727356,0.3275609910488128,0.3280439972877502,143380576,-0.04357839537302899,-0.04455645412260614
2024-06-22,0.3280580043792724,0.3446429967880249,0.3253929913043976,0.342848002910614,88850699,0.045128110086642526,0.0441394712871664
2024-06-23,0.342864990234375,0.3455210030078888,0.324315994977951,0.3331339955329895,78940705,-0.028333276831590926,-0.0287424107163496
2024-06-24,0.3331469893455505,0.345441997051239,0.3137019872665405,0.326568990945816,150719993,-0.019706798691229377,-0.019903567055479778
2024-06-25,0.3265630006790161,0.3324609994888305,0.3152779936790466,0.3244529962539673,109800080,-0.006479472180504042,-0.006500555080426852
2024-06-26,0.3244610130786896,0.3251209855079651,0.2957830131053924,0.2969549894332886,102035322,-0.0847518966943196,-0.08856009930769683
2024-06-27,0.2969410121440887,0.2993839979171753,0.2844229936599731,0.2914929986000061,110454826,-0.018393329048641993,-0.018564589610812077
2024-06-28,0.2914730012416839,0.2962230145931244,0.2750929892063141,0.2783589959144592,112311611,-0.04505769520581082,-0.04610435415446978
2024-06-29,0.2783870100975036,0.2845450043678283,0.2723309993743896,0.2754670083522796,77414679,-0.010389416561440212,-0.010443763297990844
2024-06-30,0.2755079865455627,0.2868790030479431,0.2730030119419098,0.2853679955005646,78608339,0.03594255155093973,0.035311690128855246
2024-07-01,0.2853620052337646,0.2907350063323974,0.2713179886341095,0.2828600108623504,96821958,-0.008788598153114169,-0.008827445659427736
2024-07-02,0.2828609943389892,0.2895349860191345,0.2772690057754516,0.2848129868507385,76808147,0.006904390558545526,0.0068806644012189295
2024-07-03,0.2848089933395386,0.2848089933395386,0.2680650055408478,0.2717489898204803,93984349,-0.04586868448209025,-0.046953969712963534
2024-07-04,0.2717440128326416,0.2746120095252991,0.2416190057992935,0.2416770011186599,135710448,-0.11066090336411638,-0.11727668016059908
2024-07-05,0.2417249977588653,0.2422139942646026,0.2216079980134964,0.2361920028924942,172263958,-0.02269557384764398,-0.022957082687860522
2024-07-06,0.2362010031938552,0.264955997467041,0.2350289970636367,0.2648690044879913,71882019,0.12141393969443492,0.11459033524764924
2024-07-07,0.2648920118808746,0.2681390047073364,0.2527070045471191,0.2542249858379364,76610726,-0.0401859729515367,-0.04101573511126886
2024-07-08,0.2542330026626587,0.2960210144519806,0.248769998550415,0.2882620096206665,138116478,0.1338854387995838,0.12565017621603605
2024-07-09,0.2882519960403442,0.2928619980812073,0.2791920006275177,0.284155011177063,76809408,-0.014247449565095494,-0.014349918923761246
2024-07-10,0.2841610014438629,0.2946139872074127,0.2789309918880462,0.2927539944648742,64603928,0.030261592967132378,0.029812743750167493
2024-07-11,0.2927649915218353,0.2954860031604767,0.2674579918384552,0.2682270109653473,89240417,-0.08378018391981246,-0.08749896921046664
2024-07-12,0.268215000629425,0.2814419865608215,0.2677730023860931,0.2814249992370605,63026287,0.04920454589645429,0.0480323017275147
2024-07-13,0.2813650071620941,0.2924749851226806,0.278093010187149,0.2904309928417206,48535330,0.03200139869974317,0.03150002238766103
2024-07-14,0.2903980016708374,0.2917749881744385,0.2810460031032562,0.2859860062599182,50656602,-0.01530479422430242,-0.015423121455884793
2024-07-15,0.2860389947891235,0.3045580089092254,0.284056007862091,0.3043659925460815,75161068,0.06426883093524038,0.06228801965954654
2024-07-16,0.3045910000801086,0.3046880066394806,0.2825720012187958,0.2881380021572113,106733442,-0.053317357347053895,-0.054791360595549336
2024-07-17,0.2881479859352112,0.2976199984550476,0.2827970087528229,0.2835809886455536,74559057,-0.01581538525824633,-0.01594178292020503
2024-07-18,0.2835899889469147,0.2908909916877746,0.2728100121021271,0.2777009904384613,65042213,-0.02073481101528163,-0.020952795721953143
2024-07-19,0.2777140140533447,0.2990050017833709,0.2710179984569549,0.2987749874591827,79311596,0.07588736715503863,0.0731457788953292
2024-07-20,0.2987779974937439,0.2987779974937439,0.2919560074806213,0.2934260070323944,52208589,-0.017903039582652602,-0.018065237806043497
2024-07-21,0.2934269905090332,0.2934539914131164,0.2756789922714233,0.2904829978942871,63051647,-0.010029816947283665,-0.01008045443563074
2024-07-22,0.2904829978942871,0.2909339964389801,0.2689130008220672,0.2711009979248047,212737872,-0.06672335424098019,-0.0690536100182632
2024-07-23,0.2711009979248047,0.2854759991168976,0.2646619975566864,0.2728469967842102,76227908,0.0064403999718576355,0.006419749214625437
2024-07-24,0.2728370130062103,0.2736110091209411,0.2580099999904632,0.2598159909248352,57128762,-0.04775938900907528,-0.04893753348728557
2024-07-25,0.2598240077495575,0.2615300118923187,0.2445569932460785,0.2526809871196747,75232920,-0.02746175776080184,-0.027845880623411416
2024-07-26,0.2526809871196747,0.2684659957885742,0.2524249851703644,0.2666890025138855,38839171,0.055437552124079525,0.05395542229644714
2024-07-27,0.2666890025138855,0.2711850106716156,0.2615709900856018,0.2683820128440857,45209081,0.006348257011880465,0.0063281917033866575
2024-07-28,0.2683820128440857,0.2700470089912414,0.2612279951572418,0.2635630071163177,40009403,-0.017955770122968562,-0.018118931033993903
2024-07-29,0.2635630071163177,0.2687210142612457,0.2561169862747192,0.2586419880390167,58713506,-0.018671129651852802,-0.01884763569074761
2024-07-30,0.2586419880390167,0.2779699862003326,0.2542150020599365,0.257077008485794,79378787,-0.006050755970011479,-0.006069135973364823
2024-07-31,0.2570779919624328,0.2711760103702545,0.2509289979934692,0.2616260051727295,78205447,0.017695073992534338,0.01754033887047274
2024-08-01,0.2616260051727295,0.2915619909763336,0.2545819878578186,0.2871789932250976,200324345,0.09766990875198989,0.09318966833729454
2024-08-02,0.2871789932250976,0.2898330092430115,0.2623629868030548,0.2896710038185119,145341074,0.008677551813342399,0.008640118259133772
2024-08-03,0.2896710038185119,0.289898008108139,0.2467159926891327,0.2526389956474304,140953438,-0.1278416123219679,-0.13678423432175496
2024-08-04,0.2526389956474304,0.2604379951953888,0.2335090041160583,0.2455420047044754,116407747,-0.02809143111405965,-0.028493543878241295
2024-08-05,0.2455420047044754,0.2470149993896484,0.1810930073261261,0.2096199989318847,250415492,-0.1462967846003579,-0.15817166854490078
2024-08-06,0.2096190005540847,0.2386939972639084,0.2092619985342025,0.229432001709938,111214415,0.09451389599754334,0.09031033410625418
2024-08-07,0.229432001709938,0.2435870021581649,0.2255550026893615,0.2325810045003891,107696189,0.013725211683556893,0.013631874048460968
2024-08-08,0.2325800061225891,0.2567749917507171,0.2264699935913086,0.2558630108833313,104528041,0.10010278540568973,0.09540361671686035
2024-08-09,0.2558630108833313,0.2558999955654144,0.241793006658554,0.2523150146007538,79425244,-0.013866780783703514,-0.013963822739104282
2024-08-10,0.2523150146007538,0.2598139941692352,0.2494180053472519,0.2567619979381561,54395429,0.017624727345056712,0.017471212979338183
2024-08-11,0.2567619979381561,0.2602519989013672,0.244497001171112,0.2459349930286407,54639763,-0.04216747414515443,-0.04308233272889367
2024-08-12,0.2459349930286407,0.3181900084018707,0.2457640022039413,0.3033829927444458,255097810,0.23359018173194634,0.2099287647582462
2024-08-13,0.3033829927444458,0.3243300020694732,0.2987099885940552,0.3063490092754364,198846254,0.009776475945996843,0.00972899541572965
2024-08-14,0.3063600063323974,0.3267039954662323,0.2953400015830993,0.3249920010566711,151112411,0.060855400921087766,0.059075564690095284
2024-08-15,0.3249920010566711,0.3273560106754303,0.3052319884300232,0.3169179856777191,189986625,-0.024843735700264324,-0.025157549749674785
2024-08-16,0.3169179856777191,0.3375790119171142,0.2974860072135925,0.3295370042324066,197588301,0.039817931215554436,0.03904563168852612
2024-08-17,0.3295370042324066,0.3296990096569061,0.3104009926319122,0.3150779902935028,95773372,-0.04387675360642218,-0.0448684554183188
2024-08-18,0.3150779902935028,0.3264040052890777,0.3072479963302612,0.3084979951381683,88432749,-0.020883702949879512,-0.021104851831497178
2024-08-19,0.3084979951381683,0.3089450001716614,0.2928139865398407,0.3035059869289398,82916687,-0.01618165527135007,-0.016314007987825094
2024-08-20,0.3035059869289398,0.3325180113315582,0.2947230041027069,0.3297489881515503,129794671,0.08646617316565419,0.08293038646590266
2024-08-21,0.3307450115680694,0.3452680110931396,0.3243640065193176,0.3363929986953735,194977000,0.020148691224397774,0.01994839238212726
2024-08-22,0.3363929986953735,0.3366369903087616,0.3258390128612518,0.3270100057125091,105645384,-0.027892949672716938,-0.028289346504443747
2024-08-23,0.3270100057125091,0.34477299451828,0.3192969858646393,0.3406319916248321,128970613,0.04165617465631555,0.0408119221395918
2024-08-24,0.3406330049037933,0.3661479949951172,0.3338280022144317,0.3508380055427551,154208802,0.029961994671257486,0.029521903183362612
2024-08-25,0.3508400022983551,0.351036012172699,0.3263539969921112,0.3334720134735107,102472172,-0.04949860560967112,-0.05076565004754474
2024-08-26,0.3334679901599884,0.3361710011959076,0.3103899955749511,0.3149169981479645,108658239,-0.05564189669853692,-0.05724983805275957
2024-08-27,0.3149169981479645,0.3189600110054016,0.287427008152008,0.2947880029678345,115670505,-0.06391841437111745,-0.06605264216969582
2024-08-28,0.2947880029678345,0.3072029948234558,0.2884739935398102,0.293410986661911,127602275,-0.004671208773966651,-0.004682152964704902
2024-08-29,0.293410986661911,0.304284006357193,0.280703991651535,0.289124995470047,80904452,-0.014607466614065978,-0.014715206142777987
2024-08-30,0.2891289889812469,0.2932040095329284,0.2736609876155853,0.2926769852638244,66166235,0.012285308601571288,0.012210456627372817
2024-08-31,0.2926769852638244,0.2950640022754669,0.2812449932098388,0.2833560109138489,45590718,-0.031847308873888536,-0.032365465378367105
2024-09-01,0.2833560109138489,0.2834219932556152,0.2636510133743286,0.265388011932373,78033923,-0.06341139163954013,-0.06551114506508685
2024-09-02,0.265388011932373,0.2835560142993927,0.265388011932373,0.2803289890289306,82704616,0.056298613444396794,0.05477092319289138
2024-09-03,0.2803289890289306,0.2826890051364898,0.2616559863090515,0.2616690099239349,65760758,-0.06656457175418973,-0.06888349006309222
2024-09-04,0.2616690099239349,0.296559989452362,0.2533130049705505,0.2910830080509186,123401321,0.11240917728673372,0.10652809333171595
2024-09-05,0.2910830080509186,0.2953729927539825,0.2782129943370819,0.2793110013008117,89790542,-0.04044209529416298,-0.04128261652170232
2024-09-06,0.2793110013008117,0.2835479974746704,0.2579100131988525,0.2614870071411133,99188650,-0.06381415009322311,-0.06594126462178447
2024-09-07,0.2614870071411133,0.2672959864139557,0.2554909884929657,0.256521999835968,58120709,-0.018987587029384856,-0.019170166111898576
2024-09-08,0.256521999835968,0.2775569856166839,0.2553899884223938,0.2754170000553131,76413706,0.07365840057159789,0.07107188271148078
2024-09-09,0.2754150032997131,0.2878330051898956,0.272801011800766,0.2816649973392486,100134637,0.022685590514313514,0.02243209907995252
2024-09-10,0.2816649973392486,0.2869659960269928,0.270922988653183,0.2797519862651825,71878137,-0.006791795544840107,-0.00681496475481791
2024-09-11,0.2797470092773437,0.284637987613678,0.2677769958972931,0.2755500078201294,87090742,-0.015020370368594826,-0.015134318601147887
2024-09-12,0.2755500078201294,0.2840079963207245,0.2713469862937927,0.2839170098304748,62223307,0.03036473152926611,0.029912847840844938
2024-09-13,0.2839170098304748,0.2866930067539215,0.2748290002346039,0.2841410040855407,63465341,0.0007889427097012014,0.0007886316579921734
2024-09-14,0.2841410040855407,0.2843959927558899,0.2737480103969574,0.2751390039920807,48714043,-0.0316814537994311,-0.03219416918592591
2024-09-15,0.2751390039920807,0.2786349952220917,0.2635279893875122,0.2648679912090301,52753119,-0.03733026809730777,-0.03804488353315433
2024-09-16,0.2648679912090301,0.2676169872283935,0.2585600018501282,0.2631509900093078,66636051,-0.006482479033743438,-0.006503581548129607
2024-09-17,0.2631509900093078,0.2763519883155823,0.2599729895591736,0.2698290050029754,59294011,0.02537712281998794,0.02506046962510267
2024-09-18,0.2698290050029754,0.2839620113372803,0.2554700076580047,0.2827619910240173,93490442,0.04793030319664582,0.04681707910396934
2024-09-19,0.2827619910240173,0.2885130047798157,0.2783620059490204,0.2788200080394745,84304775,-0.013940993166256077,-0.014039081511152305
2024-09-20,0.2788200080394745,0.3068349957466125,0.2744050025939941,0.3066760003566742,110386847,0.09990671943907237,0.09522537569862412
2024-09-21,0.3066760003566742,0.3072969913482666,0.2924839854240417,0.2980889976024627,74969527,-0.028000243723749207,-0.028399725266327364
2024-09-22,0.2980889976024627,0.3062669932842254,0.2873570024967193,0.2966339886188507,83773139,-0.004881122736211885,-0.004893074323097325
2024-09-23,0.2966339886188507,0.3051329851150512,0.2872470021247864,0.2962650060653686,90543430,-0.0012438984325434665,-0.0012446727163522545
2024-09-24,0.2962650060653686,0.3108949959278106,0.2916229963302612,0.3063310086727142,84532897,0.03397634685591111,0.033411900443461415
2024-09-25,0.3063310086727142,0.3119969964027405,0.3006469905376434,0.3029789924621582,89531108,-0.010942464574773991,-0.011002773697423881
2024-09-26,0.3029789924621582,0.3116689920425415,0.2904930114746094,0.3000319898128509,138354359,-0.009726755724410063,-0.009774369616908649
2024-09-27,0.3000319898128509,0.319707989692688,0.29823899269104,0.3184329867362976,123276872,0.061330116614980223,0.059522948481839914
2024-09-28,0.3184329867362976,0.3212809860706329,0.3002519905567169,0.3064909875392914,86932653,-0.03750239357863916,-0.03822369965823972
2024-09-29,0.3064840137958526,0.3074040114879608,0.2967880070209503,0.2997510135173797,82408806,-0.021990773940938846,-0.022236175393593786
2024-09-30,0.2997510135173797,0.3033289909362793,0.2748450040817261,0.2778559923171997,110051563,-0.07304402725200632,-0.07584920888290761
2024-10-01,0.2778559923171997,0.2868140041828155,0.2546089887619018,0.2591060101985931,126495304,-0.06748093486211981,-0.06986568248509119
2024-10-02,0.2591060101985931,0.266418993473053,0.2467740029096603,0.2540279924869537,98135715,-0.01959822432427305,-0.019792816155067627
2024-10-03,0.2540279924869537,0.2597160041332245,0.2473810017108917,0.2592799961566925,100007397,0.02067490129068572,0.020464076422510885
2024-10-04,0.2592799961566925,0.2643150091171264,0.2535789906978607,0.2587440013885498,83003129,-0.0020672430426093014,-0.002069382738864601
2024-10-05,0.2587440013885498,0.2599120140075683,0.2508780062198639,0.2535060048103332,46758878,-0.020243934352514037,-0.0204516509060096
2024-10-06,0.2535060048103332,0.262499988079071,0.2516779899597168,0.2599929869174957,48364344,0.025589066862601317,0.0252671468920747
2024-10-07,0.2599950134754181,0.2670310139656067,0.2549079954624176,0.2559449970722198,67929944,-0.015569611677873851,-0.015692091049253235
2024-10-08,0.2559449970722198,0.2598310112953186,0.2492969930171966,0.2526429891586303,56765383,-0.012901240310853823,-0.01298518407904551
2024-10-09,0.2526429891586303,0.2584060132503509,0.2447430044412613,0.2580029964447021,67786894,0.02121573728969106,0.02099381685173292
2024-10-10,0.2580029964447021,0.2656610012054443,0.2516449987888336,0.2582420110702514,80338953,0.0009264025179667179,0.0009259736719896288
2024-10-11,0.2582420110702514,0.2649050056934356,0.2552309930324554,0.2586919963359833,50653839,0.0017424944294188727,0.0017409780472700098
2024-10-12,0.2586919963359833,0.2634719908237457,0.2569060027599334,0.2605850100517273,50613614,0.007317635421876023,0.00729099142951906
2024-10-13,0.2605850100517273,0.2605980038642883,0.2520700097084045,0.2569639980792999,42223617,-0.013895703255181746,-0.01399315234189932
2024-10-14,0.2569549977779388,0.2692059874534607,0.2550030052661896,0.2685509920120239,69208365,0.04509189621632603,0.04410482051336181
2024-10-15,0.2685509920120239,0.273063987493515,0.2584519982337951,0.2619360089302063,101453835,-0.02463213050250601,-0.024940577096097295
2024-10-16,0.2619549930095672,0.2647840082645416,0.2574479877948761,0.2579469978809356,56058625,-0.015228952542884477,-0.015346103958041465
2024-10-17,0.2579439878463745,0.2608070075511932,0.2506999969482422,0.2591730058193207,63177939,0.0047529451726784355,0.00474168559212186
2024-10-18,0.2591730058193207,0.2665280103683471,0.2582300007343292,0.2654010057449341,74999227,0.024030280105464374,0.023746096595612477
2024-10-19,0.2654010057449341,0.2727670073509216,0.2648870050907135,0.2679679989814758,51756439,0.009672130779371457,0.009625655160997991
2024-10-20,0.2679679989814758,0.2841460108757019,0.2651059925556183,0.2752160131931305,74442776,0.02704805886972994,0.026688725245640404
2024-10-21,0.2752160131931305,0.2763440012931824,0.263357013463974,0.263370007276535,72434643,-0.043042575100027625,-0.04399637660661028
2024-10-22,0.263370007276535,0.2645759880542755,0.2559109926223755,0.2595570087432861,64330148,-0.01447772497969102,-0.014583549884466876
2024-10-23,0.2595570087432861,0.2596740126609802,0.246298000216484,0.2526530027389526,62748602,-0.026599189279307378,-0.026959348707957763
2024-10-24,0.2536099851131439,0.2555240094661712,0.2483939975500106,0.2501119971275329,54536608,-0.010057294328083333,-0.010108210586881548
2024-10-25,0.2501119971275329,0.2522059977054596,0.2285020053386688,0.2350240051746368,74105546,-0.06032494293027724,-0.062221147448943526
2024-10-26,0.2350219935178756,0.2409510016441345,0.2321130037307739,0.2399220019578933,59644129,0.0208404106619533,0.020626220072045297
2024-10-27,0.2399220019578933,0.2441519945859909,0.2385009974241256,0.2426310032606125,38928328,0.011291174967749118,0.01122790546424874
2024-10-28,0.2426310032606125,0.2470159977674484,0.2350739985704422,0.2442229986190796,62516958,0.006561384724429242,0.006539952538474486
2024-10-29,0.2442229986190796,0.2595509886741638,0.243476003408432,0.2593829929828644,75473518,0.06207439286842176,0.060223970148317076
2024-10-30,0.2593829929828644,0.2658869922161102,0.2541219890117645,0.259647011756897,63476413,0.0010178723400344758,0.0010173546592430302
2024-10-31,0.259647011756897,0.259647011756897,0.242479994893074,0.2526539862155914,65502258,-0.026932817343005122,-0.02730215225581983
2024-11-01,0.2526539862155914,0.258556991815567,0.2451629936695099,0.2480079978704452,70520371,-0.018388739535586507,-0.01855991411046945
2024-11-02,0.2480079978704452,0.2491489946842193,0.2355300039052963,0.2374079972505569,46770688,-0.0427405596227004,-0.04368082669655399
2024-11-03,0.2374079972505569,0.2378560006618499,0.2223179936408996,0.2302619963884353,68278840,-0.030100084853417086,-0.030562393069412618
2024-11-04,0.2302619963884353,0.2331809997558593,0.2194679975509643,0.2242030054330825,56503130,-0.02631346488081221,-0.02666585966530483
2024-11-05,0.2242030054330825,0.2386769950389862,0.2239409983158111,0.2370249927043914,46315074,0.05718918551756813,0.0556136743328014
2024-11-06,0.2370249927043914,0.2597529888153076,0.236637994647026,0.2587229907512665,101444963,0.0915430807498685,0.08759236553713975
2024-11-07,0.2587229907512665,0.2680459916591644,0.2577289938926697,0.2618739902973175,63262817,0.012179047315823421,0.012105479441150835
2024-11-08,0.2618739902973175,0.2702359855175018,0.2586140036582947,0.2702359855175018,66937086,0.03193136978090316,0.03143216269771732
2024-11-09,0.2702359855175018,0.2814840078353882,0.2640570104122162,0.2767809927463531,68847536,0.024219599089727595,0.023930955861784377
2024-11-10,0.2767809927463531,0.2929880023002624,0.2735069990158081,0.2844190001487732,130495154,0.02759585232581241,0.027221949972394313
2024-11-11,0.2844190001487732,0.2951160073280334,0.2758699953556061,0.2949829995632171,176736037,0.03714238292420036,0.036469222545667396
2024-11-12,0.2949829995632171,0.2950200140476227,0.2635610103607178,0.277864009141922,202960461,-0.058033820412170534,-0.05978590782329879
2024-11-13,0.277864009141922,0.3227930068969726,0.2558430135250091,0.3136189877986908,334264644,0.12867797728530772,0.12104701621409938
2024-11-14,0.3136189877986908,0.3141199946403503,0.2856529951095581,0.2889910042285919,186248914,-0.07852835615268094,-0.08178327407950149
2024-11-15,0.2890099883079529,0.2965399920940399,0.2768729925155639,0.2901389896869659,137275834,0.003972391671631215,0.003964522556422636
2024-11-16,0.2900669872760772,0.3730480074882507,0.2883689999580383,0.3369689881801605,315047877,0.16140539588877734,0.14963081996600933
2024-11-17,0.3369689881801605,0.3436290025711059,0.3153919875621795,0.3201580047607422,163608943,-0.04988881472508189,-0.05117626410436853
2024-11-18,0.3201580047607422,0.3940980136394501,0.3180789947509765,0.3742560148239136,297036020,0.16897284858955652,0.15612545603504668
2024-11-19,0.3742240071296692,0.4359779953956604,0.3701199889183044,0.4087089896202087,466129985,0.09205723737667948,0.08806329112919516
2024-11-20,0.4087100028991699,0.4087100028991699,0.3614509999752044,0.3742780089378357,227034179,-0.08424326735354626,-0.08800452529296
2024-11-21,0.3742780089378357,0.4188880026340484,0.3594369888305664,0.4054659903049469,302443607,0.08332838324009373,0.0800381383462605
2024-11-22,0.4054929912090301,0.4715909957885742,0.3968900144100189,0.4715909957885742,381127840,0.16308397514152873,0.15107507655452898
2024-11-23,0.4715909957885742,0.5360029935836792,0.4553239941596985,0.4936169981956482,473753045,0.04670573145749546,0.0456478336041272
2024-11-24,0.4936169981956482,0.5302140116691589,0.4681499898433685,0.5068759918212891,366382508,0.0268608935148249,0.02650647241967573
2024-11-25,0.5068759918212891,0.573307991027832,0.4826070070266723,0.5175480246543884,447644056,0.021054524193882207,0.020835940493070578
2024-11-26,0.5175480246543884,0.529899001121521,0.4695749878883362,0.482589989900589,287218874,-0.06754548967150231,-0.0699349111436175
2024-11-27,0.4825829863548279,0.5220779776573181,0.4702799916267395,0.510595977306366,271362169,0.05803267368132947,0.05641121545578385
2024-11-28,0.510595977306366,0.513450026512146,0.475847989320755,0.4963780045509338,173396684,-0.02784583778046723,-0.028240883991325755
2024-11-29,0.4963780045509338,0.544858992099762,0.4874239861965179,0.5411409735679626,241658016,0.09017919530404117,0.08634208209046386
2024-11-30,0.5411409735679626,0.6914889812469482,0.5364090204238892,0.6854130029678345,595234955,0.26660710692193135,0.23634175610760869
2024-12-01,0.6854130029678345,0.7236700057983398,0.6350399851799011,0.6698150038719177,588008667,-0.022757080808764152,-0.023020019982561524
2024-12-02,0.6698700189590454,0.797111988067627,0.6698700189590454,0.7298340201377869,969472831,0.08960536255372675,0.08581557798114563
2024-12-03,0.7298399806022644,0.9698330163955688,0.7263280153274536,0.882004976272583,1235811837,0.20850077132067302,0.18938055940751308
2024-12-04,0.881729006767273,1.232983946800232,0.8679800033569336,1.092406988143921,1619119461,0.23854968796265985,0.21394108861175776
2024-12-05,1.092406988143921,1.186216950416565,1.0000070333480835,1.1020050048828125,1242120174,0.008786118033901724,0.008747744703452687
2024-12-06,1.0595170259475708,1.2966469526290894,1.0533759593963623,1.2553459405899048,1325787395,0.13914722258761292,0.1302799321153797
2024-12-07,1.2552770376205444,1.3273290395736694,1.1619670391082764,1.176921010017395,737327653,-0.062472763910525586,-0.06450946973079466
2024-12-08,1.2024379968643188,1.2393250465393066,1.1492890119552612,1.2113219499588013,607440258,0.029229608145832753,0.028810569128479277
2024-12-09,1.2061560153961182,1.2073299884796145,0.921171009540558,1.0642549991607666,854267880,-0.12141029129624592,-0.1294372607986628
2024-12-10,1.0642549991607666,1.2125829458236694,0.9903680086135864,1.072396993637085,1190550188,0.007650416942122762,0.007621300908006298
2024-12-11,1.0726399421691897,1.1401890516281128,0.982424020767212,1.1340769529342651,772076414,0.05751597557914612,0.05592273875482208
2024-12-12,1.1340769529342651,1.2015509605407717,1.08427095413208,1.1952099800109863,773143890,0.053905536937813636,0.05250282270409502
2024-12-13,1.1952099800109863,1.2435859441757202,1.1193629503250122,1.1384830474853516,668118498,-0.04746189663268485,-0.0486251692461621
2024-12-14,1.1384810209274292,1.2960139513015747,1.1179430484771729,1.145635962486267,716127771,0.006282847176964701,0.0062631923750918125
2024-12-15,1.145635962486267,1.1716899871826172,1.0696280002593994,1.1299010515213013,477665422,-0.013734651739473858,-0.013829844701798844
2024-12-16,1.1299010515213013,1.1627370119094849,1.0521470308303833,1.0718170404434204,495186945,-0.05140628110724954,-0.05277468701034521
2024-12-17,1.0718170404434204,1.1562689542770386,1.0514719486236572,1.1046340465545654,506590272,0.03061810446451596,0.03015872367455041
2024-12-18,1.104663968086243,1.1176899671554563,0.9522209763526917,0.953011989593506,483218851,-0.13725998889313595,-0.1476418950404913
2024-12-19,0.953011989593506,0.9703149795532228,0.8174859881401062,0.8427460193634033,576255902,-0.11570260545949174,-0.12296185375726097
2024-12-20,0.8427460193634033,0.8648200035095215,0.6898409724235535,0.8336840271949768,578078120,-0.010752933814237142,-0.010811164416464437
2024-12-21,0.8336840271949768,0.9354050159454346,0.7818580269813538,0.7916460037231445,465422271,-0.05042440792979319,-0.051740139397169205
2024-12-22,0.7916250228881836,0.8384519815444946,0.7635200023651123,0.8169509768486023,353289618,0.03196501088421777,0.031464762302651696
2024-12-23,0.8168820142745972,0.9839450120925904,0.7982029914855957,0.9516689777374268,616369057,0.1649034087804151,0.1526381726622651
2024-12-24,0.9516689777374268,1.058817982673645,0.907558023929596,1.014623999595642,515758771,0.06615222659447162,0.06405611723183224
2024-12-25,1.0146219730377195,1.0610270500183103,1.004948973655701,1.023429036140442,389896374,0.008678127610138198,0.008640689102244555
2024-12-26,1.023429036140442,1.0247230529785156,0.8969259858131409,0.9465600252151488,386127086,-0.07510927305246462,-0.07807968147765927
2024-12-27,0.9465579986572266,1.004142999649048,0.8972100019454956,0.9002929925918579,416372897,-0.04887913221644302,-0.0501141290515371
2024-12-28,0.9003120064735413,1.044566035270691,0.8838520050048828,1.0189729928970337,386423735,0.13182375213596553,0.12383027166614853
2024-12-29,1.0189729928970337,1.024808049201965,0.9280850291252136,0.9472990036010742,295953680,-0.07033943960789746,-0.07293574828516505
2024-12-30,0.9474800229072572,0.9914010167121888,0.8991559743881226,0.9300320148468018,388031485,-0.01822760151613534,-0.018395770929305073
2024-12-31,0.9300330281257628,0.9463620185852052,0.8865810036659241,0.8935570120811462,283512030,-0.03921908298142163,-0.040008869967958785
