Date,Open,High,Low,CRV_Close,CRV_Volume,SP500_Close,CRV_simple_return,CRV_log_return,SP500_simple_return,SP500_log_return
2021-01-04,0.675711989402771,0.7276189923286438,0.5835899710655212,0.6769840121269226,95367065,3700.65,,,,
2021-01-05,0.6772400140762329,0.7245370149612427,0.6274030208587646,0.6870149970054626,82062825,3726.86,0.014817166578314112,0.014708464818195665,0.007082539553862066,0.0070575761707220575
2021-01-06,0.6875079870223999,0.7830860018730164,0.6704300045967102,0.7296649813652039,98254303,3748.14,0.06208013587133099,0.060229377478934074,0.005709900559720538,0.00569366086621762
2021-01-07,0.7301030158996582,0.7774339914321899,0.6908040046691895,0.7191320061683655,78180776,3803.79,-0.014435357959938222,-0.014540561399897654,0.01484736429268918,0.014738221178340893
2021-01-08,0.7170979976654053,0.7300180196762085,0.6273919939994812,0.6948620080947876,74108158,3824.68,-0.03374901668317032,-0.03433166141806876,0.005491890982414871,0.005476865536105689
2021-01-11,0.7527300119400024,0.7535369992256165,0.5329110026359558,0.6219549775123596,87221329,3799.61,-0.10492303469336117,-0.11084556964859771,-0.006554796741165214,-0.006576373761664375
2021-01-12,0.621612012386322,0.6692820191383362,0.5922690033912659,0.6227740049362183,57763062,3801.19,0.0013168596658468257,0.001315993366603346,0.0004158321511944507,0.00041574571696605784
2021-01-13,0.6226209998130798,0.6888300180435181,0.6036220192909241,0.6855289936065674,50659096,3809.84,0.10076687236933757,0.09600709360287764,0.0022756031663768717,0.0022730179027713113
2021-01-14,0.6853389739990234,0.7851349711418152,0.6627749800682068,0.7831820249557495,65568158,3795.54,0.14244916299663646,0.1331743465132022,-0.003753438464607517,-0.0037605002910535887
2021-01-15,0.7898160219192505,1.1935980319976809,0.7852439880371094,1.1523879766464231,464387731,3768.25,0.4714178057285394,0.3862264296583437,-0.00719001775768402,-0.007215990506594139
2021-01-19,1.6056619882583618,1.6545870304107666,1.329200029373169,1.336781024932861,198373936,3798.91,0.16000952111895694,0.14842821294575875,0.008136402839514334,0.008103480771510008
2021-01-20,1.3328319787979126,1.6437979936599731,1.261104941368103,1.627511978149414,381598455,3851.85,0.21748584681709904,0.19678795111615566,0.013935576257400273,0.013839368887685784
2021-01-21,1.6272380352020264,1.9099220037460327,1.4582949876785278,1.6820570230484009,539857188,3853.07,0.03351437386101952,0.03296500798783782,0.0003167309215053038,0.0003166807728557909
2021-01-22,1.6747699975967407,2.0944690704345703,1.4429479837417605,1.9702550172805784,512050490,3841.47,0.17133663739287197,0.15814552186077868,-0.0030105863636010755,-0.003015127294928243
2021-01-25,2.267699956893921,2.3092939853668213,1.9758590459823608,2.0124781131744385,264289670,3855.36,0.021430269444073335,0.02120387004202028,0.003615803325289546,0.003609282023548102
2021-01-26,2.0080668926239014,2.230413913726806,1.83543598651886,2.141343116760254,338144768,3849.62,0.0640329963055084,0.06206640200393144,-0.0014888363213811928,-0.0014899457394751568
2021-01-27,2.141433000564575,2.141433000564575,1.7484450340270996,1.81673002243042,263029868,3750.77,-0.15159321819520333,-0.16439506268282705,-0.025677859113367063,-0.02601328989204868
2021-01-28,1.816491961479187,2.197551012039185,1.7659800052642822,2.0677030086517334,301853382,3787.38,0.13814544985917165,0.12940013936394362,0.009760662477304782,0.009713334927599454
2021-01-29,2.0803959369659424,2.1275229454040527,1.8681559562683103,2.047548055648804,282853046,3714.24,-0.009747508669570193,-0.009795326623210351,-0.019311502938707092,-0.019500405967127862
2021-02-01,2.5188639163970947,2.671009063720703,2.3098158836364746,2.528693914413452,323379228,3773.86,0.2349863571881774,0.21105992320773165,0.01605173602136656,0.015924269140718334
2021-02-02,2.536640882492065,2.741971015930176,2.43369197845459,2.508725881576538,260862948,3826.31,-0.007896579622823086,-0.007927922718901107,0.013898236818535858,0.013802541965649213
2021-02-03,2.5065789222717285,2.684915065765381,2.420475006103516,2.62868595123291,251933379,3830.17,0.04781712921978798,0.04670907565353699,0.001008804827627774,0.0010082963259948519
2021-02-04,2.6303510665893555,3.180411100387573,2.5824599266052246,3.022052049636841,528640199,3871.74,0.14964362639798545,0.1394520042605948,0.01085330416143404,0.010794829768938023
2021-02-05,3.022386074066162,3.3620200157165527,3.020219087600708,3.269692897796631,386499188,3886.83,0.08194460058672681,0.0787599781769954,0.003897472454245321,0.0038898969855535024
2021-02-08,2.9899580478668213,3.214351892471313,2.856071949005127,3.073446035385132,304219292,3915.59,-0.060019967790781004,-0.06189664627432706,0.007399345996609075,0.007372105129886368
2021-02-09,3.070625066757202,3.2817249298095703,2.948275089263916,3.1898770332336426,298821577,3911.23,0.03788288341751245,0.037182949300476706,-0.0011134975827398197,-0.0011141179817578345
2021-02-10,3.1786820888519287,3.379111051559448,2.9017810821533203,3.094054937362671,360934771,3909.88,-0.030039432515000408,-0.030499860388346643,-0.0003451599624669788,-0.0003452195438772965
2021-02-11,3.089931964874268,3.551772117614746,3.013346910476685,3.551772117614746,364715884,3916.38,0.14793440631090626,0.1379641589051358,0.0016624551137118804,0.0016610747648429303
2021-02-12,3.5511250495910645,3.597501039505005,3.2739949226379395,3.3947479724884038,318877039,3934.83,-0.04421008441042518,-0.045217143647479315,0.004710983101741784,0.004699921149026049
2021-02-16,2.7176029682159424,2.8592140674591064,2.5548369884490967,2.67113995552063,249517463,3932.59,-0.2131551510839722,-0.23972419241913345,-0.0005692749114954987,-0.000569437009979914
2021-02-17,2.674571990966797,2.8706350326538086,2.500581979751587,2.7858879566192627,218506574,3931.33,0.042958438348194905,0.04206132704461316,-0.0003203995331321208,-0.0003204508720288016
2021-02-18,2.786417007446289,3.0086519718170166,2.73722505569458,2.8059868812561035,177000849,3913.97,0.007214548808068821,0.007188648449144602,-0.004415808390544673,-0.00442558686962702
2021-02-19,2.809777975082397,2.869420051574707,2.5690488815307617,2.629528045654297,182687955,3906.71,-0.06288655046128178,-0.06495092665707232,-0.0018548941356217874,-0.0018566165820490526
2021-02-22,2.907283067703247,2.9099910259246826,2.109771966934204,2.5805139541625977,328514349,3876.5,-0.0186398816216099,-0.01881579363077272,-0.007732849379657014,-0.007762902892533376
2021-02-23,2.5771360397338867,2.595482110977173,1.7501369714736938,2.1274330615997314,397764324,3881.37,-0.1755777727270208,-0.19307246857167804,0.0012562878885591378,0.0012554994192235645
2021-02-24,2.1331799030303955,2.387280941009521,2.009171962738037,2.154254913330078,225774968,3925.43,0.012607612532907542,0.012528798333933352,0.01135166191319037,0.011287715277782164
2021-02-25,2.1537420749664307,2.330919981002808,1.999506950378418,1.9995269775390625,159437854,3829.34,-0.07182433928018062,-0.07453427454017555,-0.024478846903396523,-0.024783434790564104
2021-02-26,2.007927894592285,2.092427968978882,1.7994920015335083,1.925629019737244,166699305,3811.15,-0.036957719816698376,-0.037657963492235436,-0.004750165824920272,-0.004761483718072275
2021-03-01,1.764032006263733,2.0019330978393555,1.7590010166168213,1.9952729940414429,126922023,3901.82,0.03616686993723328,0.03552820223467709,0.023790719336683086,0.023512130081996933
2021-03-02,1.9978820085525515,2.565579891204834,1.986780047416687,2.5299251079559326,479160722,3870.29,0.2679593797496087,0.23740882060412094,-0.008080844323930969,-0.008113671312552936
2021-03-03,2.5213348865509038,2.629373073577881,2.268523931503296,2.2864649295806885,295971326,3819.72,-0.09623216814190572,-0.10118277474050233,-0.01306620434127681,-0.013152318131987126
2021-03-04,2.282641887664795,2.3826980590820312,2.015330076217652,2.082221984863281,218554108,3768.47,-0.08932695274484859,-0.09357134048138299,-0.013417213827191521,-0.013508037960082262
2021-03-05,2.0833740234375,2.105781078338623,1.9197649955749512,2.059504985809326,135371064,3841.94,-0.010909979444600926,-0.010969929706511504,0.019495975820425837,0.019308363815583877
2021-03-08,2.236999034881592,2.398132085800171,2.04225492477417,2.3872509002685547,256357392,3821.35,0.15913819909031868,0.14767679718897617,-0.005359271617984662,-0.005373684030541239
2021-03-09,2.3884880542755127,2.4791879653930664,2.2915170192718506,2.4045989513397217,181901573,3875.44,0.007266957599310286,0.007240680489236899,0.014154683554241432,0.014055441418613446
2021-03-10,2.405227899551392,2.471995115280152,2.185575008392334,2.2203569412231445,159652092,3898.81,-0.07662068138802391,-0.0797151661581416,0.006030283013025661,0.006012173623113212
2021-03-11,2.2132010459899902,2.2191450595855717,2.0721709728240967,2.172235012054444,140125214,3939.34,-0.02167305998205471,-0.0219113703143988,0.010395479646353678,0.010341818218279307
2021-03-12,2.1732308864593506,2.216667890548706,1.9803110361099243,2.058861017227173,141320374,3943.34,-0.05219232458648415,-0.05360367134521196,0.0010153985185334946,0.0010148833501624158
2021-03-15,2.113534927368164,2.3449831008911133,2.053061962127685,2.231566905975342,197176278,3968.94,0.08388418999781022,0.08055106151472635,0.006491958593476621,0.006470976590856805
2021-03-16,2.227261066436768,2.6045520305633545,2.1126949787139893,2.601468086242676,270457322,3962.71,0.16575849878256865,0.15337194707866209,-0.0015696886322292825,-0.0015709218841469892
2021-03-17,2.6011109352111816,2.6011109352111816,2.294092893600464,2.4363200664520264,161293885,3974.12,-0.06348262377847358,-0.06558720284244074,0.0028793426720601367,0.002875205304977583
2021-03-18,2.4252259731292725,2.7922821044921875,2.404956102371216,2.607980966567993,244853427,3915.46,0.0704590921692625,0.06808761455682188,-0.014760500437832724,-0.014870520601810135
2021-03-19,2.6094110012054443,2.7919299602508545,2.503619909286499,2.750994920730591,186223471,3913.1,0.05483703907195259,0.053386289662389286,-0.0006027388863633076,-0.0006029206064693933
2021-03-22,2.59949803352356,2.6992380619049072,2.353938102722168,2.368419885635376,151676722,3940.59,-0.13906788130078163,-0.1497396177330422,0.0070251207482558975,0.0070005595506540804
2021-03-23,2.3647611141204834,3.20150089263916,2.243851900100708,2.892865896224976,604238683,3910.52,0.22143286913372084,0.20002465247617654,-0.0076308370066411335,-0.007660100809949314
2021-03-24,2.890598058700561,2.9789819717407227,2.418337106704712,2.5371570587158203,340433941,3889.14,-0.1229607075714555,-0.13120348438833823,-0.005467303581109473,-0.005482303984823847
2021-03-25,2.526766061782837,2.7042040824890137,2.346309900283813,2.3940389156341557,387362358,3909.52,-0.05640886226968689,-0.05806232346992301,0.00524023305923671,0.005226550815926714
2021-03-26,2.3920469284057617,2.63677191734314,2.3914289474487305,2.627938985824585,222687591,3974.54,0.0977010309493953,0.09321802090117766,0.016631197691788335,0.016494413826353246
2021-03-29,3.023308038711548,3.564049005508423,2.9998939037323,3.515036106109619,492055345,3971.09,0.3375638190498871,0.29084991382717734,-0.0008680249789911887,-0.0008684019308247895
2021-03-30,3.523216009140014,3.523216009140014,3.1545250415802,3.2921218872070312,274448491,3958.55,-0.063417334039651,-0.06551748981336732,-0.003157823166939022,-0.0031628196118815713
2021-03-31,3.289655923843384,3.293909072875977,3.0037200450897217,3.127748966217041,246736826,3972.89,-0.049929172315500425,-0.05121874170930254,0.003622538555784205,0.003615992965994899
2021-04-01,3.129600048065185,3.470047950744629,3.0605740547180176,3.3054039478302,297507381,4019.87,0.05679962923240289,0.055245123386025684,0.011825144919693331,0.01175577423688851
2021-04-05,3.1163079738616943,3.4901199340820312,2.930722951889038,3.3183789253234863,337023390,4077.91,0.00392538331110881,0.003917699096466965,0.014438277854756487,0.014335038467166317
2021-04-06,3.3177170753479004,3.397452116012573,3.012516021728516,3.1714088916778564,224962509,4073.94,-0.044289708002922756,-0.045300453701255516,-0.0009735379152555623,-0.0009740121110818412
2021-04-07,3.1851370334625244,3.382024049758911,2.791167974472046,2.890811920166016,365854177,4079.95,-0.08847707157792217,-0.09263853057520761,0.0014752303666720756,0.0014741432833555816
2021-04-08,2.8966360092163086,3.0828371047973637,2.856658935546875,3.0729479789733887,159273320,4097.17,0.06300515697227116,0.061099950686021684,0.004220639958823158,0.0042117580408072355
2021-04-09,3.073870897293091,3.126607894897461,2.93662691116333,2.9843640327453613,140905476,4128.8,-0.028827024353865416,-0.02925068479908059,0.007719962803593772,0.007690316372555687
2021-04-12,3.119204044342041,3.129848957061768,2.9445040225982666,3.0342819690704346,214420794,4127.99,0.016726490393718096,0.01658814323024307,-0.000196182910288778,-0.00019620215667317165
2021-04-13,3.0334439277648926,3.19153094291687,2.980966091156006,3.1149260997772217,215678288,4141.59,0.026577665335266287,0.02623061495110526,0.00329458162447116,0.003289166381145364
2021-04-14,3.1176679134368896,3.2983028888702397,2.988292932510376,3.174901962280273,264805375,4124.66,0.019254345233853387,0.019071325876010313,-0.0040878020277237415,-0.004096179929697001
2021-04-15,3.164223909378052,4.139551162719727,3.148701906204224,4.049071788787842,830577510,4170.42,0.2753375810948582,0.24321091305129816,0.011094247768300924,0.011033158016154329
2021-04-16,4.027602195739746,4.6509690284729,3.701567888259888,3.929995059967041,948629100,4185.47,-0.02940840148859114,-0.02984949802271801,0.0036087492386858155,0.0036022533265398387
2021-04-19,3.223464012145996,3.454472064971924,2.7963900566101074,2.8283729553222656,367066485,4163.26,-0.28031132045596363,-0.32893655000151256,-0.005306453038726788,-0.005320582266875933
2021-04-20,2.819674015045166,3.09312105178833,2.586337089538574,3.02557110786438,341107946,4134.94,0.06972141073935756,0.06739825077828455,-0.006802361610853236,-0.006825603130708005
2021-04-21,3.028601884841919,3.1529810428619385,2.830482006072998,2.8990418910980225,234878496,4173.42,-0.041819944815532306,-0.042719569627155826,0.009306060063749566,0.009263025469113548
2021-04-22,2.88897705078125,3.3008129596710205,2.6858561038970947,2.766953945159912,339060083,4134.98,-0.0455626206519153,-0.04663324368028589,-0.009210671343885979,-0.00925335185679316
2021-04-23,2.763608932495117,2.8546910285949707,2.292475938796997,2.6398870944976807,333713944,4180.17,-0.04592300890461254,-0.047010907335914544,0.010928710658818286,0.010869423861541933
2021-04-26,2.38149094581604,2.835033893585205,2.35850191116333,2.781704902648926,260201340,4187.62,0.053721164229650675,0.0523278650528837,0.001782224167916624,0.001780637890878801
2021-04-27,2.777554035186768,3.192845106124878,2.712510108947754,3.1222500801086426,315775704,4186.72,0.12242318627523252,0.11548990735756416,-0.0002149192142553158,-0.00021494231269923608
2021-04-28,3.12882399559021,3.210637092590332,2.816781044006348,3.042330026626587,252482093,4183.18,-0.02559694176684102,-0.025930243450601628,-0.0008455306301830001,-0.0008458882928303167
2021-04-29,3.0383169651031494,3.244826078414917,2.899866104125977,3.0179359912872314,242730283,4211.47,-0.008018208125304627,-0.008050526830743516,0.006762797680233579,0.006740032543708107
2021-04-30,3.019850015640259,3.390907049179077,2.962610006332397,3.3353490829467773,257690954,4181.17,0.10517555460948014,0.10000419530050136,-0.007194637501869883,-0.007220643718202429
2021-05-03,3.2791569232940674,3.377691984176636,3.190653085708618,3.2423319816589355,200472300,4192.66,-0.027888265658136513,-0.02828452810168232,0.0027480346410215795,0.0027442656970409606
2021-05-04,3.244333982467652,3.248753070831299,2.818312883377075,2.8373188972473145,249527406,4164.66,-0.12491413177388355,-0.1334332623238964,-0.006678337857112138,-0.006700737740405456
2021-05-05,2.824191093444824,3.1291470527648926,2.773258924484253,3.0905981063842773,220444850,4167.59,0.08926709274120981,0.08550507810364007,0.0007035388242977447,0.0007032914568740223
2021-05-06,3.0937180519104004,3.418113946914673,3.025255918502808,3.237778902053833,371473418,4201.62,0.047622107632022015,0.04652293655210253,0.008165390549454088,0.008132234115911918
2021-05-07,3.242538928985596,3.880565881729126,3.116708993911743,3.659497022628784,573532001,4232.6,0.13024920271963003,0.1224381417905415,0.007373346471123199,0.007346296237811824
2021-05-10,3.444180011749268,3.682934045791626,2.833466053009033,3.0953619480133057,353337725,4188.43,-0.15415645131751865,-0.167420867113057,-0.010435666020885526,-0.010490499399026396
2021-05-11,3.088603973388672,3.342421054840088,2.9670610427856445,3.3142549991607666,248021219,4152.1,0.07071646380093055,0.0683280167342052,-0.008673894514173552,-0.008711731693215893
2021-05-12,3.31203293800354,3.872308015823364,3.183389902114868,3.183389902114868,747440881,4063.04,-0.03948552452331999,-0.040286226114907495,-0.021449387057151936,-0.021682768452684537
2021-05-13,3.3143630027771,4.197490215301514,3.0751020908355717,3.3603999614715576,1158333287,4112.5,0.05560426614380276,0.05411336707861788,0.012173151138064053,0.012099654192200689
2021-05-14,3.3616669178009038,3.813805103302002,3.3203001022338867,3.675638914108277,446798063,4173.85,0.09380995008066617,0.08966696868991499,0.014917933130699224,0.01480775516646066
2021-05-17,3.2728590965271,3.2728590965271,2.8531360626220703,3.0824899673461914,361505108,4163.29,-0.16137301857518982,-0.17598927039529072,-0.0025300382141189015,-0.00253324416940257
2021-05-18,3.077455997467041,3.604201078414917,3.042527914047241,3.4876708984375,519145016,4127.83,0.13144598535064844,0.12349644774532437,-0.008517302421882755,-0.008553781927838235
2021-05-19,3.4944710731506348,3.577049016952514,1.5223100185394287,1.9748820066452024,681997453,4115.68,-0.43375333735474786,-0.5687254959854808,-0.0029434351705374118,-0.0029477755951036366
2021-05-20,1.947026014328003,2.426626920700073,1.6514439582824707,2.2078750133514404,451672378,4159.12,0.1179781910626807,0.11152186744307144,0.010554756443649449,0.010499443868610717
2021-05-21,2.203988075256348,2.347254991531372,1.534608006477356,1.8513829708099363,318347802,4155.86,-0.16146386927961454,-0.17609760893893706,-0.0007838196541576359,-0.0007841270013964568
2021-05-24,1.3214800357818604,1.6428420543670654,1.2828030586242676,1.6221660375595093,265183640,4197.05,-0.12380849174071751,-0.1321705952045609,0.009911305963146155,0.009862511119055
2021-05-25,1.6262370347976685,1.7026779651641846,1.3928489685058594,1.611562967300415,214653122,4188.13,-0.006536365583788339,-0.006557821166771324,-0.002125302295660103,-0.002127563955626335
2021-05-26,1.6144709587097168,1.9326030015945437,1.579211950302124,1.8992220163345337,246880287,4195.99,0.17849693426251068,0.16423984200119604,0.001876732575158746,0.0018749737128450623
2021-05-27,1.894536018371582,1.9079220294952397,1.6548999547958374,1.7429540157318115,193117729,4200.88,-0.08228000689688553,-0.08586295329541545,0.0011653983922745859,0.0011647198427041133
2021-05-28,1.7526229619979858,1.7884199619293213,1.5067689418792725,1.5901780128479004,183733480,4204.11,-0.08765349028428915,-0.09173541620485987,0.0007688865190149663,0.0007685910772065211
2021-06-01,1.9621249437332156,2.077096939086914,1.7897950410842896,2.0458478927612305,199805637,4202.04,0.286552748328633,0.25196635332052797,-0.0004923753184382651,-0.0004924965749694844
2021-06-02,2.0490310192108154,2.51782488822937,1.991230010986328,2.3400020599365234,459195469,4208.12,0.14378105440589728,0.13433948863213585,0.0014469162597214869,0.0014458704850342234
2021-06-03,2.333446979522705,2.74001693725586,2.301197052001953,2.504200935363769,401441646,4192.85,0.07017039781225654,0.06781788608666169,-0.003628698801364849,-0.003635298499241423
2021-06-04,2.502490997314453,2.783782958984375,2.1586151123046875,2.680238008499145,474235026,4229.89,0.07029670448941205,0.06793590395030118,0.00883408659980689,0.0087952943520972
2021-06-07,2.4590189456939697,2.56899094581604,2.128500938415528,2.1432809829711914,215535397,4226.52,-0.20033930711572656,-0.22356777517908877,-0.0007967110255822085,-0.0007970285684825064
2021-06-08,2.152087926864624,2.3789141178131104,1.9891730546951292,2.329220056533813,288530071,4227.26,0.08675440833000714,0.08319564731286617,0.00017508493985585183,0.00017506961427659565
2021-06-09,2.323085069656372,2.577181100845337,2.173259019851685,2.5261449813842773,331742660,4219.55,0.08454543584152141,0.08116094606558108,-0.0018238764589828538,-0.001825541746812573
2021-06-10,2.525312900543213,2.535140991210937,2.215893030166626,2.264272928237915,202341403,4239.18,-0.10366469663307354,-0.10944071350325468,0.004652154850635748,0.004641367023082649
2021-06-11,2.2651519775390625,2.309739112854004,2.0692460536956787,2.156493902206421,196371134,4247.44,-0.04759983864461481,-0.04876999494967763,0.0019484900381676606,0.001946594193743096
2021-06-14,2.205104112625122,2.3194119930267334,2.151330947875977,2.217797040939331,134648690,4255.15,0.02842722563239697,0.028030669836299683,0.0018152110447704484,0.0018135655401930488
2021-06-15,2.267421007156372,2.356074094772339,2.198961973190308,2.300092935562134,180688060,4246.59,0.037107045010731365,0.03643514958125289,-0.0020116799642784233,-0.0020137061101785226
2021-06-16,2.2396090030670166,2.254293918609619,2.050942897796631,2.065506935119629,126391915,4223.7,-0.10198979215819082,-0.10757384343740763,-0.005390207201542929,-0.005404786783292966
2021-06-17,2.069209098815918,2.173443078994751,2.01642107963562,2.093203067779541,91566247,4221.86,0.013408879045137656,0.013319775660462142,-0.0004356370007340127,-0.0004357319180995622
2021-06-18,2.0990428924560547,2.1362650394439697,1.8539669513702397,1.9207760095596316,133737965,4166.45,-0.08237473987787491,-0.08596618507799918,-0.013124547000611053,-0.013211434948255869
2021-06-21,1.924502968788147,1.949957013130188,1.436123013496399,1.451341986656189,170289613,4224.79,-0.24439810814331642,-0.28024063957723466,0.01400232812106239,0.013905201143734752
2021-06-22,1.448307991027832,1.5916359424591064,1.220232009887695,1.3993760347366333,187357844,4246.44,-0.03580544929957019,-0.03646218865443278,0.005124515064653945,0.005111429423335091
2021-06-23,1.4003429412841797,1.5773309469223022,1.341523051261902,1.568972945213318,133313218,4241.84,0.12119466552719937,0.11439478247270335,-0.0010832603310065858,-0.0010838474815418405
2021-06-24,1.5052759647369385,1.724526047706604,1.4421000480651855,1.679911971092224,134908742,4266.49,0.07070805536664149,0.06832016361193649,0.005811157422250579,0.005794337776572367
2021-06-25,1.6810519695281982,1.7377649545669556,1.4327620267868042,1.4480960369110107,158746308,4280.7,-0.13799290568213163,-0.1484917782851781,0.003330606657931945,0.0033250724723028176
2021-06-28,1.5850319862365725,1.6655880212783811,1.5534969568252563,1.607025980949402,114448390,4290.61,0.10975096954025987,0.10413563838808898,0.0023150419323942906,0.00231236635141237
2021-06-29,1.6087510585784912,1.8599109649658203,1.6046169996261597,1.785338044166565,149497500,4291.8,0.11095779740400924,0.10522252380099625,0.00027734984069871516,0.00027731138634168957
2021-06-30,1.7917369604110718,1.844349980354309,1.6770169734954834,1.815338969230652,126148293,4297.5,0.016804058571491476,0.016664432399196516,0.001328114078009257,0.001327232914611209
2021-07-01,1.8153079748153689,1.8527400493621824,1.6516940593719482,1.703426957130432,118079356,4319.94,-0.06164799742477234,-0.06363013110184829,0.005221640488656032,0.005208054995811113
2021-07-02,1.6995550394058228,1.7242530584335327,1.5699599981307983,1.6591930389404297,102732899,4352.34,-0.025967604894851504,-0.02631071603115012,0.0075001041681135305,0.007472118231364166
2021-07-06,1.799509048461914,2.059287071228028,1.7992990016937256,1.9691970348358157,175280430,4343.54,0.18684022209577034,0.1712945000767591,-0.002021900862524517,-0.0020239476634912454
2021-07-07,1.9673279523849487,2.0941929817199707,1.9343270063400269,1.9409359693527224,125314654,4358.13,-0.014351568168722961,-0.014455547970982871,0.003359011313352811,0.0033533824363036076
2021-07-08,1.9449360370635984,1.9517710208892824,1.715149998664856,1.758893966674805,131930177,4320.82,-0.09379083367630425,-0.09848513167810297,-0.00856101125941644,-0.008597867216573877
2021-07-09,1.753154993057251,1.793354034423828,1.6788430213928225,1.7679500579833984,97307158,4369.55,0.005148742039131626,0.005135532588805996,0.01127795187024705,0.011214829918570923
2021-07-12,1.7566349506378174,1.789031982421875,1.641759991645813,1.6843780279159546,83486431,4384.63,-0.04727058306317189,-0.04842434330637448,0.0034511562975592103,0.0034452147239393167
2021-07-13,1.68252694606781,1.6905970573425293,1.56837797164917,1.6033539772033691,83259302,4369.21,-0.04810324604675287,-0.04929870180186824,-0.003516830382495284,-0.003523028967647122
2021-07-14,1.6022850275039673,1.629122972488403,1.5071719884872437,1.5981580018997192,99022473,4374.3,-0.0032406913117918323,-0.003245953724192758,0.0011649703264435818,0.0011642922750682311
2021-07-15,1.5973730087280271,1.6466219425201416,1.488556981086731,1.4968409538269043,90038805,4360.03,-0.06339613977615488,-0.06549486071242007,-0.0032622362435132946,-0.003267568936996537
2021-07-16,1.5032199621200562,1.5423059463500977,1.4128799438476562,1.420796036720276,95923390,4327.16,-0.05080360536114925,-0.05213955274332292,-0.007538938952254881,-0.007567500391698108
2021-07-19,1.4137719869613647,1.4196560382843018,1.3248579502105713,1.3360120058059692,92667708,4258.49,-0.059673611639584734,-0.06152824232556144,-0.015869531055010655,-0.015996800327963308
2021-07-20,1.3412439823150637,1.369676947593689,1.226709008216858,1.28438401222229,111114388,4323.06,-0.0386433605082267,-0.0394098259625372,0.01516265155019747,0.015048847488145101
2021-07-21,1.2808419466018677,1.4716429710388184,1.2452739477157593,1.4423569440841677,124372682,4358.69,0.12299509364691241,0.1159993067769602,0.008241847210077813,0.008208068658883821
2021-07-22,1.4468929767608645,1.5492559671401978,1.416841983795166,1.5422300100326538,124821892,4367.48,0.06924296122268192,0.06695088519246478,0.0020166609692362503,0.0020146302382427882
2021-07-23,1.5431009531021118,1.616250991821289,1.4802080392837524,1.6056530475616455,122953005,4411.79,0.041124240299051706,0.0403011295807509,0.010145438559535647,0.010094319060166316
2021-07-26,1.524906039237976,1.7060730457305908,1.5179450511932373,1.5363119840621948,164974618,4422.3,-0.04318558333928524,-0.044145828319106135,0.002382253008416102,0.0023794199422129485
2021-07-27,1.532641053199768,1.5852479934692385,1.4755549430847168,1.570889949798584,89878733,4401.46,0.022507124916750776,0.022257577044284018,-0.004712479931257563,-0.004723618672649374
2021-07-28,1.572772979736328,1.5814069509506226,1.5012500286102295,1.5390169620513916,84492820,4400.64,-0.020289764888545503,-0.020498429496712663,-0.00018630181803303003,-0.0001863191743724431
2021-07-29,1.5409770011901855,1.6325559616088867,1.511222004890442,1.6185740232467651,114346435,4419.15,0.051693427140224735,0.05040165277650262,0.004206206369982368,0.004197385011620316
2021-07-30,1.6213010549545288,1.7053020000457764,1.5296330451965332,1.7005280256271362,128530008,4395.26,0.050633459578188544,0.04939327709663181,-0.005406016994218166,-0.005420682382193263
2021-08-02,1.6590059995651243,1.6918809413909912,1.610234022140503,1.6278409957885742,96540899,4387.16,-0.042743800009856225,-0.043684211769088786,-0.0018428943907755624,-0.0018445946098472469
2021-08-03,1.6259419918060305,1.6381449699401855,1.5360000133514404,1.5634349584579468,93913927,4423.15,-0.03956531227389759,-0.04036929728842096,0.008203484714484954,0.008170019032652822
2021-08-04,1.567283034324646,1.64369797706604,1.5341249704360962,1.6222070455551147,115658728,4402.66,0.03759164190311837,0.03690229876706607,-0.00463244520307915,-0.00464320822964288
2021-08-05,1.624058961868286,1.822460055351257,1.5872900485992432,1.7721049785614014,182570300,4429.1,0.0924036998957749,0.08838049755398306,0.006005460335342772,0.00598749943154757
2021-08-06,1.7711960077285769,1.9711300134658811,1.700551986694336,1.9212679862976076,200547332,4436.52,0.08417278295628794,0.08081728418671544,0.0016752839177258672,0.0016738821949274498
2021-08-09,1.7573879957199097,1.9103389978408811,1.7106989622116089,1.882472038269043,140359231,4432.35,-0.020192887356295652,-0.02039955052282681,-0.000939925887858073,-0.0009403678951865314
2021-08-10,1.8777860403060915,2.073765993118286,1.8334380388259888,2.0684800148010254,193033152,4436.75,0.09881048576053164,0.09422821811348081,0.000992701388653705,0.0009922089864754615
2021-08-11,2.068558931350708,2.192852020263672,2.0281870365142822,2.042396068572998,223516755,4447.7,-0.012610199780217046,-0.012690383148157357,0.0024680227644109376,0.002464982197991973
2021-08-12,2.041490077972412,2.1509668827056885,1.930662989616394,2.0314319133758545,191495143,4460.83,-0.005368280602304543,-0.005382741597623111,0.002952087595835984,0.0029477387419454388
2021-08-13,2.034252882003784,2.373609066009521,2.026628017425537,2.36039400100708,238734770,4468.0,0.16193606365302826,0.15008763424210275,0.0016073241975147479,0.001606033834479566
2021-08-16,2.2226150035858154,2.2850770950317383,2.0972049236297607,2.132673978805542,201397348,4479.71,-0.09647542829899569,-0.10145197319237427,0.0026208594449417255,0.0026174309818667143
2021-08-17,2.1260480880737305,2.2355990409851074,1.913105010986328,1.9235600233078003,247098352,4448.08,-0.09805247195582201,-0.10319893351164657,-0.0070607249129965854,-0.007085769790768185
2021-08-18,1.9225959777832031,2.0155999660491943,1.8591599464416504,1.922036051750183,179967449,4400.27,-0.0007922661830934707,-0.0007925801918091865,-0.010748457761550978,-0.010806639720144598
2021-08-19,1.9179940223693848,2.151439905166626,1.8733140230178835,2.151439905166626,205981325,4405.8,0.11935460482520632,0.11275227352186434,0.0012567410636163956,0.0012559520255743905
2021-08-20,2.1523139476776123,2.3401710987091064,2.127691984176636,2.2696869373321533,235493587,4441.67,0.05496181040500381,0.05350456760459938,0.008141540696354754,0.008108577149077301
2021-08-23,2.4451940059661865,2.513843059539795,2.2823619842529297,2.366067886352539,269508804,4479.53,0.04246442424948449,0.0415875486883753,0.008523820995256282,0.008487698356534068
2021-08-24,2.369007110595703,2.387525081634521,2.0878748893737797,2.098795890808105,258669450,4486.23,-0.11296040873808266,-0.11986566264959785,0.0014956926284677152,0.0014945751943348515
2021-08-25,2.099752902984619,2.250617027282715,2.0956509113311768,2.193470001220703,217228166,4496.19,0.045108774429773346,0.044120970363167825,0.0022201269217136943,0.0022176660815180892
2021-08-26,2.1992440223693848,2.23901891708374,2.024177074432373,2.053100109100342,147081303,4470.0,-0.06399444352657802,-0.06613386611893676,-0.005824931775569864,-0.005841962859469615
2021-08-27,2.05641508102417,2.194916009902954,1.9877150058746336,2.1815309524536133,166312787,4509.37,0.06255459379891093,0.06067600289537959,0.008807606263982137,0.008769045552897689
2021-08-30,2.107028007507324,2.263021945953369,2.0318539142608643,2.101393938064575,278954512,4528.79,-0.036734300881179904,-0.03742599753567928,0.00430658828173347,0.004297341469056862
2021-08-31,2.0980119705200195,2.381498098373413,2.0478529930114746,2.234760999679565,324324812,4522.68,0.06346599711704859,0.061533382525532684,-0.001349146239944865,-0.0013500571571324227
2021-09-01,2.236937999725342,2.3134090900421143,2.165138006210327,2.3134090900421143,213543329,4524.09,0.03519306555547841,0.034587946090090825,0.0003117620525883158,0.0003117134648978685
2021-09-02,2.310610055923462,2.310610055923462,2.20672607421875,2.2087819576263428,158345642,4536.95,-0.04522638597130557,-0.04628101997609363,0.0028425606033477546,0.0028385281677768184
2021-09-03,2.207529067993164,2.273550033569336,2.172538042068481,2.2063050270080566,159212050,4535.43,-0.001121401145882217,-0.0011220303866120475,-0.000335026835208585,-0.0003350829692366939
2021-09-07,2.485706090927124,2.499648094177246,1.6815619468688965,1.9801429510116575,400279363,4520.03,-0.10250716615693656,-0.1081501432275539,-0.003395488410139813,-0.003401266163481994
2021-09-08,1.9863640069961548,2.0579400062561035,1.8280659914016724,1.9813040494918823,253331215,4514.07,0.0005863710393392285,0.000586199191015979,-0.0013185753191903293,-0.0013194454045593487
2021-09-09,1.927000999450684,2.418158054351806,1.9191019535064695,2.374763011932373,318275199,4493.28,0.19858585689631814,0.1811424092862957,-0.004605599824548556,-0.0046162382762889205
2021-09-10,2.373784065246582,2.471086025238037,2.063676118850708,2.144903898239136,332563403,4458.58,-0.09679244309359436,-0.10180289936768545,-0.0077226435922087555,-0.007752617623130543
2021-09-13,2.430021047592163,2.478384017944336,2.0586700439453125,2.3528919219970703,315882142,4468.73,0.09696845808741461,0.09255042799678094,0.0022765095613401787,0.002273922239413449
2021-09-14,2.36500096321106,2.8477299213409424,2.3579649925231934,2.7914741039276123,626755995,4443.05,0.1864013292876987,0.17092463227900437,-0.00574659914561837,-0.005763174377801672
2021-09-15,2.795119047164917,3.1907858848571777,2.717565059661865,3.018062114715576,683302824,4480.7,0.08117145363059386,0.07804513258417661,0.008473908688851006,0.008438206673245678
2021-09-16,3.016495943069458,3.432394027709961,2.927253007888794,3.09977388381958,726215599,4473.75,0.027074250296437175,0.026714226576882247,-0.0015510969268194286,-0.0015523011230354105
2021-09-17,3.105865955352783,3.229526996612549,2.7776529788970947,2.801769971847534,499755619,4432.99,-0.0961373065072868,-0.10107781785536941,-0.009110924839340617,-0.009152683146433816
2021-09-20,3.0417330265045166,3.1283950805664062,2.3655428886413574,2.3916680812835693,475833864,4357.73,-0.14637243409869827,-0.15826028581721663,-0.016977254629493954,-0.01712302037376946
2021-09-21,2.4076669216156006,2.6589560508728027,2.146164894104004,2.194502115249634,369760716,4354.19,-0.08243868268213861,-0.08603587042234032,-0.0008123495489623656,-0.0008126796836591719
2021-09-22,2.1945230960845947,2.519248008728028,2.1534039974212646,2.4523279666900635,247938903,4395.64,0.11748717380985574,0.1110825698646458,0.009519566210937302,0.009474540664091249
2021-09-23,2.450361967086792,2.8344950675964355,2.360308885574341,2.789799928665161,366258642,4448.98,0.13761289948121735,0.12893211920896575,0.012134751708511082,0.012061715863250257
2021-09-24,2.7906830310821533,2.7906830310821533,2.2594809532165527,2.4269590377807617,388283235,4455.48,-0.13005982513520542,-0.1393308342211205,0.0014610090402744635,0.001459942804959862
2021-09-27,2.554887056350708,2.7472739219665527,2.3674979209899902,2.3745229244232178,441709458,4443.11,-0.021605685362325766,-0.021842505503332568,-0.0027763563072890074,-0.0027802175328761427
2021-09-28,2.371721029281616,2.41615891456604,2.2297680377960205,2.232662916183472,259324897,4352.63,-0.05974253050187084,-0.06160153750144946,-0.020364114325326033,-0.020574321587474437
2021-09-29,2.231431007385254,2.4005401134490967,2.215169906616211,2.289199113845825,204193291,4359.46,0.02532231679603325,0.025007018570395206,0.001569166228234442,0.001567936373304978
2021-09-30,2.2891359329223637,2.3967559337615967,2.2601449489593506,2.3352599143981934,222485084,4307.54,0.020120923633849763,0.019921172851583346,-0.011909731939276913,-0.011981220973814677
2021-10-01,2.3352479934692383,2.5564160346984863,2.289742946624756,2.5340030193328857,224607817,4357.04,0.085105346822137,0.08167707612440811,0.011491477734391298,0.011425952216359555
2021-10-04,2.814502954483032,2.90004301071167,2.635343074798584,2.866961002349853,338667031,4300.46,0.13139604825909945,0.12345231113232585,-0.012985880322420762,-0.013070933999937525
2021-10-05,2.8802380561828613,3.024862051010132,2.769412040710449,2.943654060363769,287110829,4345.72,0.026750645701513198,0.026399102733333114,0.010524455523362564,0.010469458977261837
2021-10-06,2.9368131160736084,2.942451000213623,2.6318678855896,2.74001693725586,226960936,4363.55,-0.06917834736420903,-0.07168758543115035,0.004102887438675262,0.004094493547635241
2021-10-07,2.7386550903320312,2.89841890335083,2.6591219902038574,2.8076789379119877,239621515,4399.76,0.02469400817788081,0.02439403941489116,0.00829828923697451,0.00826404773501655
2021-10-08,2.809598922729492,2.9585061073303223,2.7504680156707764,2.956674098968506,214715784,4391.34,0.05306702238800942,0.051706880117789275,-0.0019137407494954628,-0.0019155742909790841
2021-10-11,2.7014729976654053,2.808602094650269,2.6394710540771484,2.69697904586792,161915328,4361.19,-0.08783350630060505,-0.09193274668873483,-0.0068657858421348195,-0.006889463790468167
2021-10-12,2.698138952255249,2.704296112060547,2.5220389366149902,2.687998056411743,158186744,4350.65,-0.0033300182550312085,-0.0033355751055257825,-0.0024167715692277048,-0.0024196966754627294
2021-10-13,2.6863009929656982,2.9941511154174805,2.6541121006011963,2.9684059619903564,320200957,4363.8,0.1043184926825933,0.0992283959984634,0.003022536862308023,0.0030179781813102643
2021-10-14,2.960758924484253,3.147110939025879,2.8599090576171875,2.882606029510498,280022595,4438.26,-0.028904379514966494,-0.029330339241618625,0.01706311013337003,0.016919170336133042
2021-10-15,2.886460065841675,3.014467000961304,2.813265085220337,2.8941140174865723,230251992,4471.37,0.0039922167157988575,0.003984268964387674,0.0074601307719690535,0.007432441620921371
2021-10-18,2.868997097015381,2.8729019165039062,2.7262771129608154,2.794891119003296,117618882,4486.46,-0.03428437783852334,-0.03488587510637795,0.0033748045900920953,0.00336912271696709
2021-10-19,2.794814109802246,2.843626022338867,2.687807083129883,2.797481060028076,144967519,4519.63,0.0009266697393577328,0.0009262406460195596,0.00739335690054066,0.007366160006043284
2021-10-20,2.792820930480957,2.964284896850586,2.792820930480957,2.9328579902648926,203312432,4536.19,0.04839243853020325,0.04725798005098964,0.0036640167447334893,0.0036573205869523144
2021-10-21,2.9340660572052,3.049459934234619,2.843601942062378,2.8567800521850586,205943904,4549.78,-0.025939864232213505,-0.026282236210812795,0.002995906256131331,0.0029914274720985803
2021-10-22,2.8567540645599365,3.3694639205932617,2.8557260036468506,3.336265087127685,370090946,4544.9,0.1678410749808632,0.15515680920718358,-0.0010725793335062406,-0.0010731549583585973
2021-10-25,3.5030839443206787,4.824978828430176,3.486063003540039,4.782371997833252,1261857451,4566.48,0.4334508418665779,0.36008471336862186,0.004748179277871856,0.0047369422309476855
2021-10-26,4.788733959197998,5.255940914154053,4.531915187835693,4.610444068908691,1278384914,4574.79,-0.03595034618855575,-0.0366124775949303,0.0018197824144636776,0.001818128616510003
2021-10-27,4.635385990142822,4.706809043884277,4.083062171936035,4.433498859405518,802723098,4551.68,-0.03837921181962356,-0.039135097110847755,-0.005051597996847845,-0.005064400451443849
2021-10-28,4.417925834655762,5.490807056427002,4.417925834655762,4.760985851287842,1279224254,4596.42,0.07386648835773846,0.0712656758431595,0.009829337739032606,0.00978134404008955
2021-10-29,4.780815124511719,4.998627185821533,4.565275192260742,4.638280868530273,484551051,4605.38,-0.025773019830415356,-0.02611096330053054,0.0019493431844783693,0.00194744568057697
2021-11-01,4.420482158660889,4.530279159545898,4.191091060638428,4.484818935394287,363074931,4613.67,-0.033085950912803086,-0.03364567156696443,0.0018000686154020507,0.0017984504334932693
2021-11-02,4.508138179779053,4.619680881500244,4.246963977813721,4.272500038146973,318859673,4630.65,-0.04734168765915814,-0.0484989786101782,0.0036803672564356127,0.003673611276116367
2021-11-03,4.27645206451416,4.606722831726074,4.108612060546875,4.39374303817749,442652600,4660.57,0.02837753047349345,0.027982347156409276,0.00646129593037692,0.0064405112404735685
2021-11-04,4.371642112731934,4.526126861572266,4.06817102432251,4.169503211975098,296009780,4680.06,-0.05103617217801759,-0.05238459719771632,0.004181891914508462,0.004173172106260179
2021-11-05,4.16057014465332,4.2218828201293945,4.032350063323975,4.09223222732544,184286084,4697.53,-0.018532419984167325,-0.01870629686991301,0.0037328581257503046,0.0037259083006282606
2021-11-08,4.500945091247559,4.672248840332031,4.3027777671813965,4.631724834442139,399708419,4701.7,0.13183333133303,0.12383873513628672,0.0008877005575269603,0.0008873067844048929
2021-11-09,4.636549949645996,4.992720127105713,4.441473960876465,4.520167827606201,511833314,4685.25,-0.02408541327981839,-0.024380210004954942,-0.0034987345002870374,-0.003504869385575243
2021-11-10,4.522092819213867,4.591526031494141,3.7160489559173584,4.09959602355957,431013221,4646.71,-0.09304340460061145,-0.09766068513955936,-0.008225815057894437,-0.008259833757375561
2021-11-11,4.098423004150391,4.41866397857666,4.0467071533203125,4.190141201019287,330721663,4649.27,0.022086365812477915,0.02184599487685522,0.0005509274303756584,0.0005507757255752215
2021-11-12,4.177515983581543,4.294978141784668,3.889116048812866,4.024740219116211,294180534,4682.85,-0.039473844428641436,-0.04027406594037508,0.007222639253044116,0.007196680911038463
2021-11-15,4.130681037902832,4.159005165100098,3.9042210578918457,3.932673931121826,185560480,4682.8,-0.022875088324235127,-0.023140782833597648,-1.0677258507119092e-05,-1.0677315509449458e-05
2021-11-16,3.941226959228516,4.08631706237793,3.300795078277588,3.7100770473480233,376889994,4700.9,-0.05660191708553508,-0.05826694023657925,0.003865208849406221,0.0038577581225869607
2021-11-17,3.7112479209899902,4.059200763702393,3.691750049591065,4.029566764831543,448241367,4688.67,0.08611403844345822,0.08260622377363665,-0.0026016294752068125,-0.002605019594335725
2021-11-18,4.032886028289795,4.240295886993408,3.5889909267425537,4.136728763580322,556156241,4704.54,0.026593925601145596,0.026246454120078207,0.00338475516511072,0.003379039774514253
2021-11-19,4.1314849853515625,4.295724868774414,3.8827929496765137,3.964900016784668,387555820,4697.96,-0.04153734910261242,-0.04242468345554858,-0.0013986489646171663,-0.0013996279870592404
2021-11-22,3.802921056747437,4.532004833221436,3.709460973739624,4.2414751052856445,757361989,4682.94,0.06975587967669994,0.06743047260882211,-0.0031971323723489764,-0.0032022541195681504
2021-11-23,4.247409820556641,5.091209888458252,4.124794960021973,5.06781816482544,987904090,4690.7,0.194824451170307,0.17799927180584885,0.0016570786727996278,0.001655707232782677
2021-11-24,5.042384147644043,6.131659030914307,4.556894779205322,4.967974185943604,978395499,4701.46,-0.019701570899846033,-0.01989823418421554,0.002293900697124096,0.0022912737234973743
2021-11-26,5.921597957611084,6.102519035339356,4.742793083190918,4.897693157196045,1064977420,4594.62,-0.014146818424784269,-0.014247838534396571,-0.02272485568312821,-0.022987044973283768
2021-11-29,4.878452777862549,5.033348083496094,4.608986854553223,4.683528900146484,379400333,4655.27,-0.043727577489188985,-0.04471244573898165,0.013200221128189193,0.013113857392683798
2021-11-30,4.687207221984863,5.044846057891846,4.529758930206299,5.044846057891846,438855358,4567.0,0.07714634956860422,0.07431527526436538,-0.01896130621854386,-0.019143376992336782
2021-12-01,5.046619892120361,5.478903770446777,4.819560050964356,4.987939834594727,612844699,4513.04,-0.011280071313196638,-0.01134417382744644,-0.011815195971097037,-0.011885550113429818
2021-12-02,4.989818096160889,4.989818096160889,4.656983852386475,4.72745418548584,343520601,4577.1,-0.05222309365125921,-0.05363613527752477,0.014194423271231882,0.014094625715697029
2021-12-03,4.746796131134033,4.820468902587891,4.025071144104004,4.377219200134277,393542822,4538.43,-0.07408532618398478,-0.07697319348867142,-0.00844858097922263,-0.008484472537634197
2021-12-06,3.6022229194641118,3.843646049499512,3.2158749103546143,3.7276339530944815,488763691,4591.67,-0.14840135194048976,-0.16063993349400438,0.011730928977641941,0.011662655055923081
2021-12-07,3.723298072814941,4.194253921508789,3.673595905303955,4.164789199829102,459118846,4686.75,0.11727418846255477,0.110891958597115,0.020707063007576743,0.020495586171745628
2021-12-08,4.162318229675293,4.208412170410156,3.797595024108887,4.171004772186279,350995871,4701.21,0.00149240983371568,0.0014912972969294673,0.0030852936469836223,0.003080543895616996
2021-12-09,4.167558193206787,4.259489059448242,3.608772039413452,3.6586039066314697,309766356,4667.45,-0.12284830479496878,-0.13107533098037644,-0.007181129964413446,-0.007207038387208448
2021-12-10,3.6656570434570312,3.7807869911193848,3.327315092086792,3.344188928604126,223994168,4712.02,-0.08593851262702834,-0.08985743695375356,0.00954911139915815,0.009503806818878939
2021-12-13,3.848728895187378,3.900691032409668,3.2635440826416016,3.3301329612731934,312600642,4668.97,-0.004203102046869023,-0.004211959909323502,-0.009136209099282255,-0.009178200213042893
2021-12-14,3.315185070037842,3.449908971786499,3.2411999702453613,3.409292936325073,191358076,4634.09,0.023770815151360924,0.023492688238626137,-0.007470598440341258,-0.007498643121874399
2021-12-15,3.4287779331207275,3.787389039993286,3.239595890045166,3.72340989112854,366173929,4709.85,0.09213551333669168,0.08813496608555617,0.016348409288555077,0.016216212899904034
2021-12-16,3.703450918197632,4.090028762817383,3.700716018676758,3.830856084823608,401236986,4668.67,0.028856934056889827,0.02844841322747689,-0.00874337823922211,-0.008781825842753357
2021-12-17,3.826791048049927,4.447218894958496,3.708062887191773,4.288558006286621,718717326,4620.64,0.11947771237772509,0.11286224830800343,-0.010287726483131143,-0.010341010906645293
2021-12-20,4.14788818359375,4.3007121086120605,3.788384914398194,4.1137309074401855,504044681,4568.02,-0.04076594011090806,-0.04162016725757729,-0.011388032826621375,-0.011453373010201799
2021-12-21,4.11480188369751,4.632546901702881,4.038977146148682,4.624301910400391,438515958,4649.23,0.1241138553901946,0.11699504117265833,0.017777943178882483,0.01762176386180875
2021-12-22,4.62290620803833,5.267244815826416,4.618202209472656,5.050278186798096,830592459,4696.56,0.09211688264549811,0.08811790698448499,0.010180180373954517,0.010128711352276767
2021-12-23,5.050219058990479,5.41114616394043,4.91527795791626,5.186142921447754,790816661,4725.79,0.026902425891077053,0.026546917563344794,0.006223704157936716,0.006204416895324275
2021-12-27,5.7427659034729,5.796267032623291,5.271668910980225,5.273466110229492,474832346,4791.19,0.016837790647960205,0.016697606457337352,0.01383895602639984,0.013744072068897223
2021-12-28,5.279151916503906,5.285715103149414,4.669250965118408,4.731206893920898,798522184,4786.35,-0.10282785647502635,-0.10850752505151232,-0.0010101874482121298,-0.0010106980314378653
2021-12-29,4.727324962615967,5.193443775177002,4.719576835632324,4.827610015869141,878003531,4793.06,0.02037601062682537,0.020171197235370888,0.0014019033292591576,0.001400921580224578
2021-12-30,4.84644889831543,5.268301010131836,4.661808013916016,5.11720609664917,690327644,4778.73,0.0599874637404596,0.05825708139409651,-0.002989739331450192,-0.002994217530076943
2021-12-31,5.118381977081299,5.689998149871826,5.0079522132873535,5.345202922821045,858550012,4766.18,0.04455494304229246,0.04359090287353514,-0.0026262207741385435,-0.0026296753415458013
2022-01-03,6.0311150550842285,6.686501979827881,5.751461982727051,6.503538131713867,1238072027,4796.56,0.216705563028744,0.19614684802793958,0.00637407735335227,0.006353848835552744
2022-01-04,6.505204200744629,6.743055820465088,6.067783832550049,6.068880081176758,1095010329,4793.54,-0.06683408964999249,-0.06917226934563417,-0.000629617892823231,-0.000629816185405453
2022-01-05,6.070368766784668,6.407586097717285,5.033635139465332,5.422452926635742,987295272,4700.58,-0.10651506470625027,-0.11262580485635289,-0.01939276609770646,-0.019583272775802296
2022-01-06,5.42195987701416,5.511975765228272,5.11560583114624,5.407585144042969,865590992,4696.05,-0.002741892422844505,-0.002745658295193482,-0.0009637108612128298,-0.0009641755290858112
2022-01-07,5.404829025268555,5.412926197052002,4.759623050689697,4.996163845062256,944308485,4677.03,-0.07608226001470131,-0.07913223729343803,-0.0040502124125595396,-0.004058436737205577
2022-01-10,4.521903038024902,4.606253147125244,4.065854072570801,4.301743984222412,743379812,4670.29,-0.13899061007099356,-0.14964986877298433,-0.0014410854751839564,-0.0014421248375173315
2022-01-11,4.304295063018799,4.654915809631348,4.271045207977295,4.607398986816406,541471801,4713.07,0.07105374092810979,0.06864296847760189,0.009160030747555226,0.009118332112991406
2022-01-12,4.607698917388916,5.000748157501221,4.587051868438721,4.901226997375488,597955885,4726.35,0.06377307704408497,0.06182209471862788,0.002817696321081753,0.0028137340560308905
2022-01-13,4.901122093200684,5.169649124145508,4.770269870758057,5.009435176849365,725223891,4659.03,0.022077773490560615,0.021837588191939712,-0.014243549462058636,-0.014345962458906215
2022-01-14,5.009903907775879,5.369894981384277,4.66909122467041,5.346951961517334,841389179,4662.85,0.06737621563160867,0.06520350214331808,0.0008199131578892072,0.0008195772127140056
2022-01-18,4.771790027618408,4.834123134613037,4.417871952056885,4.557508945465088,461906026,4577.11,-0.14764355874785562,-0.1597504813630807,-0.0183878958147915,-0.018559054584436702
2022-01-19,4.558743953704834,4.56012487411499,4.196609973907471,4.198927879333496,470478337,4532.76,-0.0786791798814559,-0.08194696449180884,-0.009689520243122751,-0.009736769104655738
2022-01-20,4.198763847351074,4.548586845397949,3.9619429111480713,3.963968992233277,267724307,4482.73,-0.055956876100838104,-0.05758343178346176,-0.01103742532143781,-0.011098789654240207
2022-01-21,3.966315984725952,4.046950817108154,3.234880924224853,3.303929090499878,669632399,4397.94,-0.16650985490215353,-0.18213340037906736,-0.01891481307149878,-0.01909598635863535
2022-01-24,3.0123291015625,3.01664400100708,2.37581205368042,2.8151979446411133,559691060,4410.13,-0.14792422369598146,-0.16007981678372307,0.0027717522294530283,0.002767918007616829
2022-01-25,2.814966917037964,3.103890895843506,2.7165210247039795,3.024614095687866,508384805,4356.45,0.07438771808049527,0.07175093473982341,-0.012171976789799865,-0.012246661962160472
2022-01-26,3.0241029262542725,3.273658037185669,2.822279930114746,2.8683080673217773,563753598,4349.93,-0.051678006985728,-0.0530611793184972,-0.0014966314315554285,-0.0014977525030699156
2022-01-27,2.8677620887756348,2.919584989547729,2.6658859252929688,2.7836740016937256,326865298,4326.51,-0.029506616319312284,-0.029950693829914502,-0.005383994684971971,-0.005398540617999041
2022-01-28,2.7819859981536865,2.939223051071167,2.705967903137207,2.914597988128662,342279892,4431.85,0.04703280138237309,0.04596026032065179,0.024347568825681787,0.024055891707799003
2022-01-31,3.194098949432373,3.308263063430786,2.9619669914245605,3.2972400188446045,418192255,4515.55,0.13128466851156384,0.12335386176048117,0.018886018254227865,0.018709891511396817
2022-02-01,3.2949490547180176,3.4895479679107666,3.2718939781188965,3.470513105392456,386516229,4546.54,0.052550947324898845,0.05121669141227144,0.006862951356977565,0.006839508503304335
2022-02-02,3.4700639247894287,3.494671106338501,3.088417053222656,3.1099300384521484,320173992,4589.38,-0.10389906506332924,-0.10970222175284593,0.009422549895085064,0.009378434574517935
2022-02-03,3.109265089035034,3.1383628845214844,2.999409914016724,3.100385904312134,242753931,4477.44,-0.0030689224587073793,-0.0030736412581289455,-0.024391094221877574,-0.02469348416817584
2022-02-04,3.0999319553375244,3.433227062225342,3.0745880603790283,3.426671028137207,316909364,4500.53,0.10524016490052523,0.1000626551553542,0.005156964694110977,0.0051437130908578545
2022-02-07,3.377819061279297,3.627882957458496,3.3272969722747803,3.573791980743408,409037841,4483.87,0.042934075491389834,0.04203796739722526,-0.003701786234065696,-0.003708654800609762
2022-02-08,3.573885917663574,3.713243007659912,3.3092041015625,3.428709030151367,386170107,4521.54,-0.04059636133658273,-0.04144339727656958,0.008401224834796661,0.008366130962778839
2022-02-09,3.426945924758911,3.537092924118042,3.3566908836364746,3.496835947036743,233636971,4587.18,0.01986955331767204,0.019674730213453402,0.014517177775713597,0.014412812398356309
2022-02-10,3.4971840381622314,3.499389886856079,3.1871230602264404,3.199755907058716,353054499,4504.08,-0.0849568136674459,-0.08878401664275992,-0.018115705073705524,-0.0182818035103296
2022-02-11,3.199944019317627,3.2411038875579834,2.830657958984375,2.8864219188690186,330712163,4418.64,-0.09792434088440216,-0.10305688315159878,-0.0189694676826343,-0.019151696234065794
2022-02-14,2.7592649459838867,2.9001219272613525,2.6728670597076416,2.8990190029144287,276515700,4401.67,0.004364255954079743,0.004354760206952722,-0.0038405482229827426,-0.003847942065319174
2022-02-15,2.8995790481567383,3.1823930740356445,2.8995790481567383,3.171793937683105,292173569,4471.07,0.09409215134307547,0.08992493385553241,0.015766743077059386,0.015643739212372925
2022-02-16,3.173443078994751,3.26452898979187,3.06516695022583,3.1800808906555176,315964000,4475.01,0.0026127021916391158,0.002609295018596683,0.0008812208263346832,0.0008808327792157024
2022-02-17,3.177130937576294,3.289742946624756,2.8969850540161133,2.9043259620666504,359993317,4380.26,-0.0867131805983794,-0.09070529722744747,-0.021173137043269175,-0.02140050300402348
2022-02-18,2.906994104385376,2.990077018737793,2.802377939224243,2.813910007476806,249350165,4348.87,-0.031131476208512865,-0.03162635865878155,-0.007166241273349194,-0.007192042117620436
2022-02-22,2.342315912246704,2.4205470085144043,2.234550952911377,2.3989999294281006,283977584,4304.76,-0.14744966148393268,-0.15952302345504743,-0.010142864698185927,-0.010194654042815754
2022-02-23,2.3985960483551025,2.5033059120178223,2.2968881130218506,2.2968881130218506,256897384,4225.5,-0.042564326556938425,-0.04349674196683635,-0.018412176288573612,-0.01858379019433392
2022-02-24,2.2953479290008545,2.304341077804565,1.9048689603805544,2.241992950439453,499548227,4288.7,-0.02389979828411226,-0.024190032146298165,0.014956809844988816,0.014846059711535551
2022-02-25,2.242053985595703,2.4061028957366943,2.2014780044555664,2.352466106414795,280039849,4384.65,0.04927453315751418,0.048099004571288,0.022372746986266234,0.022126148364756827
2022-02-28,2.188507080078125,2.4405059814453125,2.140691041946411,2.439809083938598,274565474,4373.94,0.03712826182091766,0.03645560705791155,-0.002442612295166069,-0.002445600339325641
2022-03-01,2.4398410320281982,2.5884439945220947,2.4188790321350098,2.542062997817993,326345410,4306.26,0.041910621020529115,0.041056163280318754,-0.015473463284818578,-0.015594426756135317
2022-03-02,2.5419249534606934,2.741689920425415,2.478050947189331,2.6418259143829346,406084044,4386.54,0.039244863974879474,0.03849435708872686,0.018642627244987553,0.01847098344898933
2022-03-03,2.641913890838623,2.662777900695801,2.458473920822144,2.5066161155700684,251071020,4363.49,-0.051180434742782,-0.05253662989604045,-0.005254711002293466,-0.005268565551901082
2022-03-04,2.506988048553467,2.5125300884246826,2.2329320907592773,2.248199939727783,221747297,4328.87,-0.10309363856599751,-0.10880381319295192,-0.00793401612012401,-0.007965657901416316
2022-03-07,2.064984083175659,2.129635095596313,1.9370219707489011,1.9908560514450075,212354749,4201.09,-0.11446663783557232,-0.12156514639395716,-0.02951809594651711,-0.02996252255053501
2022-03-08,1.9903719425201416,2.1183550357818604,1.9771419763565063,2.0333669185638428,190643115,4170.7,0.021353059196811186,0.02112827685872336,-0.007233836932796112,-0.007260127998095252
2022-03-09,2.0337231159210205,2.204240083694458,2.030888080596924,2.1588408946990967,179771907,4277.88,0.06170749361058525,0.05987845513679691,0.025698324022346508,0.02537367234563523
2022-03-10,2.158768892288208,2.160655975341797,1.969547986984253,2.044837951660156,204839646,4259.52,-0.052807477993801255,-0.05425290972498893,-0.0042918454935622075,-0.0043010818993905854
2022-03-11,2.044574022293091,2.097011089324951,1.9509190320968628,1.9717990159988403,167669683,4204.31,-0.03571869135254302,-0.036372212991356505,-0.012961554353542182,-0.013046288284512193
2022-03-14,1.922929048538208,1.9880870580673216,1.9037920236587524,1.9522889852523804,279441875,4173.11,-0.009894533158886332,-0.009943809364908228,-0.00742095611408311,-0.007448628397104686
2022-03-15,1.952353954315185,1.9976539611816408,1.8755970001220703,1.9549089670181277,254283032,4262.45,0.0013420050953207863,0.001341105411313248,0.021408493905025416,0.021182551140656723
2022-03-16,1.9546619653701784,2.093626022338867,1.9180270433425903,2.093626022338867,219824902,4357.86,0.07095831962565913,0.06855387345869791,0.022383840279651235,0.022136998842954763
2022-03-17,2.093300104141236,2.173211097717285,2.0414888858795166,2.124030113220215,204156019,4411.67,0.014522216745941119,0.014417779251381574,0.012347803738532281,0.012272191404503483
2022-03-18,2.123853921890259,2.2516469955444336,2.0835869312286377,2.244837045669556,239401743,4463.12,0.05687628047146065,0.055317652233744914,0.011662250349640857,0.011594770446318643
2022-03-21,2.147062063217163,2.2346749305725098,2.1140871047973637,2.198508977890014,196292162,4461.18,-0.020637608359551973,-0.02085353983811796,-0.00043467350194470455,-0.00043476799985616853
2022-03-22,2.1986019611358643,2.320482015609741,2.183173894882202,2.2656381130218506,199632154,4511.61,0.030533937230614594,0.03007705358690474,0.011304184094790948,0.011240769260246017
2022-03-23,2.265839099884033,2.3839828968048096,2.2402420043945312,2.382323980331421,200287440,4456.24,0.051502429553472506,0.050220026717598586,-0.012272780670315009,-0.01234871315104348
2022-03-24,2.382267951965332,2.4284780025482178,2.344799041748047,2.381221055984497,187971850,4520.16,-0.0004629615266561471,-0.0004630687264312535,0.014343931206577842,0.014242030309045384
2022-03-25,2.3813509941101074,2.4256389141082764,2.2681729793548584,2.283176898956299,172968055,4543.06,-0.041173899744332054,-0.04204555499885133,0.005066192347173759,0.0050534023741785035
2022-03-28,2.613771915435791,2.715682983398437,2.573503017425537,2.582503080368042,285960281,4575.52,0.13110074017855267,0.12319126494323696,0.007144963967017803,0.007119559648821334
2022-03-29,2.580781936645508,2.8792150020599365,2.580142021179199,2.8112709522247314,380674073,4631.6,0.08858377501880343,0.08487756245971351,0.012256530405287291,0.012182027285255538
2022-03-30,2.810746908187866,2.8978259563446045,2.712188005447388,2.8118350505828857,300104434,4602.45,0.0002006559907390404,0.0002006358620183179,-0.006293721392175655,-0.006313610350948985
2022-03-31,2.8121941089630127,2.932162046432495,2.6136250495910645,2.627007007598877,315802241,4530.41,-0.06573217833161815,-0.06799213488905997,-0.015652532890091164,-0.01577632727939729
2022-04-01,2.629296064376831,2.8274590969085693,2.577943086624145,2.798325061798096,271271653,4545.86,0.06521415957538923,0.06317586774892747,0.0034102873691344016,0.003404485526057287
2022-04-04,2.949065923690796,2.9820239543914795,2.7555320262908936,2.911367893218994,265945561,4582.64,0.04039660472763695,0.03960199115723527,0.0080908782936564,0.00805832262263298
2022-04-05,2.9122281074523926,2.956537961959839,2.810976028442383,2.8124589920043945,220996207,4525.12,-0.03397334340499292,-0.03456385033150115,-0.012551716914267819,-0.012631155137050305
2022-04-06,2.8125569820404053,2.8126609325408936,2.502764940261841,2.5030410289764404,262174229,4481.15,-0.11001687985766395,-0.11655278256801757,-0.009716869386889204,-0.009764386222700547
2022-04-07,2.503603935241699,2.5652570724487305,2.450778007507324,2.540117025375366,180170751,4500.21,0.014812380608114628,0.014703748715982701,0.004253372460194527,0.004244352439511796
2022-04-08,2.5400118827819824,2.5764269828796387,2.3314568996429443,2.3408610820770264,175452258,4488.28,-0.07844360764004354,-0.08169130747776543,-0.0026509873983658894,-0.002654507487977465
2022-04-11,2.4141321182250977,2.4434258937835693,2.1501801013946533,2.164762020111084,187097456,4412.53,-0.07522832658215295,-0.07820841148788084,-0.01687728929567678,-0.01702133376294985
2022-04-12,2.165580987930298,2.2725989818573,2.1623010635375977,2.220881938934326,151674334,4397.45,0.02592429019997433,0.025593952797775984,-0.003417540503973915,-0.0034233936348681705
2022-04-13,2.220802068710327,2.302694082260132,2.187485933303833,2.294243097305298,135910739,4446.59,0.03303244404165562,0.03249859723544117,0.011174658040455254,0.011112682823133003
2022-04-14,2.293958902359009,2.32256293296814,2.2059030532836914,2.228705883026123,114749628,4392.59,-0.028565941576178866,-0.028981888511741383,-0.012144137417661627,-0.012218479951525796
2022-04-18,2.21124005317688,2.21124005317688,2.064613103866577,2.1862130165100098,167301953,4391.69,-0.01906616159617114,-0.019250264704582496,-0.000204890508788802,-0.00020491150171664794
2022-04-19,2.185983896255493,2.336199998855591,2.1617488861083984,2.31296706199646,170414780,4462.21,0.0579788174936382,0.0563603119631256,0.016057599693967584,0.015930040161497565
2022-04-20,2.3128139972686768,2.408813953399658,2.2705399990081787,2.328986883163452,193669803,4459.45,0.006926091352621455,0.006902216159692835,-0.0006185275905885579,-0.0006187189576933424
2022-04-21,2.3288350105285645,2.403250932693481,2.191662073135376,2.197601079940796,178504802,4393.66,-0.05641328603972018,-0.05806701170853214,-0.01475294038502506,-0.014862847316476122
2022-04-22,2.1981630325317383,2.577392101287842,2.1938300132751465,2.4901440143585205,417854905,4271.78,0.1331192167168056,0.12497419867881261,-0.02773997077607282,-0.02813199052103028
2022-04-25,2.694341897964477,2.760488986968994,2.495932102203369,2.742037057876587,295412126,4296.12,0.10115601429701071,0.0963605500604865,0.005697858972138148,0.005681687572860796
2022-04-26,2.742003917694092,2.7621099948883057,2.363524913787842,2.3675050735473637,228840866,4175.2,-0.13658895792577574,-0.14686440688274743,-0.02814632738377887,-0.02855002843027312
2022-04-27,2.368349075317383,2.533289909362793,2.3663759231567383,2.487279891967773,190477113,4183.96,0.05059115596358321,0.04935301142079864,0.002098103084882119,0.0020959051404105173
2022-04-28,2.4872419834136963,2.5298280715942383,2.3831429481506348,2.398703098297119,191725423,4287.5,-0.035611912417535696,-0.0362614849056357,0.02474689050564538,0.02444564600458133
2022-04-29,2.398345947265625,2.423661947250366,2.213387966156006,2.233778953552246,161008809,4131.93,-0.06875554747144641,-0.07123346632242916,-0.03628454810495618,-0.03695920232685872
2022-05-02,2.07155704498291,2.129547119140625,2.001210927963257,2.1046619415283203,164030218,4155.38,-0.05780205414622541,-0.05953989287801398,0.005675313957399952,0.00565927003737552
2022-05-03,2.104748010635376,2.2078208923339844,2.043637990951538,2.156079053878784,183650341,4175.48,0.024430105061493457,0.024136462905843856,0.004837102743912469,0.004825441551572873
2022-05-04,2.1560299396514893,2.635262966156006,2.149755954742432,2.603585958480835,375812472,4300.17,0.207555888916497,0.18859839029045636,0.0298624349775356,0.029425235047606604
2022-05-05,2.6025350093841557,2.64431095123291,2.283329963684082,2.456576108932495,342695151,4146.87,-0.05646437332690124,-0.05812115476655603,-0.03564975338184306,-0.0363007239912506
2022-05-06,2.456661939620972,2.505229949951172,2.209233045578003,2.3009650707244877,283985936,4123.34,-0.0633446843524128,-0.06543992392159284,-0.005674159064547379,-0.005690318260649576
2022-05-09,2.346909046173096,2.379796028137207,1.926481008529663,1.926481008529663,316069753,3991.24,-0.16275086786820003,-0.17763360387832156,-0.032037134944001844,-0.03256155498687775
2022-05-10,1.9256960153579712,2.1452410221099854,1.878991961479187,1.9823030233383176,352289305,4001.05,0.02897615629819228,0.028564284861570668,0.00245788276325154,0.0024548671098168664
2022-05-11,1.980540990829468,2.0207560062408447,1.3998719453811646,1.4850510358810425,416173096,3935.18,-0.25084559807605644,-0.2888101726189787,-0.016463178415666024,-0.016600202520523653
2022-05-12,1.4890639781951904,1.5701199769973757,1.0997140407562256,1.3080379962921145,304491202,3930.08,-0.11919660355908968,-0.12692083749469107,-0.0012960017076728558,-0.0012968422441889949
2022-05-13,1.3065630197525024,1.5853389501571655,1.2838430404663086,1.319970965385437,217928167,4023.89,0.009122800046442725,0.00908143867016102,0.02386974310955492,0.023589314531626496
2022-05-16,1.505059003829956,1.505059003829956,1.3257700204849243,1.3657679557800293,113598726,4008.01,0.034695452851282615,0.03410713496489525,-0.003946429947140562,-0.003954237650276509
2022-05-17,1.3658230304718018,1.4575849771499634,1.3010059595108032,1.3914330005645752,142669484,4088.85,0.01879165833107277,0.018617276350219147,0.020169610355263545,0.019968898134440815
2022-05-18,1.3913220167160034,1.4157379865646362,1.212797999382019,1.2271859645843506,143921859,3923.68,-0.11804164189981203,-0.12561043712825196,-0.04039522115020122,-0.041233767985439373
2022-05-19,1.2272499799728394,1.2650409936904907,1.0174150466918943,1.0783369541168213,343010572,3900.79,-0.12129295376837579,-0.1293037175849569,-0.005833809077192775,-0.005850892213605512
2022-05-20,1.0778989791870115,1.175271987915039,1.0682560205459597,1.1381059885025024,194184195,3901.36,0.0554270482500836,0.053945470095823615,0.00014612424662696633,0.00014611357151915558
2022-05-23,1.278630018234253,1.4109070301055908,1.2540980577468872,1.2983529567718506,194783002,3973.75,0.14080144546133,0.13173103773646233,0.01855506797629536,0.018385022946529016
2022-05-24,1.2983369827270508,1.301453948020935,1.194432020187378,1.2547149658203125,122341344,3941.48,-0.03361026808922363,-0.03418807695035902,-0.008120792702107527,-0.008153945948249348
2022-05-25,1.2547969818115234,1.27851402759552,1.2121740579605105,1.231698989868164,107830833,3978.73,-0.01834358924467039,-0.018513919067016178,0.009450764687376267,0.009406385602538606
2022-05-26,1.2320209741592407,1.2570359706878662,1.0990370512008667,1.209089994430542,159545069,4057.84,-0.018355942177107787,-0.018526502910024688,0.01988322907058282,0.019688139439344957
2022-05-27,1.2082509994506836,1.21869695186615,1.118561029434204,1.1687999963760376,158822287,4158.24,-0.03332257998998678,-0.033890427589264686,0.024742227391912897,0.024441095491293145
2022-05-31,1.3850719928741455,1.4576770067214966,1.3262900114059448,1.382200002670288,153951920,4132.15,0.1825804303182026,0.16769885625329967,-0.006274289122320975,-0.0062940551963996914
2022-06-01,1.3821940422058103,1.421051025390625,1.2387620210647583,1.2720659971237185,142504318,4101.23,-0.07968022379814821,-0.08303408650386852,-0.007482787410912017,-0.007510923912143033
2022-06-02,1.2711260318756104,1.2711260318756104,1.2094630002975464,1.2551319599151611,105673089,4176.82,-0.013312231634873606,-0.013401633704289222,0.018431056049039052,0.01826326273820275
2022-06-03,1.254870057106018,1.2662789821624756,1.1698700189590454,1.1732980012893677,82811455,4108.54,-0.06519948598179659,-0.06742212644787694,-0.016347364741597592,-0.016482457202400495
2022-06-06,1.2104729413986206,1.322152018547058,1.210170030593872,1.2862999439239502,105094542,4121.43,0.09631137401615075,0.09195124855665242,0.0031373675320187644,0.0031324562641237242
2022-06-07,1.2862850427627563,1.2862850427627563,1.1631619930267334,1.190269947052002,105474158,4160.68,-0.07465599087177277,-0.0775897088477846,0.009523393579413009,0.009478331934066117
2022-06-08,1.1901819705963137,1.211372971534729,1.147621989250183,1.157968044281006,77740575,4115.77,-0.027138299888188833,-0.02751334450212133,-0.010793908688002896,-0.010852585537420805
2022-06-09,1.1582180261611938,1.1772140264511108,1.1378899812698364,1.149003982543945,72562815,4017.82,-0.007741199579153202,-0.007771318201480942,-0.023798705952956634,-0.02408646993373481
2022-06-10,1.1489520072937012,1.1624209880828855,1.0254549980163574,1.0260740518569946,90927316,3900.86,-0.1069882546575498,-0.11315554551301817,-0.02911031355312088,-0.02954242533536117
2022-06-13,0.8663650155067444,0.8694030046463013,0.6344839930534363,0.7137119770050049,231643038,3749.63,-0.3044244947883392,-0.3630157110213131,-0.03876837415339185,-0.039539873198958186
2022-06-14,0.7138010263442993,0.7419040203094482,0.6453689932823181,0.730800986289978,121656330,3735.48,0.023943845466465108,0.023661686701980204,-0.0037737056722930706,-0.0037808440639954524
2022-06-15,0.7314159870147705,0.7687510251998901,0.612047016620636,0.7668480277061462,145933820,3789.99,0.04932538692806987,0.04814746904522505,0.014592502168395916,0.014487056184644877
2022-06-16,0.7670429944992065,0.7839710116386414,0.6497300267219543,0.66041499376297,96614488,3666.77,-0.13879286390231294,-0.14942022730042703,-0.032511959134456814,-0.033052215017083934
2022-06-17,0.6606799960136414,0.6931440234184265,0.6545490026473999,0.6622070074081421,64453169,3674.84,0.0027134660207537298,0.0027097912179648315,0.0022008470670371594,0.0021984287507105164
2022-06-21,0.702970027923584,0.789089024066925,0.6909199953079224,0.7243559956550598,134739772,3764.79,0.09385129959612915,0.08970477117462235,0.02447725615264873,0.02418248850178457
2022-06-22,0.7247949838638306,0.7789180278778076,0.6865090131759644,0.6985089778900146,109592245,3759.89,-0.0356827553303688,-0.036334946529534715,-0.0013015334188627437,-0.0013023811491289687
2022-06-23,0.6990669965744019,0.8318920135498047,0.6973909735679626,0.8308190107345581,165579363,3795.73,0.189417798528821,0.1734639424703219,0.009532193760987795,0.0094870490606574
2022-06-24,0.8307309746742249,0.8679479956626892,0.8012999892234802,0.846081018447876,126385181,3911.74,0.018369834483956016,0.018203147323499203,0.03056329085577736,0.030105537080807647
2022-06-27,0.7512120008468628,0.7887799739837646,0.7252240180969238,0.73573899269104,92667948,3900.11,-0.1304154369982875,-0.1397396951706602,-0.002973101484249896,-0.0029775299301252065
2022-06-28,0.7356860041618347,0.773360013961792,0.6941369771957397,0.6975110173225403,94267898,3821.55,-0.05195860998025548,-0.053357117321820656,-0.02014302160708281,-0.020348658383248716
2022-06-29,0.6973689794540405,0.7208489775657654,0.6894609928131104,0.7046769857406616,101994623,3818.83,0.01027362757025485,0.010221212547799815,-0.000711753084481459,-0.0007120065009618694
2022-06-30,0.7051209807395935,0.7133849859237671,0.6389700174331665,0.6825429797172546,104332141,3785.38,-0.031410144607096346,-0.03191402254204129,-0.008759227302603145,-0.00879781483060845
2022-07-01,0.6843339800834656,0.8199509978294373,0.6677299737930298,0.7461490035057068,170902447,3825.33,0.0931897707230116,0.08909981784085079,0.010553762105785847,0.010498459915641863
2022-07-05,0.8639349937438965,1.0067299604415894,0.8317769765853882,0.9598569869995116,238865294,3831.39,0.2864146202564355,0.2518589846270757,0.0015841770513915776,0.0015829235665797978
2022-07-06,0.9606209993362428,0.997991979122162,0.922228991985321,0.9621220231056212,208588418,3845.08,0.002359764149021837,0.002356984277970129,0.0035731157621645693,0.003566747349581468
2022-07-07,0.9623050093650818,1.053315043449402,0.9423559904098512,1.052693009376526,161070551,3902.62,0.09413669378292777,0.08996564480764116,0.014964578110208349,0.014853713471199018
2022-07-08,1.0528340339660645,1.0621299743652344,0.9904659986495972,1.0119199752807615,148053806,3899.38,-0.038732122026642,-0.03950215966334259,-0.0008302114989416909,-0.0008305563153684295
2022-07-11,0.9546729922294616,0.9546729922294616,0.8821529746055603,0.8888739943504333,114288891,3854.43,-0.12159655302405559,-0.12964928408162815,-0.011527473598367033,-0.01159442997810581
2022-07-12,0.8888970017433167,0.9165949821472168,0.8772420287132263,0.8784360289573669,124332895,3818.8,-0.011742907835541105,-0.011812400342897841,-0.009243908956706903,-0.009286899019016758
2022-07-13,0.8783220052719116,1.052603006362915,0.8709980249404907,1.0518829822540283,227361966,3801.78,0.19744972608025768,0.18019406702520324,-0.004456897454697795,-0.004466859031662644
2022-07-14,1.051574945449829,1.1800119876861572,1.0129090547561646,1.172469973564148,264531913,3790.38,0.1146391693225417,0.10853073758010029,-0.00299859539478875,-0.0030031001895847553
2022-07-15,1.1722439527511597,1.1764830350875854,1.1030340194702148,1.1089739799499512,184474683,3863.16,-0.054155752425094184,-0.05567736664092165,0.019201241036518768,0.01901922349251537
2022-07-18,1.0827579498291016,1.3574090003967283,1.0827579498291016,1.3427009582519531,289495020,3830.85,0.21075965940386654,0.19124798030271722,-0.008363619420370894,-0.008398790728860633
2022-07-19,1.3421889543533323,1.3624509572982788,1.2416280508041382,1.2446500062942505,276174454,3936.69,-0.07302515973873591,-0.07582885481884151,0.027628333137554417,0.027253558019802913
2022-07-20,1.2464170455932615,1.2743480205535889,1.145717978477478,1.156167984008789,241108971,3959.9,-0.07108988216607393,-0.07374329637332834,0.005895816028186118,0.005878503718335059
2022-07-21,1.1563760042190552,1.4148199558258057,1.1099259853363037,1.400138020515442,358147530,3998.95,0.21101608060511579,0.1914597432648869,0.009861360135356989,0.009813054238448901
2022-07-22,1.4013429880142212,1.5334219932556152,1.3876080513000488,1.4373400211334229,374943961,3961.63,0.026570238128585055,0.026223380005518795,-0.009332449768064022,-0.00937626992342271
2022-07-25,1.378653049468994,1.3859820365905762,1.1823819875717163,1.1823819875717163,220142983,3966.84,-0.17738185106726378,-0.1952631605398977,0.0013151152429682345,0.0013142512363463167
2022-07-26,1.1823899745941162,1.188673973083496,1.1006590127944946,1.165094971656799,193069709,3921.05,-0.014620500055502306,-0.014728432879524897,-0.011543193070554847,-0.01161033289574997
2022-07-27,1.1653059720993042,1.3273890018463137,1.1299200057983398,1.326861023902893,237409438,4023.61,0.13884366183132513,0.1300134158969339,0.026156259165274642,0.02582003453356371
2022-07-28,1.3257189989089966,1.5569130182266235,1.258821964263916,1.5395629405975342,367289040,4072.43,0.16030459321880564,0.14868255101112327,0.012133382708562568,0.012060363275690102
2022-07-29,1.5415990352630615,1.563256025314331,1.4078929424285889,1.432163953781128,332799336,4130.29,-0.06975939988184088,-0.07231201648997396,0.014207733466259809,0.014107749538291978
2022-08-01,1.3204410076141355,1.357664942741394,1.277135968208313,1.308218002319336,174120902,4118.63,-0.08654452664763423,-0.09052064726133746,-0.0028230463236237346,-0.0028270386343186996
2022-08-02,1.3085390329360962,1.3803770542144775,1.2239409685134888,1.337218999862671,241253689,4091.19,0.022168321710845706,0.021926176567436048,-0.006662409587654183,-0.006684702509967414
2022-08-03,1.3369760513305664,1.4262919425964355,1.2881200313568115,1.3334399461746216,231846604,4155.17,-0.002826054437184533,-0.002830055268514766,0.015638481713144525,0.015517460750035557
2022-08-04,1.3335150480270386,1.391471028327942,1.2988380193710327,1.329998016357422,184400701,4151.94,-0.0025812409678244164,-0.0025845781141809656,-0.0007773448499099889,-0.0007776471390832699
2022-08-05,1.3291319608688354,1.4400370121002195,1.3249640464782717,1.4400160312652588,214031106,4145.19,0.08272043533504836,0.07947679557707096,-0.0016257460367924415,-0.0016270689959386672
2022-08-08,1.3996740579605105,1.4904719591140747,1.396599054336548,1.4246469736099243,152474296,4140.06,-0.010672837886277264,-0.010730201138101645,-0.0012375789770792123,-0.0012383454103545306
2022-08-09,1.4248390197753906,1.4278500080108645,1.2621990442276,1.290390968322754,170683359,4122.47,-0.09423808689038105,-0.0989787965364845,-0.004248730694724312,-0.004257782198348112
2022-08-10,1.2901010513305664,1.3884589672088623,1.2520740032196045,1.3846670389175415,215469221,4210.24,0.07306008249370133,0.07051445694922168,0.021290634013103604,0.021067154907856916
2022-08-11,1.3848600387573242,1.4342149496078491,1.3551959991455078,1.3611949682235718,198232900,4207.27,-0.01695141866908234,-0.01709673855981671,-0.0007054229687617486,-0.0007056718966173459
2022-08-12,1.361186981201172,1.4161310195922852,1.3394290208816528,1.4161310195922852,115688218,4280.15,0.040358694126240824,0.03956555188787841,0.01732239670855429,0.01717407440983608
2022-08-15,1.3896900415420532,1.4508390426635742,1.3123339414596558,1.3359930515289309,145358761,4297.14,-0.056589374114851765,-0.058253644802203734,0.00396948705068767,0.003961629423932771
2022-08-16,1.3350969552993774,1.3401750326156616,1.2853269577026367,1.2893190383911133,122526947,4305.2,-0.03493582027571407,-0.035560672368369274,0.0018756661407353103,0.0018739092755182558
2022-08-17,1.288985013961792,1.3317879438400269,1.1741909980773926,1.1782820224761963,175013489,4274.04,-0.0861206672736915,-0.09005673733072769,-0.0072377589891293725,-0.00726407864047862
2022-08-18,1.1788159608840942,1.217924952507019,1.1125320196151731,1.1153010129928589,116166105,4283.74,-0.05345155767630305,-0.05493312916309383,0.0022695154935377104,0.002266944033161183
2022-08-19,1.115259051322937,1.115259051322937,1.0156370401382446,1.051084041595459,167999720,4228.48,-0.05757815213049666,-0.05930228313038437,-0.012899942573545653,-0.012983869381359623
2022-08-22,1.0268659591674805,1.100685954093933,0.980010986328125,1.1002750396728516,174682671,4137.99,0.04680025205474969,0.04573813245979121,-0.021400124867564707,-0.021632427725287454
2022-08-23,1.1001189947128296,1.1954460144042969,1.0691380500793457,1.184062957763672,205125564,4128.73,0.0761517939330274,0.0733915242182775,-0.0022378014446627903,-0.002240309064050325
2022-08-24,1.1840920448303225,1.2186919450759888,1.1394200325012207,1.1783100366592407,147988542,4140.77,-0.0048586277162971925,-0.004870469219145955,0.0029161509713642175,0.002911907251337381
2022-08-25,1.1782560348510742,1.2320289611816406,1.171138048171997,1.1801400184631348,123035169,4199.12,0.0015530562814201065,0.0015518515367097363,0.014091582000449021,0.013993218645290096
2022-08-26,1.1801300048828125,1.2065379619598389,1.0475200414657593,1.0528650283813477,153205414,4057.66,-0.1078473639488422,-0.11411804439163152,-0.033688010821315006,-0.03426852674898546
2022-08-29,0.9919220209121704,1.081684947013855,0.982591986656189,1.0791629552841189,98736816,4030.61,0.024977491125525386,0.024670652471713652,-0.0066664037893761074,-0.006688723509263949
2022-08-30,1.0792969465255735,1.1142719984054563,1.0252050161361694,1.061777949333191,96146046,3986.16,-0.016109713427246874,-0.016240885531592666,-0.011028107408059928,-0.011089367791653617
2022-08-31,1.0616559982299805,1.1789569854736328,1.0616559982299805,1.1470550298690796,133985838,3955.0,0.08031536216159285,0.07725300051331614,-0.007817046982559583,-0.00784776025709875
2022-09-01,1.1476939916610718,1.1607520580291748,1.067581057548523,1.15312397480011,111407717,3966.85,0.005290892566613081,0.005276944969731543,0.002996207332490508,0.0029917276491103818
2022-09-02,1.153067946434021,1.1782130002975464,1.0824240446090698,1.092494010925293,116647201,3924.26,-0.052578877206440056,-0.05401159320212105,-0.010736478566116592,-0.010794530441166154
2022-09-06,1.1496529579162598,1.193418025970459,1.0269089937210083,1.037670016288757,157077858,3908.19,-0.050182421219959306,-0.05148533516299918,-0.004095039574340209,-0.00410344720981454
2022-09-07,1.0371899604797363,1.1798009872436523,1.0204099416732788,1.1665469408035278,125897937,3979.87,0.12419836989768784,0.11707022157383436,0.018340971140093032,0.018174804228558855
2022-09-08,1.1665329933166504,1.1739879846572876,1.1103709936141968,1.1287750005722046,106567112,4006.18,-0.0323792716007687,-0.03291507798788585,0.006610768693449787,0.0065890133889801
2022-09-09,1.1286970376968384,1.2409160137176514,1.1281449794769287,1.2048059701919556,152218878,4067.36,0.06735706370287176,0.06518555898487029,0.015271405678227268,0.015155971507018435
2022-09-12,1.182677984237671,1.1999109983444214,1.134443998336792,1.141942024230957,113837048,4110.41,-0.05217765143625808,-0.05358819031775326,0.01058426104401855,0.010528639881468727
2022-09-13,1.1418819427490234,1.1459519863128662,1.0478630065917969,1.0847569704055786,148870467,3932.69,-0.05007702020940141,-0.05137437157885025,-0.043236562775976095,-0.04419911011958206
2022-09-14,1.05315101146698,1.1209779977798462,1.0384910106658936,1.070739984512329,121373051,3946.01,-0.0129217753613593,-0.013005987736133234,0.0033869946525153516,0.003381271704881856
2022-09-15,1.0705419778823853,1.085840940475464,1.0262140035629272,1.0509990453720093,112627843,3901.35,-0.01843672546637065,-0.018608800167147797,-0.011317761485652666,-0.011382294724738607
2022-09-16,1.0510250329971311,1.0711690187454224,1.0300110578536987,1.054764986038208,80174064,3873.33,0.0035832008437892693,0.003576796473848818,-0.007182129262947479,-0.007208044914246866
2022-09-19,0.9383789896965028,0.9876149892807008,0.9068390130996704,0.98403799533844,110617635,3899.89,-0.06705473886218472,-0.06940874959031818,0.006857148758303566,0.006833745439536254
2022-09-20,0.9839419722557068,0.9848510026931764,0.9430450201034546,0.9456369876861572,72400041,3855.93,-0.03902390744482953,-0.03980574799541925,-0.011272112803181633,-0.01133612455307255
2022-09-21,0.9455919861793518,0.9575639963150024,0.844573974609375,0.8645420074462891,118503156,3789.93,-0.08575698845948942,-0.08965886590801883,-0.017116493297336777,-0.017264673789774226
2022-09-22,0.8639320135116577,0.9266080260276794,0.8624230027198792,0.9161890149116516,69722147,3757.99,0.05973915324012902,0.058022795991934516,-0.008427596288058115,-0.00846330926893181
2022-09-23,0.9158260226249696,0.9713910222053528,0.8748480081558228,0.9435960054397584,76044695,3693.23,0.02991412261229698,0.029475422660997744,-0.01723261637204987,-0.017382826077567966
2022-09-26,0.8892509937286377,0.9315639734268188,0.8745430111885071,0.9277899861335754,96689820,3655.04,-0.016750833211525373,-0.016892715076145835,-0.010340542018774879,-0.010394376865970473
2022-09-27,0.9279410243034364,0.97673898935318,0.9070770144462584,0.9151419997215272,82119660,3647.29,-0.013632380820099987,-0.01372615494181455,-0.0021203598319033956,-0.0021226109775338642
2022-09-28,0.9149739742279052,0.9386079907417296,0.8686550259590149,0.9373199939727784,66090334,3719.04,0.024234484110662535,0.023945488792795403,0.019672140136923533,0.019481144387776417
2022-09-29,0.9370219707489014,0.9443759918212892,0.9014639854431152,0.9279739856719972,58520366,3640.47,-0.00997099001502011,-0.0100210332676952,-0.021126419721218426,-0.02135277627216209
2022-09-30,0.9276700019836426,0.9430660009384156,0.9086639881134032,0.9159520268440248,60839249,3585.62,-0.0129550601779711,-0.013039708850615013,-0.01506673588849794,-0.015181392276394085
2022-10-03,0.8602160215377808,0.9014099836349488,0.8543930053710938,0.898347020149231,45329105,3678.43,-0.019220446244824663,-0.019407560515059513,0.025883947546031072,0.02555462879740763
2022-10-04,0.8984240293502808,0.917273998260498,0.8884080052375793,0.9117550253868104,50485620,3790.93,0.014925195872917962,0.014814911130500439,0.030583700111188827,0.03012534086530393
2022-10-05,0.9117609858512878,0.9135239720344543,0.8780590295791626,0.9059590101242064,58548163,3783.28,-0.006356987459592012,-0.006377279146081797,-0.0020179744811957834,-0.0020200133350643033
2022-10-06,0.905951976776123,0.9330940246582032,0.8908249735832214,0.891273021697998,79215206,3744.52,-0.016210433653278566,-0.016343260138894988,-0.010245078344716774,-0.010297920383574249
2022-10-07,0.8913469910621643,0.901520013809204,0.8731240034103394,0.8968819975852966,38937769,3639.66,0.006293218520866617,0.006273498911156487,-0.028003589245083504,-0.028403167167490584
2022-10-10,0.8826090097427368,0.8904250264167786,0.8499230146408081,0.8539509773254395,37390422,3612.39,-0.04786696619559949,-0.04905051256251343,-0.007492458086744369,-0.00752066754461965
2022-10-11,0.853643000125885,0.8536440134048462,0.8137480020523071,0.8183249831199646,42062541,3588.84,-0.041719015671197957,-0.04261424095900477,-0.006519229651283376,-0.006540572639369859
2022-10-12,0.8183659911155701,0.8378949761390686,0.8171470165252686,0.822646975517273,32946957,3577.03,0.005281510996804961,0.0052676127320149995,-0.0032907569019515748,-0.0032961833504644216
2022-10-13,0.8222799897193909,0.8244630098342896,0.7333980202674866,0.8012199997901917,81039410,3669.91,-0.026046379996241042,-0.026391594539333943,0.025965675434648228,0.02563429144689717
2022-10-14,0.8010619878768921,0.8456069827079773,0.797074019908905,0.8114659786224365,55515249,3583.07,0.012787971886532912,0.012706896237858428,-0.023662705624933444,-0.023947163771951822
2022-10-17,0.8166170120239258,0.9009220004081726,0.8118029832839966,0.8900079727172852,69847927,3677.95,0.09679024896174115,0.09238795878310413,0.026480085513260976,0.02613555691190645
2022-10-18,0.8900330066680908,0.9185370206832886,0.8684800267219543,0.9117209911346436,69889571,3719.98,0.024396431361245474,0.024103591699177616,0.011427561549232745,0.011362760181543908
2022-10-19,0.9117519855499268,0.913936972618103,0.8503550291061401,0.8513649702072144,56061617,3695.16,-0.0662001001559871,-0.06849310370166416,-0.006672078882144605,-0.006694436704711702
2022-10-20,0.8505740165710449,0.8822429776191711,0.8391860127449036,0.8472660183906555,55353087,3665.78,-0.00481456479887965,-0.0048261921514211594,-0.007950941231232078,-0.007982718516093059
2022-10-21,0.8471289873123169,0.9028949737548828,0.8394160270690918,0.8947669863700867,58075837,3752.75,0.056063818149649336,0.05454861731185255,0.023724828003862664,0.02344776785243657
2022-10-24,0.9181020259857178,0.92289400100708,0.8756600022315979,0.8766800165176392,47441646,3797.34,-0.020214167630192903,-0.020421269598670837,0.011881953234294862,0.011811917059798283
2022-10-25,0.8765619993209839,0.9478520154953004,0.8646680116653442,0.9121950268745422,56734392,3859.11,0.04051080176091659,0.03971174811522215,0.01626664981276371,0.01613576532526921
2022-10-26,0.9117239713668824,0.9528279900550842,0.9097430109977722,0.9334009885787964,61448084,3830.6,0.023247179692386766,0.02298108016120363,-0.007387713747470381,-0.007415138056792231
2022-10-27,0.9335129857063292,0.9554809927940368,0.9024029970169068,0.9124990105628968,56065381,3807.3,-0.022393353201527133,-0.02264789148964573,-0.006082598026418751,-0.0061011723843323405
2022-10-28,0.9124950170516968,0.963018000125885,0.9048960208892822,0.9448789954185486,58706110,3901.06,0.035484953387157514,0.034869870977439044,0.024626375646783716,0.024328034575769396
2022-10-31,0.907401978969574,0.9182069897651672,0.8769969940185547,0.8847529888153076,49284004,3871.98,-0.06363355190958309,-0.06574837475228054,-0.007454384193014141,-0.007482306966126504
2022-11-01,0.8847450017929077,0.9013779759407043,0.8789029717445374,0.8918240070343018,40618782,3856.1,0.007992081754323754,0.007960314215866446,-0.00410126085362017,-0.004109694089746853
2022-11-02,0.8917850255966187,0.9149209856987,0.8548619747161865,0.8638610243797302,63767626,3759.69,-0.031354821617283535,-0.031856907128719414,-0.025001944970306722,-0.0253198028276198
2022-11-03,0.8641510009765625,0.923471987247467,0.8620669841766357,0.9020879864692688,66842530,3719.89,0.044251286967120995,0.043300156826393,-0.010585979163175718,-0.01064240923898342
2022-11-04,0.901865005493164,1.0597469806671145,0.8980910181999207,1.0236220359802246,148088632,3770.55,0.13472527218396357,0.12639057069507026,0.013618682272863003,0.013526781457993704
2022-11-07,0.9520429968833924,1.0287389755249023,0.9352849721908568,1.0043220520019531,82882681,3806.8,-0.018854599940093864,-0.01903461423262417,0.00961398204505981,0.009568061802673562
2022-11-08,1.0040329694747925,1.0140279531478882,0.7359179854393005,0.7720699906349182,189828925,3828.11,-0.23125257570923397,-0.26299281038309913,0.005597877482399927,0.005582267593980096
2022-11-09,0.7719630002975464,0.7758610248565674,0.5399730205535889,0.556132972240448,166909041,3748.57,-0.2796858070042233,-0.32806778299693073,-0.020777877333723382,-0.020996774887089925
2022-11-10,0.5561379790306091,0.7189019918441772,0.5488790273666382,0.6885390281677246,116389620,3956.37,0.2380834486289547,0.21356457799149314,0.05543447234545429,0.05395250428096393
2022-11-11,0.6884130239486694,0.694703996181488,0.631292998790741,0.6664389967918396,69016572,3992.93,-0.032096991560079835,-0.03262339461834868,0.009240793960120008,0.00919835904482699
2022-11-14,0.6314830183982849,0.6353060007095337,0.5885779857635498,0.6079959869384766,52479770,3957.25,-0.08769446286111848,-0.09178032622143738,-0.008935794015923149,-0.008975957665021739
2022-11-15,0.608115017414093,0.6319479942321777,0.6001999974250793,0.6058189868927002,43782797,3991.73,-0.003580615814157806,-0.0035870415623046694,0.008713121485880437,0.008675381307597811
2022-11-16,0.6059949994087219,0.6156290173530579,0.5763630270957947,0.5874699950218201,40577694,3958.79,-0.030287911517916877,-0.030756067541147698,-0.008252061136399536,-0.00828629787208508
2022-11-17,0.5873209834098816,0.588142991065979,0.5418400168418884,0.5531070232391357,65728103,3946.56,-0.05849315211648898,-0.060273657535373365,-0.003089327799655983,-0.003094109623737159
2022-11-18,0.5530610084533691,0.566398024559021,0.5437219738960266,0.5545229911804199,35058688,3965.34,0.0025600252424782255,0.0025567539597120296,0.004758574556069206,0.004747288330235593
2022-11-21,0.5119079947471619,0.5162879824638367,0.4763729870319366,0.5010190010070801,58422850,3949.94,-0.09648651367808081,-0.10146424230761071,-0.0038836518432215916,-0.0038912128014762935
2022-11-22,0.5008869767189026,0.7239279747009277,0.4095920026302337,0.630312979221344,970093372,4003.58,0.25806202550077906,0.22957246191239053,0.013579953113211918,0.01348857192195737
2022-11-23,0.6307809948921204,0.7132099866867065,0.6111159920692444,0.6867949962615967,296182395,4027.26,0.08960947799302432,0.08581935497386889,0.0059147063378277576,0.005897283130642713
2022-11-25,0.6898400187492371,0.6976029872894287,0.6612100005149841,0.6797360181808472,75359081,4026.12,-0.010278144306777648,-0.010331329173656891,-0.0002830708720074071,-0.000283110944129042
2022-11-28,0.6841880083084106,0.6889359951019287,0.6319959759712219,0.6453980207443237,66950381,3963.94,-0.050516666055774095,-0.051837301338581006,-0.01544414970244301,-0.015564652905563017
2022-11-29,0.6454809904098511,0.6798080205917358,0.6399919986724854,0.6624720096588135,58847167,3957.63,0.02645497563627286,0.02611109449469262,-0.0015918505325509535,-0.0015931188727940442
2022-11-30,0.6625069975852966,0.689674973487854,0.6510249972343445,0.6707059741020203,62117543,4080.11,0.012429150700944191,0.012352542933868055,0.030947814727501077,0.03047858758258928
2022-12-01,0.670727014541626,0.6714180111885071,0.6389999985694885,0.6404119729995728,42018433,4076.57,-0.045167334528377845,-0.04621917325556232,-0.0008676236670089876,-0.000868000270271791
2022-12-02,0.6405770182609558,0.6579040288925171,0.6269540190696716,0.6578890085220337,39416380,4071.7,0.027290301023888963,0.026924559964994346,-0.0011946317615054713,-0.0011953459028422096
2022-12-05,0.6708840131759644,0.689857006072998,0.6662769913673401,0.674202024936676,41888289,3998.84,0.02479600085018907,0.024493569221763285,-0.017894245646781326,-0.01805628360207544
2022-12-06,0.6742380261421204,0.6925740242004395,0.6685420274734497,0.67911297082901,44684582,3941.26,0.00728408653592405,0.007257685704035543,-0.014399175760970717,-0.014503849921748772
2022-12-07,0.6791560053825378,0.688381016254425,0.6493859887123108,0.6530439853668213,36551569,3933.92,-0.03838681718943704,-0.03914300604957101,-0.001862348589029894,-0.0018640849162627044
2022-12-08,0.6529539823532104,0.6698700189590454,0.6467589735984802,0.6677299737930298,40632937,3963.51,0.022488513416074385,0.02223937504880976,0.007521759466384781,0.007493612090724109
2022-12-09,0.6676710247993469,0.669526994228363,0.6380919814109802,0.6450790166854858,32740618,3934.38,-0.03392233087706931,-0.034511045182983605,-0.007349546235533633,-0.00737668721482345
2022-12-12,0.6288679838180542,0.6288679838180542,0.5939909815788269,0.619117021560669,39481477,3990.56,-0.04024622480857243,-0.04107851159354285,0.014279251114533986,0.014178262831053962
2022-12-13,0.6190000176429749,0.6606259942054749,0.5981829762458801,0.6532080173492432,58563076,4019.65,0.0550638968100694,0.05360133079075031,0.007289703700733785,0.007263262233261697
2022-12-14,0.6533610224723816,0.6637089848518372,0.6407110095024109,0.6464859843254089,41611778,3995.32,-0.010290799937074602,-0.010344116312931405,-0.006052765788066128,-0.006071158028413109
2022-12-15,0.6463649868965149,0.647957980632782,0.6157060265541077,0.6172639727592468,33820787,3895.75,-0.04520130718170867,-0.04625475358177233,-0.024921658340258168,-0.025237460791963953
2022-12-16,0.6173089742660522,0.6228349804878235,0.537434995174408,0.544713020324707,47644493,3852.36,-0.1175363469055678,-0.12503767731812493,-0.011137778348199956,-0.011200267830704025
2022-12-19,0.5500140190124512,0.5689030289649963,0.5179679989814758,0.5179809927940369,42428169,3817.66,-0.04907543336257136,-0.0503205396275127,-0.009007465553582783,-0.009048278034291597
2022-12-20,0.5180050134658813,0.5381230115890503,0.5166829824447632,0.5281460285186768,33089799,3821.62,0.01962434117477696,0.019434266493764087,0.0010372846193742458,0.001036747011419641
2022-12-21,0.5281929969787598,0.5344740152359009,0.5104910135269165,0.5165989995002747,27147363,3878.44,-0.021863326418999574,-0.022105870673334367,0.014868040255179737,0.014758594440961796
2022-12-22,0.5166450142860413,0.5254369974136353,0.5049830079078674,0.5243149995803833,30881065,3822.39,0.01493614987170444,0.01482570398471144,-0.014451686760656446,-0.014557129502374849
2022-12-23,0.524304986000061,0.5282620191574097,0.5191559791564941,0.5270169973373413,23058914,3844.82,0.0051533863405022196,0.005140153089680006,0.005868056373107056,0.005850906388984781
2022-12-27,0.5363950133323669,0.539447009563446,0.5189570188522339,0.5287380218505859,28356406,3829.25,0.003265595838350288,0.003260275360134931,-0.004049604402806883,-0.004057826255056132
2022-12-28,0.5287050008773804,0.529604971408844,0.508529007434845,0.5096499919891357,33769269,3783.22,-0.03610111070628508,-0.03676887649735518,-0.01202063067180259,-0.01209346269904926
2022-12-29,0.5096570253372192,0.5231710076332092,0.5057060122489929,0.5112059712409973,28765702,3849.28,0.003053034977571034,0.0030483839304190972,0.017461316021801565,0.017310618960093668
2022-12-30,0.5113120079040527,0.5300509929656982,0.4919320046901703,0.5278570055961609,38255407,3839.5,0.032572065452877386,0.03205284046614175,-0.0025407348906808513,-0.0025439680351095257
2023-01-03,0.533191978931427,0.5366230010986328,0.5227439999580383,0.5298590064048767,30343150,3824.14,0.0037926953464504365,0.003785521211272768,-0.004000520901158988,-0.0040085443908070935
2023-01-04,0.5298619866371155,0.5640450119972229,0.52845698595047,0.5546380281448364,59892657,3852.97,0.04676531198004308,0.04570475392576286,0.00753894993384141,0.007510674075384772
2023-01-05,0.5545549988746643,0.5589280128479004,0.5408520102500916,0.542809009552002,45762646,3808.1,-0.021327456814312584,-0.021558173316340173,-0.01164556173549236,-0.011713902384519219
2023-01-06,0.5427420139312744,0.5473729968070984,0.5246279835700989,0.5454440116882324,35591061,3895.08,0.004854381725176715,0.004842637207123194,0.02284078674404566,0.02258384117602654
2023-01-09,0.5729900002479553,0.6883500218391418,0.5727350115776062,0.6441550254821777,191256034,3892.09,0.1809736869021985,0.16633925661324522,-0.0007676350678290644,-0.0007679298504944067
2023-01-10,0.6440430283546448,0.6593239903450012,0.6371769905090332,0.6501799821853638,46854784,3919.25,0.009353271285396092,0.00930980029726009,0.006978255898501873,0.0069540205524518915
2023-01-11,0.6501280069351196,0.6749100089073181,0.648281991481781,0.6692649722099304,74248663,3969.61,0.02935339528666936,0.028930833544127715,0.012849397206098123,0.012767544131228952
2023-01-12,0.6778069734573364,0.6949570178985596,0.6445729732513428,0.6891160011291504,85831906,3983.17,0.029660941097322535,0.029229564648137807,0.00341595270064321,0.0034101315868827887
2023-01-13,0.689208984375,0.8272240161895752,0.6812679767608643,0.8034960031509399,109394608,3999.09,0.16598076642302928,0.15356259244321938,0.003996816605869258,0.003988850553225138
2023-01-17,0.8715929985046387,0.9459930062294006,0.8636469841003418,0.9133719801902772,158802063,3990.97,0.13674738468947512,0.12817101302930933,-0.0020304619300891558,-0.0020325261125498277
2023-01-18,0.9131230115890504,0.9525430202484132,0.8607950210571289,0.8964290022850037,149391739,3928.86,-0.018549920812924392,-0.018724128314523518,-0.01556263264319191,-0.015685001660276407
2023-01-19,0.8960469961166382,0.927956998348236,0.8760690093040466,0.9010599851608276,94455482,3898.85,0.0051660341912405094,0.005152736016163511,-0.007638348019527341,-0.00766766960752083
2023-01-20,0.9008809924125672,1.0329439640045166,0.892661988735199,1.0322660207748413,134446894,3972.61,0.14561298667656963,0.1359398532952644,0.01891839901509429,0.01874167155917249
2023-01-23,1.0731910467147827,1.1134920120239258,1.0663269758224487,1.0663269758224487,134838036,4019.81,0.032996295879273996,0.03246360434140554,0.011881357596139619,0.011811328415709267
2023-01-24,1.0661699771881104,1.1022820472717283,0.9785029888153076,0.9936190247535706,130132650,4016.95,-0.06818541846678794,-0.0706214309418729,-0.0007114764130643492,-0.0007117296325210936
2023-01-25,0.9938179850578308,1.055732011795044,0.977438986301422,1.032518982887268,118839466,4016.22,0.03914977185883206,0.03840285173697674,-0.00018172991946630024,-0.00018174643434897735
2023-01-26,1.0321450233459473,1.1207250356674194,1.0285359621047974,1.0493839979171753,150538698,4060.43,0.016333854688799,0.016201892314720346,0.011007863115068517,0.010947717569977039
2023-01-27,1.0494309663772583,1.1402219533920288,1.0071560144424438,1.131451964378357,117766228,4070.56,0.07820584897813454,0.0752984087824819,0.002494809663015962,0.0024917027916841637
2023-01-30,1.090129017829895,1.0944329500198364,0.9768199920654296,0.992812991142273,78173560,4017.77,-0.12253191262278207,-0.1307146919647257,-0.012968731575016657,-0.013053559781991077
2023-01-31,0.99276602268219,1.0401519536972046,0.9873329997062684,1.0184990167617798,64716098,4076.6,0.025871967680392682,0.02554295112605343,0.014642450911824145,0.014536285322318165
2023-02-01,1.0182900428771973,1.1211860179901123,0.979312002658844,1.1112209558486938,108815605,4119.21,0.09103782876660471,0.08712937972975354,0.010452337732424155,0.010398089735210484
2023-02-02,1.1111220121383667,1.162742018699646,1.059201955795288,1.0594539642333984,180728039,4179.76,-0.046585686980460506,-0.047705723717072865,0.01469942051995421,0.014592431217642185
2023-02-03,1.0594040155410769,1.1307350397109983,1.0594040155410769,1.1147160530090332,146622557,4136.48,0.052160915567125654,0.050846064183799444,-0.010354661511665864,-0.010408643989373002
2023-02-06,1.0507620573043823,1.0879549980163574,1.0293409824371338,1.0454059839248655,81091371,4111.08,-0.0621773310764423,-0.06419440016885586,-0.006140486597300043,-0.006159416919169087
2023-02-07,1.0455329418182373,1.097095966339111,1.0405969619750977,1.0916149616241455,105695396,4164.0,0.04420194489971574,0.04325290456652762,0.01287252984617182,0.012790383040919152
2023-02-08,1.091552972793579,1.2176690101623535,1.0849859714508057,1.1391479969024658,247523578,4117.86,0.04354377408642218,0.04262239594748244,-0.011080691642651352,-0.011142539811002886
2023-02-09,1.1394439935684204,1.153417944908142,0.9565100073814392,0.9715890288352966,190458631,4081.5,-0.1470914828650799,-0.15910298561838881,-0.008829829085981511,-0.008869043032445954
2023-02-10,0.971646010875702,0.9946889877319336,0.9416080117225648,0.9600719809532166,88409888,4090.46,-0.011853826608032247,-0.011924643400314936,0.0021952713463186946,0.002192865258876484
2023-02-13,0.9281759858131408,1.078565001487732,0.9019790291786194,1.0521190166473389,302808258,4137.29,0.09587514011473663,0.09155325878309958,0.011448590134117032,0.011383550959928976
2023-02-14,1.052786946296692,1.107272028923035,1.029237985610962,1.078544020652771,211595882,4136.13,0.025115983636183614,0.02480576095586216,-0.0002803767683676739,-0.0002804160812822511
2023-02-15,1.0787409543991089,1.1559070348739624,1.062741994857788,1.1484040021896362,157072272,4147.6,0.06477248976317496,0.06276115170487936,0.0027731236687436045,0.002769285655189374
2023-02-16,1.1482629776000977,1.2127950191497805,1.091739058494568,1.096917986869812,203446325,4090.41,-0.044832667964981865,-0.045868737059480885,-0.01378869707782826,-0.013884644172642286
2023-02-17,1.0968999862670898,1.236744999885559,1.0917149782180786,1.2157829999923706,200047034,4079.09,0.10836271676222053,0.10288389645269727,-0.0027674487398573477,-0.0027712852059047503
2023-02-21,1.2656060457229614,1.292389988899231,1.1528199911117554,1.1612199544906616,129953282,3997.34,-0.044878934400342296,-0.045917176274655684,-0.020041234687148357,-0.020244784414123935
2023-02-22,1.1611100435256958,1.1620279550552368,1.0714240074157717,1.107985019683838,95751546,3991.05,-0.04584397176517163,-0.04692806929812202,-0.0015735464083616035,-0.0015747857327715093
2023-02-23,1.1079169511795044,1.133802056312561,1.0720629692077637,1.0814590454101562,76289475,4012.32,-0.023940733676391046,-0.024231970720431043,0.0053294245875146196,0.005315273460274993
2023-02-24,1.081434965133667,1.0866669416427612,0.9872000217437744,0.9981629848480223,93025817,3970.04,-0.0770219278442883,-0.080149801905898,-0.010537544363360851,-0.010593457421727142
2023-02-27,1.0212119817733765,1.0454610586166382,0.9855549931526184,1.0167590379714966,70564956,3982.24,0.018630277225022196,0.018458859378681018,0.0030730168965551474,0.0030683048311681872
2023-02-28,1.016739010810852,1.0398509502410889,0.9872000217437744,0.9928690195083618,74497417,3970.15,-0.023496244017458645,-0.023776682300510523,-0.0030359797500902896,-0.0030405976856194583
2023-03-01,0.9930509924888612,1.05595600605011,0.9899060130119324,1.0357650518417358,66566742,3951.39,0.04320412007075691,0.04229686163678224,-0.004725262269687613,-0.00473646161527038
2023-03-02,1.0356899499893188,1.038519024848938,0.9745370149612428,0.9896320104599,54865020,3981.35,-0.0445400636947586,-0.04556244574106483,0.0075821419804169565,0.007553542016924832
2023-03-03,0.9897140264511108,0.993682026863098,0.9036960005760192,0.9336860179901124,73613240,4045.64,-0.05653211686613535,-0.05819295488659941,0.0161477890665227,0.016018800257414187
2023-03-06,0.9296810030937196,0.9676470160484314,0.9172509908676147,0.9497150182724,60729016,4048.42,0.017167441702503172,0.01702174628961134,0.0006871595099910977,0.0006869235239955045
2023-03-07,0.949433982372284,0.9927849769592284,0.9458209872245787,0.9729480147361756,72235540,3986.37,0.024463124218081944,0.02416869411840241,-0.015326967063694075,-0.015445639173959797
2023-03-08,0.9728819727897644,0.9822660088539124,0.8851969838142395,0.8890150189399719,68781190,3992.01,-0.08626668077324051,-0.09021652337697074,0.001414821002566402,0.0014138210863556078
2023-03-09,0.889087975025177,0.9188920259475708,0.8241220116615295,0.8394079804420471,74943378,3918.32,-0.05580000049613831,-0.05741727139540961,-0.018459372596762003,-0.018631872945282475
2023-03-10,0.8394039869308472,0.8901799917221069,0.8137919902801514,0.8858659863471985,99919428,3861.59,0.05534615703878076,0.05386882404864076,-0.014478143694236278,-0.014583974750190179
2023-03-13,0.9424920082092284,1.0114450454711914,0.91464102268219,0.9801530241966248,144544847,3855.76,0.10643487762546533,0.10114302439421045,-0.0015097408062482165,-0.0015108816132590817
2023-03-14,0.9799780249595642,1.045835018157959,0.9608650207519532,0.990106999874115,122758063,3919.29,0.01015553228094035,0.010104311354928801,0.016476647924144494,0.016342380801371525
2023-03-15,0.99025297164917,1.0135949850082395,0.871658980846405,0.8916379809379578,123341984,3891.93,-0.09945290655320771,-0.10475281873546302,-0.006980856226510457,-0.007005336398235209
2023-03-16,0.892041027545929,0.920745015144348,0.8808389902114868,0.9130529761314392,67515797,3960.28,0.024017589707152176,0.023733703918176162,0.017561980816715783,0.01740955128696453
2023-03-17,0.9131870269775392,1.0131560564041138,0.9026790261268616,1.0037239789962769,91600695,3916.64,0.09930530345457744,0.09467843798345472,-0.01101942286909019,-0.011080586449227313
2023-03-20,1.0213160514831543,1.0234639644622805,0.9616420269012452,0.9628919959068298,82543215,3951.57,-0.04068048979987404,-0.041531089410158574,0.008918358593079878,0.008878824909597214
2023-03-21,0.9630560278892516,1.008044958114624,0.942152976989746,0.9983059763908386,72468484,4002.87,0.036778767125025924,0.03611856716719109,0.012982181765728518,0.01289863554198477
2023-03-22,0.9981750249862672,1.0072389841079712,0.9287790060043336,0.9425269961357116,84719435,3936.97,-0.055873631506027865,-0.05749525686569135,-0.01646318766285193,-0.016600211922495948
2023-03-23,0.9424650073051452,0.988394021987915,0.934647023677826,0.9689429998397828,69487130,3948.72,0.02802678736245734,0.02764122443905728,0.002984528711166279,0.0029800838470393862
2023-03-24,0.9688299894332886,0.9704359769821168,0.89553302526474,0.9076719880104064,56282715,3970.99,-0.06323489806883142,-0.06532271981441337,0.0056398022650376856,0.005623958124210314
2023-03-27,0.9332529902458192,0.9358729720115662,0.8745160102844238,0.8896390199661255,51426521,3977.53,-0.019867273951913678,-0.02006728174503103,0.0016469444647304599,0.0016455897389303137
2023-03-28,0.889585018157959,0.9261599779129028,0.8794609904289246,0.9204599857330322,43671484,3971.27,0.03464435020856027,0.03405774467852743,-0.0015738410521103363,-0.001575080840930101
2023-03-29,0.9201300144195556,0.9614220261573792,0.9185770153999328,0.9419779777526855,38963595,4027.81,0.023377433406316817,0.02310836653631343,0.014237259113583312,0.014136861145886559
2023-03-30,0.9417920112609864,0.9605690240859984,0.9118729829788208,0.9209589958190918,43869538,4050.83,-0.022313665956118833,-0.02256638222608965,0.0057152646227105475,0.005698994460609173
2023-03-31,0.9214670062065125,0.948822021484375,0.9081900119781494,0.9350720047950744,48128240,4109.31,0.015324253349010997,0.015208022904410841,0.014436547571732294,0.014333332809426856
2023-04-03,0.9069949984550476,0.9336559772491456,0.8848770260810852,0.9220409989356996,49206537,4124.51,-0.013935831457418724,-0.014033846839300349,0.0036989178231867648,0.003692093649516912
2023-04-04,0.922173023223877,1.0074379444122314,0.9131489992141724,0.995756983757019,69313002,4100.6,0.0799487060840125,0.0769135456415801,-0.0057970522559043225,-0.005813920385208212
2023-04-05,0.9957579970359802,1.0324809551239014,0.9892809987068176,1.001952052116394,53748551,4090.38,0.0062214661412676175,0.006202192718783091,-0.0024923181973370845,-0.002495429192470336
2023-04-06,1.0021339654922483,1.0129300355911257,0.989687979221344,1.0088369846343994,53528104,4105.02,0.006871518954886691,0.006848017666786897,0.003579129567424122,0.0035727397253701647
2023-04-10,1.0126780271530151,1.0287209749221802,0.9915310144424438,1.0282570123672483,41802597,4109.11,0.019249916516380194,0.019066980810310625,0.0009963410653295313,0.0009958450470119054
2023-04-11,1.0282280445098877,1.0427370071411133,1.015802025794983,1.0197850465774536,49884109,4108.94,-0.00823915197066405,-0.008273281377455994,-4.137148920324574e-05,-4.137234502690973e-05
2023-04-12,1.0198030471801758,1.0436279773712158,0.9822720289230348,1.0211809873580933,83416090,4091.95,0.0013688578640416171,0.001367921832214626,-0.004134886369720592,-0.004143458650798345
2023-04-13,1.0283050537109375,1.072046995162964,1.0158859491348269,1.0669889450073242,54624736,4146.22,0.04485782463277266,0.043880823177735014,0.013262625398648753,0.013175446748330008
2023-04-14,1.0669740438461304,1.108296036720276,1.0662510395050049,1.0915900468826294,76310315,4137.64,0.023056566790517596,0.022794780446170518,-0.0020693547375681964,-0.002071498810492095
2023-04-17,1.1059099435806274,1.1059099435806274,1.0492379665374756,1.0501010417938232,56697442,4151.32,-0.0380078631234233,-0.03874900207480788,0.0033062325383550473,0.0033007789687629755
2023-04-18,1.0501630306243896,1.10841703414917,1.0410560369491575,1.0752700567245483,74772548,4154.87,0.0239681839451662,0.023685455768573588,0.0008551496873283604,0.0008547842551524592
2023-04-19,1.075171947479248,1.075171947479248,0.9463520050048828,0.9580010175704956,73440912,4154.52,-0.10906008069384332,-0.11547828441769585,-8.423849602978706e-05,-8.424204429116194e-05
2023-04-20,0.9578419923782348,0.9775789976119996,0.9376680254936218,0.9429129958152772,75076582,4129.79,-0.01574948405950738,-0.015874824961838646,-0.005952552882162232,-0.005970339945819703
2023-04-21,0.9429889917373656,0.956284999847412,0.9098209738731384,0.9212030172348022,60307486,4133.52,-0.02302437094071841,-0.023293571918562066,0.0009031936248575789,0.000902785990925368
2023-04-24,0.9450209736824036,0.9618729948997498,0.915956974029541,0.9273229837417604,45238871,4137.04,0.006643450349661961,0.006621479886162536,0.0008515744450250384,0.0008512120612239251
2023-04-25,0.9272000193595886,0.9458900094032288,0.897072970867157,0.9400879740715028,40787478,4071.63,0.01376541998154246,0.013671537164396372,-0.015810821263512076,-0.01593714559496794
2023-04-26,0.9400039911270142,0.9751049876213074,0.8889470100402832,0.9187710285186768,53372222,4055.99,-0.022675479466568227,-0.02293652187389066,-0.003841213469789828,-0.003848609877111783
2023-04-27,0.9188519716262816,0.956798017024994,0.9168149828910828,0.9445639848709106,48380868,4135.35,0.028073323550286133,0.027686490900150053,0.019566123190639217,0.01937716738000212
2023-04-28,0.9445430040359496,0.947242021560669,0.9168279767036438,0.9249190092086792,25293979,4169.48,-0.02079793002579522,-0.021017253282064715,0.008253231286347917,0.008219359612570367
2023-05-01,0.9107369780540466,0.9137409925460817,0.8760539889335632,0.8838679790496826,26585027,4167.87,-0.04438337816639537,-0.04539846954864383,-0.0003861392787588569,-0.0003862138497272949
2023-05-02,0.8838859796524048,0.90802401304245,0.8793789744377136,0.9049090147018432,29473445,4119.58,0.02380563178087236,0.023526695886611108,-0.011586253889876552,-0.011653897528004022
2023-05-03,0.9048920273780824,0.9812399744987488,0.8815410137176514,0.9721580147743224,84645698,4090.75,0.07431575879994634,0.07168395548340195,-0.006998286233062534,-0.00702288909058116
2023-05-04,0.9721189737319946,0.9721189737319946,0.9191160202026368,0.9286829829216005,39200410,4061.22,-0.04472012902430711,-0.04575092282140346,-0.007218725172645657,-0.007244906241251436
2023-05-05,0.9288179874420166,0.9742140173912048,0.9273359775543212,0.9569439888000488,43496203,4136.25,0.030431273532697256,0.029977426773733804,0.018474744042430657,0.018306159168068423
2023-05-08,0.8881139755249023,0.8890799880027771,0.8138539791107178,0.8342180252075195,53242612,4138.12,-0.12824780240943923,-0.13725007253415875,0.0004521003324267081,0.00045199816586328297
2023-05-09,0.8341240286827087,0.8444420099258423,0.8302440047264099,0.8374590277671814,25797100,4119.17,0.0038850785546806765,0.003877551127125184,-0.004579374208577791,-0.004589891663841041
2023-05-10,0.8374180197715759,0.853039026260376,0.8123509883880615,0.8396949768066406,41211701,4137.64,0.002669920515897539,0.0026663626095946,0.004483913021312569,0.004473890233026689
2023-05-11,0.8397060036659241,0.8403519988059998,0.7892580032348633,0.8002049922943115,34973571,4130.62,-0.047028963615466046,-0.04817076783119482,-0.0016966193288928677,-0.0016980602174566785
2023-05-12,0.8002189993858337,0.8162000179290771,0.7814289927482605,0.8160849809646606,35288006,4124.08,0.01984490077326151,0.01965055766875011,-0.0015832974226629437,-0.0015845521626198357
2023-05-15,0.8058429956436157,0.8311870098114014,0.7987549901008606,0.8276820182800293,32027791,4136.28,0.014210575596747654,0.014110551850295522,0.002958235533743192,0.0029538685652344835
2023-05-16,0.8276619911193848,0.8349130153656006,0.8180069923400879,0.830706000328064,27639221,4109.9,0.003653555328311464,0.0036468973070810425,-0.006377711373504735,-0.006398135861993161
2023-05-17,0.8307210206985474,0.837565004825592,0.8072569966316223,0.8334239721298218,33580870,4158.77,0.0032718817496013575,0.0032665407913280192,0.011890800262780221,0.01182066016444788
2023-05-18,0.8333789706230164,0.8342739939689636,0.8029580116271973,0.8273190259933472,34408681,4198.05,-0.007325138633669681,-0.007352099202290528,0.009445100354191105,0.009400774284705668
2023-05-19,0.8273379802703857,0.8323270082473755,0.8174039721488953,0.8284109830856323,26795433,4191.98,0.0013198742661262308,0.0013190039977660818,-0.001445909410321633,-0.001446955746059144
2023-05-22,0.8357409834861755,0.8554369807243347,0.8242989778518677,0.8493469953536987,40000631,4192.63,0.02527249480696736,0.024958425851059545,0.00015505799168891166,0.0001550459714410593
2023-05-23,0.849390983581543,0.8795350193977356,0.8473550081253052,0.8651319742202759,41841509,4145.58,0.01858484100482838,0.018414253171123683,-0.011222073018606449,-0.011285515564489972
2023-05-24,0.865073025226593,0.8791289925575256,0.8114910125732422,0.8307679891586304,51021235,4115.24,-0.03972109005983393,-0.040531505528595003,-0.007318638164020563,-0.007345550785867146
2023-05-25,0.8306369781494141,0.8344519734382629,0.8173379898071289,0.8232110142707825,28681162,4151.28,-0.009096372256111263,-0.009137996864454588,0.00875769092446621,0.008719564785563249
2023-05-26,0.8232449889183044,0.8687800168991089,0.8215219974517822,0.8534029722213745,37790130,4205.45,0.036675843042912604,0.03601928929373958,0.013048987300302572,0.01296458273531355
2023-05-30,0.8546109795570374,0.8641899824142456,0.8291069865226746,0.8370640277862549,35216778,4205.52,-0.0191456380712971,-0.019331289226144986,1.6645067709930572e-05,1.6644929182328236e-05
2023-05-31,0.8370029926300049,0.8389359712600708,0.8102999925613403,0.8172730207443237,24499274,4179.83,-0.023643361063157342,-0.023927350567796553,-0.006108638170785219,-0.006127372232971846
2023-06-01,0.8173189759254456,0.8209059834480286,0.8052340149879456,0.8122079968452454,23690600,4221.02,-0.00619746861882875,-0.006216752643513024,0.009854467765435526,0.009806229149665344
2023-06-02,0.8121910095214844,0.8580420017242432,0.809984028339386,0.8530660271644592,47740433,4282.37,0.050304885543990485,0.049080489205792666,0.014534401637518846,0.01442978965214366
2023-06-05,0.8480640053749084,0.8484309911727905,0.7732040286064148,0.7765009999275208,56863553,4273.79,-0.08975275629183832,-0.09403901999142415,-0.002003563447343426,-0.0020055732655681105
2023-06-06,0.7763379812240601,0.8006849884986877,0.7606189846992493,0.800682008266449,45543242,4283.85,0.031140988023435012,0.030665944495871875,0.002353882619408054,0.0023511165774900327
2023-06-07,0.8007810115814209,0.8010839819908142,0.7550389766693115,0.7554050087928772,32321362,4267.52,-0.056548041552227035,-0.05820983391425192,-0.0038119915496573897,-0.0038192757067673886
2023-06-08,0.7554889917373657,0.7692379951477051,0.7498300075531006,0.7598680257797241,31191782,4293.93,0.005908111456632614,0.0058907270053847275,0.006188606028794119,0.00616953524709693
2023-06-09,0.7601640224456787,0.7649049758911133,0.7496500015258789,0.7576829791069031,25563848,4298.86,-0.0028755607535649874,-0.0028797031213814357,0.0011481323635922358,0.0011474737636884458
2023-06-12,0.6687870025634766,0.6696799993515015,0.6295480132102966,0.6357870101928711,43045141,4338.93,-0.16087990924345874,-0.1754014471719858,0.009321075820101221,0.009277902665684432
2023-06-13,0.635811984539032,0.6615049839019775,0.6348059773445129,0.6486589908599854,46303539,4369.01,0.020245743402667937,0.020043523183011936,0.006932584761680793,0.0069086648833658285
2023-06-14,0.6486579775810242,0.6549890041351318,0.5685150027275085,0.5709440112113953,57693624,4372.59,-0.1198086833662112,-0.1276159898733159,0.0008194076003487094,0.0008190720692196159
2023-06-15,0.5709630250930786,0.6207380294799805,0.5620419979095459,0.6076449751853943,114232806,4425.84,0.06428119614763816,0.062299638096736734,0.012178136985173449,0.012104580063652602
2023-06-16,0.607712984085083,0.6319530010223389,0.6014310121536255,0.6223739981651306,55759233,4409.59,0.024239520741930587,0.02395040623988639,-0.0036716193988033385,-0.0036783763376504303
2023-06-20,0.6308749914169312,0.666608989238739,0.6221179962158203,0.6634529829025269,50164136,4388.71,0.06600369690652963,0.06391679375502163,-0.0047351341054383544,-0.004746380368690653
2023-06-21,0.6634610295295715,0.6926140189170837,0.661454975605011,0.6885259747505188,45070368,4365.69,0.03779166345488516,0.03709505501779789,-0.005245277085977551,-0.005259081846186579
2023-06-22,0.6883329749107361,0.7061169743537903,0.6671419739723206,0.6695669889450073,40306789,4381.89,-0.02753561448771935,-0.02792182574132459,0.003710753626574581,0.003703885765053952
2023-06-23,0.6696640253067017,0.7030289769172668,0.6692079901695251,0.6916940212249756,31781563,4348.33,0.03304677895610175,0.032512473677628675,-0.007658795633847637,-0.007688274822307147
2023-06-26,0.703370988368988,0.7037310004234314,0.6685400009155273,0.6787300109863281,47910051,4328.82,-0.01874240609408262,-0.018920270903064987,-0.004486779982200151,-0.004496875789266097
2023-06-27,0.6787490248680115,0.6996570229530334,0.6743649840354919,0.692870020866394,33055973,4378.41,0.02083304060699742,0.02061900045036551,0.011455777787018118,0.011390657230512101
2023-06-28,0.6929360032081604,0.6929789781570435,0.6562899947166443,0.6609979867935181,33065264,4376.86,-0.04600001892565919,-0.0470916273720679,-0.00035400978894173374,-0.0003540724651995093
2023-06-29,0.6609039902687073,0.7236739993095398,0.6567829847335815,0.7107980251312256,45750296,4396.44,0.07534068080794931,0.07263752375299273,0.004473526683512752,0.00446355020531417
2023-06-30,0.7106369733810425,0.7808380126953125,0.7010310292243958,0.7609230279922485,66428885,4450.38,0.07051933332505955,0.0681438889733182,0.012269017659743087,0.012194363266362706
2023-07-03,0.7651749849319458,0.7902029752731323,0.759568989276886,0.7838850021362305,34445160,4455.59,0.030176474228370775,0.029730121767818002,0.0011706865481149187,0.0011700018289601843
2023-07-05,0.8059160113334656,0.8097900152206421,0.7708029747009277,0.7817569971084595,33345532,4446.82,-0.0027146903206105577,-0.0027183817746622317,-0.0019683139606652134,-0.001970253636267394
2023-07-06,0.7814229726791382,0.8012120127677917,0.727541983127594,0.727541983127594,53719987,4411.59,-0.06935021263819119,-0.07187224072134457,-0.007922515415510367,-0.007954065287478301
2023-07-07,0.7274979948997498,0.7900040149688721,0.7237139940261841,0.7877219915390015,35501225,4398.95,0.08271688755706252,0.07947351884590138,-0.0028651801277997935,-0.0028692926136023467
2023-07-10,0.7977200150489807,0.8227789998054504,0.7856720089912415,0.807699978351593,40176994,4409.53,0.025361722825028465,0.02504545065280157,0.0024051194034939716,0.002402231733022815
2023-07-11,0.8076210021972656,0.8132539987564087,0.7887409925460815,0.7938730120658875,22470121,4439.26,-0.017118938536960893,-0.017267161615288754,0.006742215156717579,0.006719588071620385
2023-07-12,0.7938209772109985,0.8086940050125122,0.781548023223877,0.785090982913971,25834984,4472.16,-0.01106225935186178,-0.01112390116287675,0.007411145100759908,0.007383817501052891
2023-07-13,0.7851390242576599,0.8528069853782654,0.7768459916114807,0.8448209762573242,40301228,4510.04,0.0760803456456185,0.07332512962624327,0.00847017995778332,0.008434509266769535
2023-07-14,0.8448799848556519,0.8731849789619446,0.8045799732208252,0.8213099837303162,46710650,4505.42,-0.027829555832248665,-0.028224135812379234,-0.001024381158481913,-0.0010249061954501163
2023-07-17,0.8093039989471436,0.816074013710022,0.7872989773750305,0.8097109794616699,48020543,4522.79,-0.014122565777131557,-0.014223238168140029,0.003855356437357571,0.003847943597379543
2023-07-18,0.8096609711647034,0.8121060132980347,0.7785170078277588,0.784034013748169,31795161,4554.98,-0.031711272743976004,-0.032224964221094846,0.007117288222535212,0.007092079866132413
2023-07-19,0.7840949892997742,0.7954339981079102,0.7756189703941345,0.7783539891242981,28116967,4565.72,-0.007244615060406412,-0.007270984719968884,0.0023578588709500803,0.0023550834835142126
2023-07-20,0.7783229947090149,0.7914019823074341,0.777541995048523,0.7856289744377136,35097606,4534.87,0.00934662816028009,0.009303218709657246,-0.006756875147840957,-0.006779806181851591
2023-07-21,0.7855979800224304,0.7942299842834473,0.7675179839134216,0.7696769833564758,33289696,4536.34,-0.020304738751081408,-0.02051371358422187,0.00032415482692993436,0.0003241023001049327
2023-07-24,0.7585690021514893,0.7610309720039368,0.7249199748039246,0.7281489968299866,33886163,4554.64,-0.0539550843074329,-0.055465231466927375,0.004034089155574794,0.004025974035341747
2023-07-25,0.7282159924507141,0.731719970703125,0.7221540212631226,0.7263420224189758,22503633,4567.46,-0.002481599808387358,-0.0024846840808684717,0.002814712029929778,0.0028107581456501534
2023-07-26,0.726377010345459,0.7390999794006348,0.7180070281028748,0.7304559946060181,28906707,4566.75,0.005663960035440674,0.005647980125120329,-0.00015544744781559316,-0.00015545953102232801
2023-07-27,0.7304660081863403,0.7436050176620483,0.7252510190010071,0.729282021522522,25065160,4537.41,-0.001607178381949348,-0.0016084712785877603,-0.006424700279192064,-0.0064454274911412875
2023-07-28,0.7293019890785217,0.7322260141372681,0.7198579907417297,0.7292280197143555,18878311,4582.23,-7.404790817933105e-05,-7.405064986102861e-05,0.009877881875342887,0.009829414508767577
2023-07-31,0.6281480193138123,0.6542189717292786,0.5406680107116699,0.5679929852485657,327524079,4588.96,-0.22110372902147513,-0.2498773986161284,0.0014687171966489831,0.001467639686456588
2023-08-01,0.5678840279579163,0.6185309886932373,0.4981729984283447,0.6146349906921387,410490222,4576.73,0.08211722090751072,0.07891951180901598,-0.0026650918726683903,-0.002668649552448092
2023-08-02,0.6145150065422058,0.6145150065422058,0.5485489964485168,0.582165002822876,261981726,4513.39,-0.05282808229433589,-0.05427466298439722,-0.01383957541738301,-0.013936235197657028
2023-08-03,0.5821740031242371,0.6067699790000916,0.5745649933815002,0.5801209807395935,128973765,4501.89,-0.0035110700117169102,-0.0035172482838337067,-0.002547973917609636,-0.0025512255276715053
2023-08-04,0.5801129937171936,0.6287829875946045,0.5687770247459412,0.6119359731674194,166504816,4478.03,0.05484199586656069,0.05339098876071279,-0.00529999622380839,-0.0053140910274567365
2023-08-07,0.61149001121521,0.6275399923324585,0.5918759703636169,0.613207995891571,93670911,4518.44,0.0020786859735790753,0.002076528495186746,0.00902405745383561,0.008983583955258645
2023-08-08,0.6132000088691711,0.6159719824790955,0.5974199771881104,0.6006929874420166,69964749,4499.38,-0.020409075767771623,-0.020620218716103072,-0.004218270022397053,-0.004227192022498048
2023-08-09,0.6007440090179443,0.6166830062866211,0.5984839797019958,0.613627016544342,67540887,4467.71,0.021531846338682215,0.021303310843107933,-0.007038747560775049,-0.007063636404007057
2023-08-10,0.613735020160675,0.6491789817810059,0.6071149706840515,0.6083459854125977,100046427,4468.83,-0.008606255900342585,-0.00864350358335827,0.00025068771249703303,0.00025065629558288107
2023-08-11,0.6083539724349976,0.6115589737892151,0.5909720063209534,0.5956630110740662,59696787,4464.05,-0.020848291338570357,-0.0210686855751832,-0.0010696312010077813,-0.001070203664713968
2023-08-14,0.5769410133361816,0.5863789916038513,0.5729320049285889,0.5809569954872131,51938513,4489.72,-0.024688482100535314,-0.024998353477402247,0.005750383620255262,0.005733913274737526
2023-08-15,0.580955982208252,0.5857849717140198,0.5432810187339783,0.5558739900588989,68506550,4437.86,-0.04317532213770592,-0.044135104038222885,-0.011550831677699436,-0.011618060736365813
2023-08-16,0.5558810234069824,0.5631380081176758,0.5295349955558777,0.5405589938163757,92504240,4404.33,-0.02755120138091094,-0.02793785411042517,-0.0075554433893813,-0.007584130338210397
2023-08-17,0.5405420064926147,0.5506960153579712,0.4674229919910431,0.4950839877128601,91664341,4370.36,-0.08412588935475784,-0.0878763575462997,-0.007712864385729601,-0.007742762356125065
2023-08-18,0.4951190054416656,0.5056220293045044,0.4887430071830749,0.4947479963302612,63057812,4369.71,-0.0006786553209913171,-0.0006788857117568485,-0.00014872916647590273,-0.00014874022775515319
2023-08-21,0.4989979863166809,0.5009329915046692,0.4706200063228607,0.4787879884243011,44042252,4399.77,-0.032258863147181405,-0.03279064807541884,0.006879175048229769,0.006855621481266927
2023-08-22,0.4787740111351013,0.4808799922466278,0.4440590143203735,0.47359499335289,75231849,4387.55,-0.010846126462991101,-0.010905374489813822,-0.0027774179104816943,-0.002781282092229976
2023-08-23,0.4735960066318512,0.4803270101547241,0.4609650075435638,0.4678420126438141,48986671,4436.01,-0.012147469440812242,-0.012221852942360056,0.011044888377340412,0.01098433903027149
2023-08-24,0.4678980112075805,0.4683879911899566,0.4468249976634979,0.4541980028152466,36905154,4376.31,-0.029163712235812378,-0.02959742659034171,-0.013458039995401183,-0.013549420207499292
2023-08-25,0.4542039930820465,0.4587570130825043,0.4408780038356781,0.4544729888439178,40486695,4405.71,0.0006054320515871403,0.000605248851542319,0.006717988442317857,0.006695523315478112
2023-08-28,0.4595049917697906,0.4914349913597107,0.4564799964427948,0.4868989884853363,56461082,4433.31,0.07134857392493954,0.06891820436270801,0.0062645975336552695,0.006245056511156882
2023-08-29,0.4868910014629364,0.4984410107135772,0.4590060114860534,0.483381986618042,118459107,4497.63,-0.007223267968239466,-0.007249482078953607,0.014508347036412905,0.014404107984150809
2023-08-30,0.4833660125732422,0.4853639900684356,0.4675759971141815,0.4727579951286316,32647698,4514.87,-0.021978459652045812,-0.02222358429420549,0.0038331298928546698,0.0038258021699069606
2023-08-31,0.4727759957313537,0.4770880043506622,0.4473060071468353,0.4525009989738464,32767441,4507.66,-0.04284855330531967,-0.04379364854003921,-0.0015969452055097921,-0.0015982216816604765
2023-09-01,0.4525220096111297,0.4561870098114013,0.4286740124225616,0.4383809864521026,33507064,4515.77,-0.031204378672675337,-0.0317016064403752,0.0017991596526802933,0.0017975431036151848
2023-09-05,0.4368560016155243,0.4462569952011108,0.4336850047111511,0.4438959956169128,21052178,4496.83,0.012580402287617698,0.012501926512559382,-0.00419419058100845,-0.004203010869610265
2023-09-06,0.4439080059528351,0.4524059891700744,0.4362779855728149,0.4509319961071014,24672085,4465.48,0.015850560851332185,0.0157262525618687,-0.0069715777558858605,-0.006995992744252873
2023-09-07,0.4509269893169403,0.4509269893169403,0.4370830059051513,0.446586012840271,19448982,4451.14,-0.009637779763576937,-0.009684523744220611,-0.0032113009127796577,-0.0032164682050081963
2023-09-08,0.4466300010681152,0.4499279856681824,0.4348469972610473,0.441085010766983,18657349,4457.49,-0.012317900505440904,-0.012394394655837228,0.0014266008258556617,0.0014255841976643817
2023-09-11,0.4268470108509063,0.4276250004768371,0.4013310074806213,0.4076189994812011,30831111,4487.46,-0.07587202119516445,-0.07890471173137405,0.006723514803174124,0.006701012782986727
2023-09-12,0.4076789915561676,0.4198629856109619,0.399150013923645,0.4012309908866882,30938735,4461.9,-0.015671518262503237,-0.015795614732392056,-0.005695872498027943,-0.0057121558411206055
2023-09-13,0.4012199938297272,0.4185799956321716,0.3894670009613037,0.4170460104942322,48887478,4467.44,0.03941624641853836,0.03865925404397397,0.001241623523611013,0.0012408533465711885
2023-09-14,0.4171060025691986,0.4280869960784912,0.4128499925136566,0.4197179973125458,29086225,4505.1,0.006406935328663321,0.00638649816511909,0.008429883781315706,0.008394550741111827
2023-09-15,0.4197059869766235,0.438060998916626,0.4146249890327453,0.435694009065628,29863468,4450.32,0.03806368050780917,0.03735713209871981,-0.012159552507158722,-0.012234084667107637
2023-09-18,0.4319800138473511,0.4476270079612732,0.4250899851322174,0.42569500207901,29397664,4453.53,-0.02294960862110884,-0.02321705060424581,0.0007212964460983073,0.000721036436838388
2023-09-19,0.4257000088691711,0.4514560103416443,0.4236739873886108,0.4441350102424621,41291431,4443.95,0.043317417572193095,0.04240546104446008,-0.0021511026084926055,-0.0021534195529618974
2023-09-20,0.4441210031509399,0.4468109905719757,0.4351040124893188,0.4414699971675873,24966745,4402.2,-0.006000457098439327,-0.006018532183253587,-0.009394795170962755,-0.009439204623110126
2023-09-21,0.4414820075035095,0.4552559852600097,0.4318690001964569,0.4445199966430664,36227273,4330.0,0.006908735576703906,0.006884979616073771,-0.016400890463858953,-0.01653687395146802
2023-09-22,0.4444699883460998,0.4982419908046722,0.4400230050086975,0.4905909895896911,78697592,4320.06,0.10364211575304694,0.09861572478674012,-0.0022956120092377796,-0.0022982509659402743
2023-09-25,0.5144079923629761,0.5313500165939331,0.5063549876213074,0.5208600163459778,51091547,4337.44,0.06169910862325945,0.05987055746207269,0.00402309227186648,0.004015021275818627
2023-09-26,0.5208550095558167,0.5272369980812073,0.5090680122375488,0.5232020020484924,32355489,4273.53,0.004496382192944237,0.004486303666509867,-0.01473449776826885,-0.014844128717961364
2023-09-27,0.5232239961624146,0.534263014793396,0.5133810043334961,0.5172240138053894,32731608,4274.51,-0.011425774786215315,-0.011491550456255026,0.0002293186195019281,0.00022929233000634007
2023-09-28,0.5172060132026672,0.5281959772109985,0.5101079940795898,0.5169659852981567,26533784,4299.7,-0.0004988718627626509,-0.000498996340731138,0.005893073124170867,0.00587577688747319
2023-09-29,0.5169540047645569,0.5304179787635803,0.5132150053977966,0.5227100253105164,20002878,4288.05,0.011111059867984885,0.011049785506568741,-0.002709491359862204,-0.002713168675515421
2023-10-02,0.5383430123329163,0.5384259819984436,0.493492990732193,0.4994710087776184,29552607,4288.39,-0.04445871593737427,-0.04547730947158844,7.92901202177898e-05,7.928697692236147e-05
2023-10-03,0.499440997838974,0.5016899704933167,0.4817140102386474,0.4870710074901581,27649940,4229.45,-0.02482626833098378,-0.02513963753039178,-0.01374408577578079,-0.013839410161483797
2023-10-04,0.4870649874210357,0.4883710145950317,0.4722619950771332,0.4830580055713653,17869649,4263.75,-0.008239049044350799,-0.008273177596077536,0.008109801510834735,0.008077093787000134
2023-10-05,0.4830340147018432,0.4830340147018432,0.4657619893550873,0.4669600129127502,17137741,4258.19,-0.03332517518175537,-0.03389311224414384,-0.0013040164174730196,-0.0013048673867472557
2023-10-06,0.4669789969921112,0.4816260039806366,0.4669789969921112,0.4738709926605224,14821515,4308.5,0.014799939088282255,0.014691488719616114,0.011814879091820885,0.011745628333713317
2023-10-09,0.473812997341156,0.473812997341156,0.4431290030479431,0.449425995349884,32720557,4335.66,-0.0515857642464953,-0.05296391461937207,0.006303818034118613,0.006284032081045516
2023-10-10,0.449425995349884,0.4504100084304809,0.432873010635376,0.4342150092124939,36680090,4358.24,-0.03384536340749078,-0.03443137829262931,0.005207972949908379,0.005194458360886415
2023-10-11,0.4342490136623382,0.4357309937477112,0.4265410006046295,0.4338440001010895,36255541,4376.95,-0.0008544364048522768,-0.0008548016437009782,0.004293017364807916,0.004283828654568987
2023-10-12,0.4339019954204559,0.4339019954204559,0.4188489913940429,0.4245089888572693,36074104,4349.61,-0.02151697670509456,-0.021751842020678425,-0.006246358765807258,-0.006265948885271601
2023-10-13,0.4244219958782196,0.4510070085525512,0.4238449931144714,0.4414440095424652,39700285,4327.78,0.039893196916237494,0.03911801260691215,-0.005018840769632216,-0.005031477449688668
2023-10-16,0.4402759969234466,0.4526709914207458,0.4379149973392486,0.4478769898414612,49852101,4373.63,0.01457258488038704,0.014467425166807405,0.010594346293018697,0.010538619453747615
2023-10-17,0.4478499889373779,0.4509510099887848,0.4290780127048492,0.4335579872131347,45609579,4373.2,-0.031970837870896385,-0.032493065992914516,-9.831650139591197e-05,-9.832133477993887e-05
2023-10-18,0.4335609972476959,0.4363139867782593,0.4251089990139007,0.4251089990139007,22212047,4314.6,-0.019487562098770783,-0.01967994816231859,-0.013399798774352711,-0.01349038622382619
2023-10-19,0.4251100122928619,0.427280992269516,0.4113030135631561,0.4141719937324524,25964345,4278.0,-0.02572753177848086,-0.02606427295942696,-0.00848282575441528,-0.008519009694152467
2023-10-20,0.4141649901866913,0.4301309883594513,0.4121890068054199,0.4207369983196258,24825010,4224.16,0.015850913838984182,0.015726600041709015,-0.012585320243104325,-0.01266518618575799
2023-10-23,0.4530270099639892,0.471576988697052,0.4492479860782623,0.471576988697052,48081082,4217.04,0.12083555898453224,0.11407444196898311,-0.001685542214310054,-0.0016869643388467898
2023-10-24,0.4715250134468078,0.4890190064907074,0.4613279998302459,0.4779439866542816,54754961,4247.68,0.01350150263867067,0.013411169532075294,0.00726575986948208,0.0072394913997594025
2023-10-25,0.478083997964859,0.4867079854011535,0.4672189950942993,0.4780139923095703,36838525,4186.77,0.00014647250984101134,0.00014646178379031005,-0.014339592436341642,-0.014443397939346892
2023-10-26,0.4780380129814148,0.4985890090465545,0.463113009929657,0.4774619936943054,56046330,4137.23,-0.0011547750152622882,-0.0011554422816747437,-0.01183251050332379,-0.011903071819740901
2023-10-27,0.4775129854679107,0.4779959917068481,0.4598000049591064,0.4664500057697296,41674319,4117.37,-0.02306359054753626,-0.023333716619091158,-0.004800313253070176,-0.004811871761208667
2023-10-30,0.4928210079669952,0.5033180117607117,0.4855020046234131,0.4878630042076111,51217845,4166.82,0.045906309728833694,0.04488379158217862,0.012010093822027113,0.011938544947970331
2023-10-31,0.4879119992256164,0.4954020082950592,0.4696899950504303,0.479772001504898,37679265,4193.8,-0.01658457934488089,-0.016723643168203843,0.006474961721408823,0.006454089207465981
2023-11-01,0.4798539876937866,0.5244029760360718,0.4677009880542755,0.5200629830360413,89315659,4237.86,0.08397943482479753,0.08063893127365215,0.010505985025513809,0.010451180679737281
2023-11-02,0.5200369954109192,0.5381630063056946,0.500603973865509,0.5100150108337402,119025376,4317.78,-0.01932068332116743,-0.019509767171483408,0.018858574846738696,0.018682956430735833
2023-11-03,0.5099850296974182,0.5357109904289246,0.4980570077896118,0.5330259799957275,50376520,4358.34,0.04511821941156291,0.04413000764171934,0.009393716215277292,0.009349869637436973
2023-11-06,0.5669530034065247,0.5780640244483948,0.5583680272102356,0.574072003364563,37266325,4365.98,0.07700567122293833,0.07418466391984736,0.0017529609897344312,0.0017514263468030517
2023-11-07,0.5740739703178406,0.5896000266075134,0.5422760248184204,0.5594189763069153,66639710,4378.38,-0.025524719846584,-0.02585612705362851,0.0028401412741241305,0.002836115693239983
2023-11-08,0.5593299865722656,0.577892005443573,0.5526469945907593,0.5712779760360718,85300198,4382.78,0.02119877986164398,0.020977211576060358,0.0010049378994057,0.0010044332873557552
2023-11-09,0.5712299942970276,0.5904510021209717,0.5170570015907288,0.5513589978218079,133144988,4347.35,-0.034867400897328094,-0.03548977868626893,-0.008083910212239531,-0.008116762182437998
2023-11-10,0.5513619780540466,0.6094909906387329,0.5490180253982544,0.6040300130844116,125937735,4415.24,0.09552943811688075,0.09123775154709428,0.01561640999689451,0.015495728650985885
2023-11-13,0.6313850283622742,0.6484289765357971,0.5776699781417847,0.5777310132980347,94216108,4411.55,-0.04353922688722711,-0.04451550180241839,-0.0008357416584374722,-0.0008360910851978613
2023-11-14,0.5777149796485901,0.5890399813652039,0.5435510277748108,0.5717610120773315,82007912,4495.7,-0.010333530801164392,-0.010387292416144158,0.01907492831317792,0.018895282757298078
2023-11-15,0.571861982345581,0.6206420063972473,0.5691019892692566,0.6126660108566284,94909302,4502.88,0.07154212671948401,0.06909885080912977,0.001597081655804411,0.0015958076771483444
2023-11-16,0.6126120090484619,0.6215109825134277,0.5666580200195312,0.5721870064735413,102664133,4508.24,-0.06607026286065631,-0.0683540714852566,0.0011903492875668942,0.0011896413835666805
2023-11-17,0.5721949934959412,0.5939220190048218,0.544700026512146,0.5685589909553528,96819104,4514.02,-0.006340611508374505,-0.006360798562946213,0.0012820967827800178,0.001281275598516672
2023-11-20,0.5755019783973694,0.5874760150909424,0.5647929906845093,0.5678229928016663,53326890,4547.38,-0.0012944974319196723,-0.0012953360174963351,0.007390308416887814,0.0073631338909269815
2023-11-21,0.5678210258483887,0.5822589993476868,0.5194770097732544,0.5235980153083801,80717225,4538.19,-0.07788514740320385,-0.08108549420661164,-0.002020943928152108,-0.0020229887908321687
2023-11-22,0.523464024066925,0.5842270255088806,0.5215309858322144,0.5841799974441528,68756278,4556.62,0.11570323103706204,0.10948490658579108,0.004061090434732906,0.004052866464977724
2023-11-24,0.5778579711914062,0.6015290021896362,0.5763199925422668,0.5889610052108765,52377585,4559.34,0.008184134663358877,0.008150826243587154,0.0005969336920788049,0.0005967555980324687
2023-11-27,0.5815579891204834,0.5859090089797974,0.5483260154724121,0.559270977973938,61641851,4550.43,-0.050410853985669246,-0.051725865812732454,-0.001954230217531494,-0.0019561422168003027
2023-11-28,0.5592659711837769,0.5706729888916016,0.5503209829330444,0.5621399879455566,61286403,4554.89,0.005129910337940524,0.005116797175017082,0.0009801271528184774,0.0009796471418229004
2023-11-29,0.5621200203895569,0.5718380212783813,0.5474510192871094,0.5495460033416748,55122676,4550.58,-0.022403644775225606,-0.02265841886065316,-0.0009462358037187757,-0.000946683767425388
2023-11-30,0.5495619773864746,0.5591740012168884,0.5450419783592224,0.5577099919319153,46685399,4567.8,0.014855878380694243,0.014746610668810346,0.0037841330116161753,0.0037769911916856066
2023-12-01,0.5577719807624817,0.5726019740104675,0.5548959970474243,0.5719879865646362,49069649,4594.63,0.025601109607632733,0.02527888909440162,0.005873724769035471,0.005856541700615295
2023-12-04,0.6020500063896179,0.6166560053825378,0.5824019908905029,0.6057959794998169,104931683,4569.78,0.05910612413073868,0.05742527324217508,-0.005408487734594569,-0.005423166555119596
2023-12-05,0.6057119965553284,0.6331220269203186,0.5836759805679321,0.632656991481781,89452165,4567.18,0.04434003012720922,0.043385135787490176,-0.0005689551794614278,-0.0005691170958779145
2023-12-06,0.6323350071907043,0.6392689943313599,0.6021130084991455,0.6033939719200134,87553066,4549.34,-0.04625416292836504,-0.0473580611933788,-0.0039061302598102365,-0.003913779111384419
2023-12-07,0.6035839915275574,0.6596260070800781,0.6035839915275574,0.6476759910583496,88320356,4585.59,0.0733882358775142,0.07082022101869484,0.007968188792220499,0.007936610413312938
2023-12-08,0.6475790143013,0.6973209977149963,0.6469560265541077,0.6891869902610779,98929628,4604.37,0.06409223095470362,0.06212207039078363,0.004095438100658821,0.004087074621006593
2023-12-11,0.7180969715118408,0.7204959988594055,0.6449459791183472,0.6550940275192261,132260779,4622.44,-0.049468378282847,-0.05073384909872318,0.003924532563629679,0.003916851675081129
2023-12-12,0.6550830006599426,0.6719369888305664,0.6243240237236023,0.6452710032463074,87441778,4643.7,-0.014994831062828506,-0.015108390171866293,0.004599302532861449,0.004588758060085738
2023-12-13,0.6452770233154297,0.6461520195007324,0.6146759986877441,0.6411200165748596,76718988,4707.09,-0.00643293538771228,-0.006453715884230856,0.013650752632599072,0.013558420429298217
2023-12-14,0.6411160230636597,0.6486889719963074,0.6176620125770569,0.6481800079345703,70543981,4719.55,0.011011965275126157,0.010951775057445804,0.002647070695482867,0.0026435733742609306
2023-12-15,0.6481239795684814,0.6567959785461426,0.6282699704170227,0.6334810256958008,73104338,4719.19,-0.02267731503414916,-0.022938400031315455,-7.627845875146644e-05,-7.628136810104926e-05
2023-12-18,0.6582040190696716,0.6582040190696716,0.5787789821624756,0.6178039908409119,84257801,4740.56,-0.02474744186326594,-0.02505880754140654,0.00452831947855481,0.004518097487249544
2023-12-19,0.6179050207138062,0.6281329989433289,0.5682590007781982,0.5780619978904724,84117278,4768.37,-0.06432783462007974,-0.0664901145191128,0.005866395531329616,0.005849255234901429
2023-12-20,0.5780680179595947,0.5972200036048889,0.5740150213241577,0.5807380080223083,75416402,4698.35,0.004629278765256206,0.004618596608746652,-0.014684263175886003,-0.014793144174519959
2023-12-21,0.5807330012321472,0.6009640097618103,0.5762249827384949,0.5963199734687805,69170665,4746.75,0.026831316757682577,0.026477668924199216,0.01030148882054327,0.01024879009249407
2023-12-22,0.5965330004692078,0.6184340119361877,0.5965330004692078,0.616694986820221,77088312,4754.63,0.03416792034135541,0.03359716168372474,0.0016600832148312428,0.0016587067997896167
2023-12-26,0.6449429988861084,0.6787300109863281,0.6142309904098511,0.6347900032997131,112381046,4774.75,0.029341922451474822,0.028919687810132204,0.0042316647141837915,0.004222736399949838
2023-12-27,0.6347259879112244,0.6808969974517822,0.6088389754295349,0.6728839874267578,92233901,4781.58,0.06001037182222091,0.05827869281404979,0.001430441384365766,0.001429419277681746
2023-12-28,0.6729469895362854,0.7064589858055115,0.6459940075874329,0.701183021068573,107360771,4783.35,0.04205633388607799,0.04119600510021255,0.0003701705294067992,0.00037010203319937546
2023-12-29,0.7009099721908569,0.7058159708976746,0.6199569702148438,0.6279159784317017,91308506,4769.83,-0.10449061148858896,-0.11036257343648355,-0.0028264709879060046,-0.0028304729998547477
2024-01-02,0.6290310025215149,0.6458600163459778,0.6200399994850159,0.6286979913711548,89039541,4742.83,0.0012454101604586487,0.0012446352805202676,-0.0056605790982068305,-0.005676660892965471
2024-01-03,0.6286649703979492,0.6377660036087036,0.512024998664856,0.5754879713058472,131906691,4704.81,-0.08463526334680915,-0.08843267384107453,-0.008016310936719062,-0.00804861430897457
2024-01-04,0.5760509967803955,0.5943089723587036,0.5700209736824036,0.5830450057983398,81288065,4688.68,0.013131524670003003,0.013046053630190358,-0.003428406248073834,-0.003434296699869414
2024-01-05,0.5830559730529785,0.5909749865531921,0.5542050004005432,0.574679970741272,51862277,4697.24,-0.014347151547270287,-0.014451067051199726,0.001825673750394552,0.0018240092336748459
2024-01-08,0.5166410207748413,0.5511299967765808,0.4917339980602264,0.5492960214614868,59760849,4763.54,-0.04417058288466669,-0.04517581583174916,0.014114671594383177,0.014015987132365047
2024-01-09,0.5493299961090088,0.5502820014953613,0.4962790012359619,0.520317018032074,57855848,4756.5,-0.05275662356393873,-0.05419922152163874,-0.001477892491718369,-0.0014789856520085827
2024-01-10,0.5203539729118347,0.576216995716095,0.5132579803466797,0.5645679831504822,70401695,4783.45,0.0850461614455218,0.0816225311984853,0.005665930831493693,0.005649939819610993
2024-01-11,0.5646970272064209,0.5919770002365112,0.5604789853096008,0.585282027721405,72797918,4780.24,0.03669008018366782,0.03603302265416183,-0.000671063771963798,-0.000671289036040164
2024-01-12,0.5850459933280945,0.6028739809989929,0.5357760190963745,0.5510749816894531,72895597,4783.83,-0.05844540650791097,-0.06022294691325648,0.0007510083175741311,0.0007507264519410598
2024-01-16,0.5400270223617554,0.5553929805755615,0.5376870036125183,0.5505509972572327,36652374,4765.98,-0.0009508405382767648,-0.0009512928738968076,-0.0037313198838587747,-0.0037382986232446964
2024-01-17,0.5505689978599548,0.55206298828125,0.535851001739502,0.5405049920082092,39195019,4739.21,-0.01824718381961199,-0.018415716997052054,-0.0056168930629166836,-0.005632727126755614
2024-01-18,0.5405420064926147,0.550117015838623,0.5040670037269592,0.5095440149307251,46299565,4780.94,-0.057281574703779814,-0.05898763553265876,0.00880526501252299,0.008766724739532073
2024-01-19,0.509535014629364,0.5296499729156494,0.4964889883995056,0.5296499729156494,46320783,4839.81,0.039458726617871864,0.03870012249435256,0.012313478102632613,0.012238283870230153
2024-01-22,0.5343679785728455,0.5360829830169678,0.4936630129814148,0.4991639852523803,44373109,4850.43,-0.05755874487342649,-0.05928169038066158,0.002194301015948863,0.0021918970535104105
2024-01-23,0.4992049932479858,0.5081980228424072,0.4583419859409332,0.468434989452362,51619446,4864.6,-0.061560923279514124,-0.06353734065086919,0.0029213904746590025,0.002917131506229948
2024-01-24,0.4684619903564453,0.4716759920120239,0.4363900125026703,0.4477429986000061,67418036,4868.55,-0.044172598798707385,-0.045177924906998845,0.0008119886527155895,0.0008116591682758741
2024-01-25,0.4477480053901672,0.4539830088615417,0.4327690005302429,0.4520829916000366,48679100,4894.16,0.00969304492443368,0.009646368744964478,0.005260293105750158,0.005246506091991603
2024-01-26,0.4521239995956421,0.4665600061416626,0.4467209875583648,0.4624829888343811,49534769,4890.97,0.023004619566722173,0.02274400266478943,-0.0006517972440622799,-0.000652009756234213
2024-01-29,0.4683380126953125,0.4819790124893188,0.4584130048751831,0.4804910123348236,39251371,4927.93,0.03893769919155088,0.03819874803973419,0.007556783214781593,0.007528373761456543
2024-01-30,0.4804910123348236,0.4887430071830749,0.4723249971866607,0.4776049852371216,49067404,4924.97,-0.006006412240008641,-0.006024523292053193,-0.000600657882721567,-0.0006008383499372603
2024-01-31,0.4776149988174438,0.4830360114574432,0.4515889883041382,0.4544030129909515,43294918,4845.65,-0.048579836817764344,-0.04979950203821515,-0.01610568186202166,-0.016236787963987382
2024-02-01,0.4543850123882293,0.4661499857902527,0.4371300041675567,0.4459640085697174,49852296,4906.19,-0.018571629544635315,-0.018746247597269488,0.012493679898465615,0.012416277903485802
2024-02-02,0.4459379911422729,0.4631479978561401,0.4425599873065948,0.4616859853267669,34591702,4958.61,0.035253913892003386,0.034646724061366124,0.01068446187367389,0.010627786351803241
2024-02-05,0.452468991279602,0.4747309982776642,0.4479269981384277,0.4680199921131134,35285788,4942.81,0.013719296204894427,0.013626038644690886,-0.00318637682737688,-0.003191464135615035
2024-02-06,0.4681040048599243,0.4782370030879974,0.4663310050964355,0.4663310050964355,30908405,4954.23,-0.003608792455749854,-0.003615319855997864,0.002310426660138587,0.0023077617284261594
2024-02-07,0.4663119912147522,0.490119993686676,0.4663119912147522,0.4854840040206909,37810124,4995.06,0.041071682377830765,0.040250646414724395,0.008241442161546875,0.00820766692133105
2024-02-08,0.4854829907417297,0.4884200096130371,0.4785189926624298,0.4798850119113922,31673980,4997.91,-0.011532804506284133,-0.011599823069112147,0.0005705637169521882,0.0005704010073624875
2024-02-09,0.4798760116100311,0.5042080283164978,0.4798760116100311,0.5022850036621094,43056639,5026.61,0.0466778315528078,0.045621178283829195,0.005742400323335062,0.005725975590860193
2024-02-12,0.4901930093765259,0.5343760251998901,0.4883280098438263,0.5203539729118347,49063874,5021.84,0.03597353916200219,0.03534160216168676,-0.0009489496897510108,-0.0009494002275555409
2024-02-13,0.5203800201416016,0.5212249755859375,0.5020859837532043,0.511355996131897,39948041,4953.17,-0.017292030518353152,-0.01744328386578432,-0.013674270785210219,-0.013768624761212093
2024-02-14,0.5113630294799805,0.5282729864120483,0.5075889825820923,0.5239199995994568,34475053,5000.62,0.024569973878470153,0.024272986880275627,0.00957972369210025,0.0095341290968955
2024-02-15,0.5239089727401733,0.5417690277099609,0.5237450003623962,0.5417690277099609,46138409,5029.73,0.03406823202807674,0.033500762330834925,0.0058212781615079034,0.005804399991794575
2024-02-16,0.5417360067367554,0.553583025932312,0.5266389846801758,0.5421010255813599,42957561,5005.57,0.0006128033431558322,0.0006126156558601612,-0.004803438753173572,-0.004815012341991563
2024-02-20,0.5624290108680725,0.5763180255889893,0.5352230072021484,0.5584099888801575,64754541,4975.51,0.030084730574541085,0.02964106155188377,-0.006005310084565729,-0.006023414477222352
2024-02-21,0.5584120154380798,0.5600029826164246,0.5139870047569275,0.5479090213775635,54223717,4981.8,-0.018805121168503414,-0.018984185902600915,0.0012641920124771833,0.0012633935945864823
2024-02-22,0.5480080246925354,0.5616919994354248,0.5353450179100037,0.5498470067977905,50517300,5087.03,0.0035370569649584294,0.0035308162903900085,0.021122887309807714,0.02090289169482803
2024-02-23,0.5497909784317017,0.608361005783081,0.5439170002937317,0.592976987361908,120914980,5088.8,0.07843996608310855,0.07551552102618798,0.00034794369209545373,0.00034788317372660206
2024-02-26,0.598816990852356,0.6035730242729187,0.5721979737281799,0.5981919765472412,60549640,5069.53,0.008794589497535421,0.008756142348812918,-0.0037867473667663187,-0.0037939352461026604
2024-02-27,0.5982159972190857,0.6085439920425415,0.5757989883422852,0.5940660238265991,67027285,5078.18,-0.006897372218960585,-0.0069212690376184455,0.0017062725735916828,0.001704818544289236
2024-02-28,0.5940880179405212,0.6303290128707886,0.5622979998588562,0.5991910099983215,106331897,5069.76,0.008626963950421729,0.008589964340837386,-0.0016580743494716277,-0.001659450476103029
2024-02-29,0.5991020202636719,0.6509280204772949,0.5829700231552124,0.5982609987258911,123856875,5096.27,-0.001552111525226385,-0.0015533172981439598,0.005229044372909275,0.005215420393340162
2024-03-01,0.5981979966163635,0.6579440236091614,0.5981979966163635,0.6530399918556213,92309652,5137.08,0.09156370421336568,0.08761125921988569,0.008007817482197588,0.007975925057791697
2024-03-04,0.6676660180091858,0.7702710032463074,0.6638000011444092,0.769195020198822,189054723,5130.95,0.17786817008426192,0.16370616902156152,-0.0011932849011501157,-0.0011939974324694175
2024-03-05,0.7696430087089539,0.8008890151977539,0.6041920185089111,0.6730819940567017,256777134,5078.65,-0.12495274100614562,-0.1334773838043345,-0.010193044173106403,-0.01024534898157439
2024-03-06,0.6730949878692627,0.8380110263824463,0.6458719968795776,0.8019059896469116,228268351,5104.76,0.19139420862201462,0.1751242252152523,0.005141130024711504,0.005127959537251652
2024-03-07,0.8019059896469116,0.8116649985313416,0.767769992351532,0.7934920191764832,120692555,5157.36,-0.01049246492613587,-0.010547898936813892,0.010304108322428451,0.010251382881397443
2024-03-08,0.7934849858283997,0.8150169849395752,0.7460839748382568,0.7648220062255859,124743361,5123.69,-0.03613144462454965,-0.036800347013522416,-0.00652853397862474,-0.0065499380656454595
2024-03-11,0.817022979259491,0.857574999332428,0.7809929847717285,0.8550469875335693,145960921,5117.94,0.11796859997955056,0.1115132884525797,-0.001122238074512727,-0.0011228682551799477
2024-03-12,0.8550469875335693,0.8555949926376343,0.7735720276832581,0.8296769857406616,119389300,5175.27,-0.029670886118304374,-0.030119972369905327,0.011201772588189884,0.011139497364012345
2024-03-13,0.8296769857406616,0.8764079809188843,0.8236070275306702,0.863660991191864,131822797,5165.31,0.04096052564464525,0.04014386926414736,-0.001924537270519222,-0.001926391571868686
2024-03-14,0.863660991191864,0.8780459761619568,0.7919620275497437,0.8311640024185181,134013544,5150.48,-0.03762701928739387,-0.03835318961955126,-0.002871076469757039,-0.0028752059156686048
2024-03-15,0.8311640024185181,0.8427829742431641,0.7220289707183838,0.7698820233345032,138018643,5117.09,-0.07373030942834002,-0.07658984422083566,-0.006482890915021411,-0.00650399611692649
2024-03-18,0.6898339986801147,0.6990330219268799,0.6415159702301025,0.6564919948577881,101806538,5149.42,-0.14728234332008638,-0.15932678665842123,0.006318044044564486,0.006298168875158858
2024-03-19,0.6564919948577881,0.659695029258728,0.5809879899024963,0.6031699776649475,125110628,5178.51,-0.08122264644581301,-0.08471145632229912,0.005649179907640134,0.0056332831318901015
2024-03-20,0.6031699776649475,0.6743900179862976,0.5915290117263794,0.6715030074119568,105997328,5224.62,0.11328983914542134,0.10731945092152938,0.008904105621114988,0.008864697827341068
2024-03-21,0.6714940071105957,0.6827880144119263,0.6530150175094604,0.6740049719810486,85923909,5241.53,0.0037259171462755702,0.0037189931105777734,0.0032365990253835353,0.003231372513137806
2024-03-22,0.6740139722824097,0.6866469979286194,0.6390020251274109,0.666575014591217,83405256,5234.18,-0.011023594333426479,-0.011084804401763768,-0.0014022623165372838,-0.0014032464064151588
2024-03-25,0.6806280016899109,0.717490017414093,0.6787179708480835,0.7073479890823364,68645376,5218.19,0.061167870980168404,0.05937006670190319,-0.0030549197773100945,-0.0030595955699421543
2024-03-26,0.7073389887809753,0.7249959707260132,0.6934270262718201,0.7130669951438904,65076947,5203.58,0.008085137937514197,0.008052628322040168,-0.0027998213940082506,-0.0028037482252575453
2024-03-27,0.7130669951438904,0.721464991569519,0.6797839999198914,0.6937209963798523,65168865,5248.49,-0.027130688835393713,-0.02750552116708576,0.008630596627706266,0.008593565940707955
2024-03-28,0.6937209963798523,0.7063350081443787,0.6791989803314209,0.7010959982872009,55784650,5254.35,0.01063107783364603,0.010574965266731089,0.001116511606195525,0.0011158887706710923
2024-04-01,0.6930549740791321,0.6949080228805542,0.6360359787940979,0.6552789807319641,65905731,5243.77,-0.06535056207305301,-0.06758375269674026,-0.0020135697089078697,-0.0020155996658250933
2024-04-02,0.6552789807319641,0.6552979946136475,0.5974770188331604,0.6074349880218506,73687384,5205.81,-0.07301316556296455,-0.07581591585043108,-0.00723906654944817,-0.0072653957344673645
2024-04-03,0.6074349880218506,0.6205220222473145,0.5867980122566223,0.6035950183868408,58996365,5211.49,-0.006321614182144608,-0.006341680196178313,0.0010910886106099138,0.0010904938060488179
2024-04-04,0.6035950183868408,0.6379740238189697,0.5941190123558044,0.6269500255584717,66603754,5147.21,0.03869317416510354,0.03796335971285462,-0.012334284436888443,-0.012410983057457463
2024-04-05,0.6269500255584717,0.6292269825935364,0.5980439782142639,0.615913987159729,53603837,5204.34,-0.017602740168822906,-0.017759510852944332,0.011099216857287653,0.011038072569656417
2024-04-08,0.6359000205993652,0.6587989926338196,0.6249949932098389,0.6554279923439026,46757614,5202.39,0.06415507036362555,0.06218112312295556,-0.00037468728023148934,-0.0003747574930495873
2024-04-09,0.6554279923439026,0.6560080051422119,0.6194199919700623,0.6212239861488342,50991192,5209.91,-0.05218575738999187,-0.05359674254107664,0.0014454894769517779,0.0014444457627020377
2024-04-10,0.6212239861488342,0.6223599910736084,0.5952749848365784,0.6175680160522461,51022292,5160.64,-0.005885107751960272,-0.005902493242467156,-0.009456977183866844,-0.009501978333887355
2024-04-11,0.6175680160522461,0.6222670078277588,0.5971869826316833,0.6039159893989563,37882326,5199.06,-0.022106110255772804,-0.022354112027607762,0.007444813046443954,0.007417237205872028
2024-04-12,0.6039159893989563,0.6098880171775818,0.440416008234024,0.4812340140342712,135214411,5123.41,-0.2031441086479323,-0.2270814304026166,-0.014550707243232486,-0.01465760702944856
2024-04-15,0.4522309899330139,0.4629319906234741,0.4100399911403656,0.4276629984378814,79464646,5061.82,-0.11132009382980712,-0.11801816885656084,-0.012021290507689297,-0.012094130563305876
2024-04-16,0.4276629984378814,0.437855988740921,0.4128380119800567,0.4324559867382049,62967332,5051.41,0.011207395350616656,0.011145057823800526,-0.002056572537150636,-0.002058690186348507
2024-04-17,0.4324550032615661,0.4354250133037567,0.4079689979553222,0.4250899851322174,53270147,5022.21,-0.017032950940384706,-0.017179680190685543,-0.005780564238499708,-0.005797336366096615
2024-04-18,0.4250899851322174,0.4374890029430389,0.4155470132827759,0.4326040148735046,53812417,5011.12,0.017676327375602652,0.01752191803885487,-0.0022081912146246774,-0.002210632863926085
2024-04-19,0.4326040148735046,0.4429120123386383,0.3995270133018493,0.4332379996776581,61609677,4967.23,0.0014655083687535875,0.0014644355593769855,-0.00875852104918673,-0.008797102336546191
2024-04-22,0.4531649947166443,0.4738759994506836,0.4530459940433502,0.4672380089759826,45753512,5010.6,0.0784788253191584,0.07555155319968376,0.008731224445012842,0.008693327734887766
2024-04-23,0.4672380089759826,0.4707190096378326,0.4571500122547149,0.4625889956951141,41637396,5070.55,-0.00994998949477055,-0.009999821467526591,0.01196463497385536,0.011893624576650831
2024-04-24,0.4625889956951141,0.4776119887828827,0.4318940043449402,0.4370859861373901,52201068,5071.63,-0.055131033801186,-0.05670902120967083,0.0002129946455513565,0.00021297196541228134
2024-04-25,0.4370909929275512,0.4475519955158233,0.4252870082855224,0.4419600069522857,44664815,5048.42,0.011151171553149597,0.011089455619125593,-0.004576437949929346,-0.004586941901457446
2024-04-26,0.4419600069522857,0.4470210075378418,0.4295330047607422,0.4392229914665222,44322564,5099.96,-0.006192903074279665,-0.006212158638247532,0.010209134739185721,0.010157373516560254
2024-04-29,0.4400149881839752,0.4460430145263672,0.4226559996604919,0.4347189962863922,39440718,5116.17,-0.010254461327471986,-0.010307400535706904,0.003178456301617949,0.003173415687477538
2024-04-30,0.4347200095653534,0.4374620020389557,0.3957099914550781,0.4089570045471191,45235991,5035.69,-0.0592612514275801,-0.061089809641319104,-0.015730517164206925,-0.01585555475344571
2024-05-01,0.4089559912681579,0.4240230023860931,0.3884100019931793,0.4188509881496429,50413591,5018.39,0.024193212226504057,0.02390519263370923,-0.003435477561168243,-0.0034413923648739225
2024-05-02,0.4188509881496429,0.4282239973545074,0.4081999957561493,0.4242050051689148,28392673,5064.2,0.012782629552634761,0.01270162134505107,0.009128425650457572,0.009087013401337432
2024-05-03,0.4242050051689148,0.4422799944877624,0.4199439883232116,0.440064013004303,31504266,5127.79,0.03738524449770053,0.03670335929217239,0.012556771059594851,0.01247858860899914
2024-05-06,0.4474360048770904,0.4591319859027862,0.433322012424469,0.4335010051727295,91568730,5180.74,-0.01491375717538923,-0.015026085475748116,0.010326085896653403,0.010273136069376812
2024-05-07,0.4335010051727295,0.4411270022392273,0.4217950105667114,0.4236289858818054,44622113,5187.7,-0.02277277139643663,-0.023036076086248265,0.0013434374239973401,0.0013425358193505205
2024-05-08,0.4236299991607666,0.4469519853591919,0.4179539978504181,0.4406619966030121,51021929,5187.67,0.040207377891650964,0.03942009509427618,-5.782909574536532e-06,-5.78292629562257e-06
2024-05-09,0.4406619966030121,0.4508709907531738,0.4324040114879608,0.4464159905910492,36141752,5214.08,0.013057613391655343,0.012973097678554816,0.005090917502462489,0.005078002595891348
2024-05-10,0.4464179873466491,0.4517840147018432,0.4159300029277801,0.4216510057449341,38588057,5222.68,-0.05547512940413846,-0.05707326036410829,0.0016493801399288799,0.0016480214063461682
2024-05-13,0.4188460111618042,0.426486998796463,0.4044269919395447,0.4148550033569336,42914176,5221.42,-0.016117600326824633,-0.01624890159933558,-0.00024125544739483917,-0.00024128455417182781
2024-05-14,0.4148550033569336,0.4174459874629974,0.3999449908733368,0.4002749919891357,104981252,5246.68,-0.03514483674975355,-0.035777278803884406,0.004837764439558523,0.004826100061719822
2024-05-15,0.4002749919891357,0.4257709980010986,0.3956049978733063,0.4232749938964844,75526832,5308.15,0.05746050182413831,0.05587028071983851,0.011715980391409309,0.011647879688045933
2024-05-16,0.4232819974422455,0.4248020052909851,0.4073649942874908,0.420401006937027,58624444,5297.1,-0.006789881284979149,-0.006813037406646954,-0.0020817045486656305,-0.00208387430730016
2024-05-17,0.420401006937027,0.4375990033149719,0.415244996547699,0.4309479892253876,54782838,5303.27,0.025087909196993108,0.024778373982995316,0.0011647882803798026,0.0011641104408194052
2024-05-20,0.4189029932022095,0.4631960093975067,0.414896011352539,0.4625250101089477,80178545,5308.13,0.07327339185482362,0.07071322323076544,0.0009164157208665369,0.0009159960683443537
2024-05-21,0.4625200033187866,0.4934009909629822,0.4621599912643432,0.4826430082321167,132076065,5321.41,0.043496022233327825,0.042576635580874295,0.0025018226757822504,0.002498698327390512
2024-05-22,0.4826529920101166,0.4826560020446777,0.4645360112190246,0.46731698513031,87399309,5307.01,-0.03175436676881471,-0.03226947055749156,-0.002706049712388192,-0.0027097176835470336
2024-05-23,0.46731698513031,0.4727970063686371,0.4346520006656647,0.4618250131607055,81529127,5267.84,-0.011752134299319539,-0.011821736483181007,-0.0073808038801509435,-0.00740817678564494
2024-05-24,0.4618250131607055,0.4925589859485626,0.4513770043849945,0.4918729960918426,66411464,5304.72,0.06506356753067633,0.06303448520237255,0.007000971935366307,0.006976578915071976
2024-05-28,0.4956789910793304,0.5052059888839722,0.4729039967060089,0.4905830025672912,66168098,5306.04,-0.002622615054701072,-0.002626060134293649,0.00024883499977379486,0.00024880404548013993
2024-05-29,0.4905830025672912,0.5041419863700867,0.4809379875659942,0.4810869991779327,55247402,5266.95,-0.019356568286435838,-0.019546359787667385,-0.007367076011488782,-0.007394346936505546
2024-05-30,0.4810869991779327,0.4865489900112152,0.4638000130653381,0.4685719907283783,44629539,5235.48,-0.026014023390654173,-0.02635837317492808,-0.005974995016091,-0.005992916722542298
2024-05-31,0.4685719907283783,0.4747799932956695,0.4550719857215881,0.4626699984073639,43664686,5277.51,-0.012595700207859162,-0.012675698505988275,0.008027917211029578,0.007995864911522231
2024-06-03,0.453694999217987,0.4773350059986114,0.4483039975166321,0.4557870030403137,41079246,5283.4,-0.014876684009646812,-0.014988451747314585,0.001116056625188655,0.0011154342969859781
2024-06-04,0.4557870030403137,0.4758409857749939,0.4543919861316681,0.4647879898548126,49199978,5291.34,0.019748230542902867,0.01955576402687444,0.0015028201536890773,0.0015016920495655548
2024-06-05,0.4647879898548126,0.4726560115814209,0.4590800106525421,0.4722329974174499,38752629,5354.03,0.016018072164392327,0.015891136561471595,0.011847660516995706,0.011778026448059028
2024-06-06,0.4722329974174499,0.4730859994888305,0.4562270045280456,0.4605120122432709,43041546,5352.96,-0.02482034342851691,-0.025133561808419944,-0.0001998494591923805,-0.0001998694317565987
2024-06-07,0.4605120122432709,0.4640350043773651,0.387048989534378,0.4199840128421783,84165915,5346.99,-0.08800638924415982,-0.09212229468252128,-0.0011152708034434244,-0.0011158931807150971
2024-06-10,0.4172120094299316,0.4220510125160217,0.3763040006160736,0.3827930092811584,98517441,5360.79,-0.0885533792330222,-0.09272224854534984,0.0025808913052016713,0.0025775665246065955
2024-06-11,0.3828040063381195,0.3837510049343109,0.3501409888267517,0.350951999425888,72744029,5375.32,-0.08318075064919328,-0.08684493700428893,0.0027104214117694703,0.0027067548434573357
2024-06-12,0.3509919941425323,0.3741759955883026,0.3471139967441559,0.3603140115737915,72468943,5421.03,0.02667604733188167,0.026326445287204226,0.008503679780924589,0.008467727171882782
2024-06-13,0.3603290021419525,0.3603290021419525,0.2238540053367614,0.2872799932956695,781283320,5433.74,-0.20269547098410523,-0.2265185790484629,0.0023445728948188194,0.002341828672305396
2024-06-14,0.2870869934558868,0.2969349920749664,0.2675609886646271,0.283156007528305,204499444,5431.6,-0.014355283568668442,-0.014459317476242666,-0.00039383555341243603,-0.0003939131270021622
2024-06-17,0.3292819857597351,0.3445760011672973,0.3080520033836365,0.3155030012130737,260627341,5473.23,0.11423735617382302,0.1081701853929556,0.007664408277487045,0.007635185920104081
2024-06-18,0.3154979944229126,0.335000991821289,0.2788920104503631,0.3343220055103302,233322613,5487.03,0.05964762371482868,0.05793642239901369,0.002521363070800975,0.0025181897678469146
2024-06-20,0.3249419927597046,0.3489370048046112,0.3236309885978699,0.3429909944534302,132582914,5473.17,0.025930057849069987,0.025599574687167066,-0.0025259566650810417,-0.002529152276068834
2024-06-21,0.3433339893817901,0.3656190037727356,0.3275609910488128,0.3280439972877502,143380576,5464.62,-0.04357839537302899,-0.04455645412260614,-0.001562165984246855,-0.0015633874377691908
2024-06-24,0.3331469893455505,0.345441997051239,0.3137019872665405,0.326568990945816,150719993,5447.87,-0.004496367420618763,-0.004506506484662954,-0.0030651719607218686,-0.003069879221800406
2024-06-25,0.3265630006790161,0.3324609994888305,0.3152779936790466,0.3244529962539673,109800080,5469.3,-0.006479472180504042,-0.006500555080426852,0.003933647462219136,0.00392593090057643
2024-06-26,0.3244610130786896,0.3251209855079651,0.2957830131053924,0.2969549894332886,102035322,5477.9,-0.0847518966943196,-0.08856009930769683,0.0015724132887204867,0.0015711783413408377
2024-06-27,0.2969410121440887,0.2993839979171753,0.2844229936599731,0.2914929986000061,110454826,5482.87,-0.018393329048641993,-0.018564589610812077,0.0009072819876230209,0.0009068706560974762
2024-06-28,0.2914730012416839,0.2962230145931244,0.2750929892063141,0.2783589959144592,112311611,5460.48,-0.04505769520581082,-0.04610435415446978,-0.004083627735109618,-0.004091988512145809
2024-07-01,0.2853620052337646,0.2907350063323974,0.2713179886341095,0.2828600108623504,96821958,5475.09,0.016169820318199468,0.01604048117143658,0.0026755889592124937,0.002672015942936098
2024-07-02,0.2828609943389892,0.2895349860191345,0.2772690057754516,0.2848129868507385,76808147,5509.01,0.006904390558545526,0.0068806644012189295,0.006195331948881222,0.0061762197767835335
2024-07-03,0.2848089933395386,0.2848089933395386,0.2680650055408478,0.2717489898204803,93984349,5537.02,-0.04586868448209025,-0.046953969712963534,0.005084398104196586,0.005071516198197267
2024-07-05,0.2417249977588653,0.2422139942646026,0.2216079980134964,0.2361920028924942,172263958,5567.19,-0.130844964507413,-0.14023376284845954,0.0054487793072806046,0.005433988413197175
2024-07-08,0.2542330026626587,0.2960210144519806,0.248769998550415,0.2882620096206665,138116478,5572.85,0.22045626477824753,0.19922477635241642,0.0010166708878267539,0.0010161544279964853
2024-07-09,0.2882519960403442,0.2928619980812073,0.2791920006275177,0.284155011177063,76809408,5576.98,-0.014247449565095494,-0.014349918923761246,0.0007410929775606423,0.0007408185037586474
2024-07-10,0.2841610014438629,0.2946139872074127,0.2789309918880462,0.2927539944648742,64603928,5633.91,0.030261592967132378,0.029812743750167493,0.010208033738690059,0.010156283642139425
2024-07-11,0.2927649915218353,0.2954860031604767,0.2674579918384552,0.2682270109653473,89240417,5584.54,-0.08378018391981246,-0.08749896921046664,-0.008763008283767415,-0.00880162923017665
2024-07-12,0.268215000629425,0.2814419865608215,0.2677730023860931,0.2814249992370605,63026287,5615.35,0.04920454589645429,0.0480323017275147,0.005517016620885551,0.005501853628775982
2024-07-15,0.2860389947891235,0.3045580089092254,0.284056007862091,0.3043659925460815,75161068,5631.22,0.08151725458368553,0.0783649205913227,0.002826181805230199,0.002822195662042845
2024-07-16,0.3045910000801086,0.3046880066394806,0.2825720012187958,0.2881380021572113,106733442,5667.2,-0.053317357347053895,-0.054791360595549336,0.006389379210899104,0.006369053660041409
2024-07-17,0.2881479859352112,0.2976199984550476,0.2827970087528229,0.2835809886455536,74559057,5588.27,-0.01581538525824633,-0.01594178292020503,-0.013927512704686507,-0.014025410555021933
2024-07-18,0.2835899889469147,0.2908909916877746,0.2728100121021271,0.2777009904384613,65042213,5544.59,-0.02073481101528163,-0.020952795721953143,-0.007816372508844482,-0.00784708046968273
2024-07-19,0.2777140140533447,0.2990050017833709,0.2710179984569549,0.2987749874591827,79311596,5505.0,0.07588736715503863,0.0731457788953292,-0.007140293511332718,-0.007165907407029404
2024-07-22,0.2904829978942871,0.2909339964389801,0.2689130008220672,0.2711009979248047,212737872,5564.41,-0.0926248538062735,-0.09719930225993745,0.010792007266121617,0.010734189165974961
2024-07-23,0.2711009979248047,0.2854759991168976,0.2646619975566864,0.2728469967842102,76227908,5555.74,0.0064403999718576355,0.006419749214625437,-0.001558116673645582,-0.0015593317997995005
2024-07-24,0.2728370130062103,0.2736110091209411,0.2580099999904632,0.2598159909248352,57128762,5427.13,-0.04775938900907528,-0.04893753348728557,-0.023149031452155744,-0.02342117844388951
2024-07-25,0.2598240077495575,0.2615300118923187,0.2445569932460785,0.2526809871196747,75232920,5399.22,-0.02746175776080184,-0.027845880623411416,-0.005142681306694263,-0.0051559504042484414
2024-07-26,0.2526809871196747,0.2684659957885742,0.2524249851703644,0.2666890025138855,38839171,5459.1,0.055437552124079525,0.05395542229644714,0.011090490848678192,0.01102944231248889
2024-07-29,0.2635630071163177,0.2687210142612457,0.2561169862747192,0.2586419880390167,58713506,5463.54,-0.030173776942488684,-0.030638375021354844,0.000813320877067536,0.0008129903108684501
2024-07-30,0.2586419880390167,0.2779699862003326,0.2542150020599365,0.257077008485794,79378787,5436.44,-0.006050755970011479,-0.006069135973364823,-0.004960154039322595,-0.004972496433736025
2024-07-31,0.2570779919624328,0.2711760103702545,0.2509289979934692,0.2616260051727295,78205447,5522.3,0.017695073992534338,0.01754033887047274,0.01579342363752767,0.01567000529191805
2024-08-01,0.2616260051727295,0.2915619909763336,0.2545819878578186,0.2871789932250976,200324345,5446.68,0.09766990875198989,0.09318966833729454,-0.013693569708273734,-0.013788191433053192
2024-08-02,0.2871789932250976,0.2898330092430115,0.2623629868030548,0.2896710038185119,145341074,5346.56,0.008677551813342399,0.008640118259133772,-0.018381839946536194,-0.018552885294602865
2024-08-05,0.2455420047044754,0.2470149993896484,0.1810930073261261,0.2096199989318847,250415492,5186.33,-0.276351460213055,-0.32344944674489706,-0.029968802370122227,-0.030427045496882188
2024-08-06,0.2096190005540847,0.2386939972639084,0.2092619985342025,0.229432001709938,111214415,5240.03,0.09451389599754334,0.09031033410625418,0.01035414252467537,0.010300905557719547
2024-08-07,0.229432001709938,0.2435870021581649,0.2255550026893615,0.2325810045003891,107696189,5199.5,0.013725211683556893,0.013631874048460968,-0.007734688541859436,-0.007764756389251183
2024-08-08,0.2325800061225891,0.2567749917507171,0.2264699935913086,0.2558630108833313,104528041,5319.31,0.10010278540568973,0.09540361671686035,0.023042600250024137,0.022781128575607587
2024-08-09,0.2558630108833313,0.2558999955654144,0.241793006658554,0.2523150146007538,79425244,5344.16,-0.013866780783703514,-0.013963822739104282,0.004671658542179324,0.004660780212150723
2024-08-12,0.2459349930286407,0.3181900084018707,0.2457640022039413,0.3033829927444458,255097810,5344.39,0.20239769807000396,0.18431764500869063,4.303763360380408e-05,4.3036707511422095e-05
2024-08-13,0.3033829927444458,0.3243300020694732,0.2987099885940552,0.3063490092754364,198846254,5434.43,0.009776475945996843,0.00972899541572965,0.01684757287548244,0.016707226654933075
2024-08-14,0.3063600063323974,0.3267039954662323,0.2953400015830993,0.3249920010566711,151112411,5455.21,0.060855400921087766,0.059075564690095284,0.0038237680860733203,0.003816476067632372
2024-08-15,0.3249920010566711,0.3273560106754303,0.3052319884300232,0.3169179856777191,189986625,5543.22,-0.024843735700264324,-0.025157549749674785,0.01613320110499883,0.01600444401278594
2024-08-16,0.3169179856777191,0.3375790119171142,0.2974860072135925,0.3295370042324066,197588301,5554.25,0.039817931215554436,0.03904563168852612,0.001989818192314141,0.0019878411263283945
2024-08-19,0.3084979951381683,0.3089450001716614,0.2928139865398407,0.3035059869289398,82916687,5608.25,-0.07899269875351655,-0.08228731523764106,0.009722284736913167,0.009675327436177775
2024-08-20,0.3035059869289398,0.3325180113315582,0.2947230041027069,0.3297489881515503,129794671,5597.12,0.08646617316565419,0.08293038646590266,-0.0019845762938528466,-0.001986548174716506
2024-08-21,0.3307450115680694,0.3452680110931396,0.3243640065193176,0.3363929986953735,194977000,5620.85,0.020148691224397774,0.01994839238212726,0.004239680407066571,0.004230718284184624
2024-08-22,0.3363929986953735,0.3366369903087616,0.3258390128612518,0.3270100057125091,105645384,5570.64,-0.027892949672716938,-0.028289346504443747,-0.008932812652890587,-0.008972949425464468
2024-08-23,0.3270100057125091,0.34477299451828,0.3192969858646393,0.3406319916248321,128970613,5634.61,0.04165617465631555,0.0408119221395918,0.011483420217425433,0.011417986208502448
2024-08-26,0.3334679901599884,0.3361710011959076,0.3103899955749511,0.3149169981479645,108658239,5616.84,-0.07549200929192168,-0.07849358491694175,-0.0031537231503155905,-0.003158706615574787
2024-08-27,0.3149169981479645,0.3189600110054016,0.287427008152008,0.2947880029678345,115670505,5625.8,-0.06391841437111745,-0.06605264216969582,0.0015952029967027936,0.0015939320118754585
2024-08-28,0.2947880029678345,0.3072029948234558,0.2884739935398102,0.293410986661911,127602275,5592.18,-0.004671208773966651,-0.004682152964704902,-0.005976038963347419,-0.005993966945423385
2024-08-29,0.293410986661911,0.304284006357193,0.280703991651535,0.289124995470047,80904452,5591.96,-0.014607466614065978,-0.014715206142777987,-3.934065069444159e-05,-3.934142455813639e-05
2024-08-30,0.2891289889812469,0.2932040095329284,0.2736609876155853,0.2926769852638244,66166235,5648.4,0.012285308601571288,0.012210456627372817,0.010093062182132906,0.010042467382856683
2024-09-03,0.2803289890289306,0.2826890051364898,0.2616559863090515,0.2616690099239349,65760758,5528.93,-0.10594606648670502,-0.11198917731365486,-0.021151122441753323,-0.02137801245458143
2024-09-04,0.2616690099239349,0.296559989452362,0.2533130049705505,0.2910830080509186,123401321,5520.07,0.11240917728673372,0.10652809333171595,-0.0016024800458679378,-0.0016037653903594354
2024-09-05,0.2910830080509186,0.2953729927539825,0.2782129943370819,0.2793110013008117,89790542,5503.41,-0.04044209529416298,-0.04128261652170232,-0.0030180776693048417,-0.0030226412501879545
2024-09-06,0.2793110013008117,0.2835479974746704,0.2579100131988525,0.2614870071411133,99188650,5408.42,-0.06381415009322311,-0.06594126462178447,-0.01726020776209658,-0.017410901670867562
2024-09-09,0.2754150032997131,0.2878330051898956,0.272801011800766,0.2816649973392486,100134637,5471.05,0.07716632049425742,0.07433381567953472,0.01158009178281283,0.011513555690021488
2024-09-10,0.2816649973392486,0.2869659960269928,0.270922988653183,0.2797519862651825,71878137,5495.52,-0.006791795544840107,-0.00681496475481791,0.004472633223969957,0.004462660724490219
2024-09-11,0.2797470092773437,0.284637987613678,0.2677769958972931,0.2755500078201294,87090742,5554.13,-0.015020370368594826,-0.015134318601147887,0.010665050805019227,0.010608580303038784
2024-09-12,0.2755500078201294,0.2840079963207245,0.2713469862937927,0.2839170098304748,62223307,5595.76,0.03036473152926611,0.029912847840844938,0.007495323299958834,0.00746737294203047
2024-09-13,0.2839170098304748,0.2866930067539215,0.2748290002346039,0.2841410040855407,63465341,5626.02,0.0007889427097012014,0.0007886316579921734,0.0054076658041088965,0.005393096878371416
2024-09-16,0.2648679912090301,0.2676169872283935,0.2585600018501282,0.2631509900093078,66636051,5633.09,-0.07387182340607856,-0.07674263426720986,0.0012566610143582846,0.0012558720767880025
2024-09-17,0.2631509900093078,0.2763519883155823,0.2599729895591736,0.2698290050029754,59294011,5634.58,0.02537712281998794,0.02506046962510267,0.00026450846693371055,0.00026447349073670164
2024-09-18,0.2698290050029754,0.2839620113372803,0.2554700076580047,0.2827619910240173,93490442,5618.26,0.04793030319664582,0.04681707910396934,-0.0028964004415590328,-0.0029006031263851696
2024-09-19,0.2827619910240173,0.2885130047798157,0.2783620059490204,0.2788200080394745,84304775,5713.64,-0.013940993166256077,-0.014039081511152305,0.01697678640717948,0.01683429124758695
2024-09-20,0.2788200080394745,0.3068349957466125,0.2744050025939941,0.3066760003566742,110386847,5702.55,0.09990671943907237,0.09522537569862412,-0.0019409693295342478,-0.001942855451501775
2024-09-23,0.2966339886188507,0.3051329851150512,0.2872470021247864,0.2962650060653686,90543430,5718.57,-0.033947861192911266,-0.03453747230577697,0.002809269537312087,0.0028053309143568263
2024-09-24,0.2962650060653686,0.3108949959278106,0.2916229963302612,0.3063310086727142,84532897,5732.93,0.03397634685591111,0.033411900443461415,0.002511117289812015,0.0025079697029956895
2024-09-25,0.3063310086727142,0.3119969964027405,0.3006469905376434,0.3029789924621582,89531108,5722.26,-0.010942464574773991,-0.011002773697423881,-0.0018611774432969463,-0.0018629115860669923
2024-09-26,0.3029789924621582,0.3116689920425415,0.2904930114746094,0.3000319898128509,138354359,5745.37,-0.009726755724410063,-0.009774369616908649,0.004038614114003858,0.004030480802872329
2024-09-27,0.3000319898128509,0.319707989692688,0.29823899269104,0.3184329867362976,123276872,5738.17,0.061330116614980223,0.059522948481839914,-0.0012531829977877607,-0.0012539688882457197
2024-09-30,0.2997510135173797,0.3033289909362793,0.2748450040817261,0.2778559923171997,110051563,5762.48,-0.1274271074582507,-0.13630908393474125,0.0042365423122701085,0.004227593432856073
2024-10-01,0.2778559923171997,0.2868140041828155,0.2546089887619018,0.2591060101985931,126495304,5708.75,-0.06748093486211981,-0.06986568248509119,-0.009324110452443968,-0.009367852083837029
2024-10-02,0.2591060101985931,0.266418993473053,0.2467740029096603,0.2540279924869537,98135715,5709.54,-0.01959822432427305,-0.019792816155067627,0.00013838405955768351,0.0001383744853669804
2024-10-03,0.2540279924869537,0.2597160041332245,0.2473810017108917,0.2592799961566925,100007397,5699.94,0.02067490129068572,0.020464076422510885,-0.001681396399709989,-0.0016828115331257495
2024-10-04,0.2592799961566925,0.2643150091171264,0.2535789906978607,0.2587440013885498,83003129,5751.07,-0.0020672430426093014,-0.002069382738864601,0.008970269862489832,0.008930275984437889
2024-10-07,0.2599950134754181,0.2670310139656067,0.2549079954624176,0.2559449970722198,67929944,5695.94,-0.010817658772026228,-0.010876595063188183,-0.009586042249529192,-0.009632284107421169
2024-10-08,0.2559449970722198,0.2598310112953186,0.2492969930171966,0.2526429891586303,56765383,5751.13,-0.012901240310853823,-0.01298518407904551,0.00968935768284096,0.009642716894192714
2024-10-09,0.2526429891586303,0.2584060132503509,0.2447430044412613,0.2580029964447021,67786894,5792.04,0.02121573728969106,0.02099381685173292,0.0071133846739683815,0.007088203896394327
2024-10-10,0.2580029964447021,0.2656610012054443,0.2516449987888336,0.2582420110702514,80338953,5780.05,0.0009264025179667179,0.0009259736719896288,-0.0020700823889336917,-0.0020722279710146596
2024-10-11,0.2582420110702514,0.2649050056934356,0.2552309930324554,0.2586919963359833,50653839,5815.03,0.0017424944294188727,0.0017409780472700098,0.00605185076253667,0.0060336118627852325
2024-10-14,0.2569549977779388,0.2692059874534607,0.2550030052661896,0.2685509920120239,69208365,5859.85,0.03811094203021259,0.03740265960098145,0.007707612858403268,0.0076780609629941675
2024-10-15,0.2685509920120239,0.273063987493515,0.2584519982337951,0.2619360089302063,101453835,5815.26,-0.02463213050250601,-0.024940577096097295,-0.0076094097971791674,-0.007638509068754146
2024-10-16,0.2619549930095672,0.2647840082645416,0.2574479877948761,0.2579469978809356,56058625,5842.47,-0.015228952542884477,-0.015346103958041465,0.004679068519722218,0.0046681557065759915
2024-10-17,0.2579439878463745,0.2608070075511932,0.2506999969482422,0.2591730058193207,63177939,5841.47,0.0047529451726784355,0.00474168559212186,-0.00017116048520571248,-0.00017117513483320916
2024-10-18,0.2591730058193207,0.2665280103683471,0.2582300007343292,0.2654010057449341,74999227,5864.67,0.024030280105464374,0.023746096595612477,0.003971603038276372,0.003963737043124536
2024-10-21,0.2752160131931305,0.2763440012931824,0.263357013463974,0.263370007276535,72434643,5853.98,-0.007652565078638096,-0.00768199619997191,-0.0018227794573267841,-0.0018244427413090425
2024-10-22,0.263370007276535,0.2645759880542755,0.2559109926223755,0.2595570087432861,64330148,5851.2,-0.01447772497969102,-0.014583549884466876,-0.0004748905872585807,-0.00047500338350551163
2024-10-23,0.2595570087432861,0.2596740126609802,0.246298000216484,0.2526530027389526,62748602,5797.42,-0.026599189279307378,-0.026959348707957763,-0.009191277003007925,-0.009233777411953054
2024-10-24,0.2536099851131439,0.2555240094661712,0.2483939975500106,0.2501119971275329,54536608,5809.86,-0.010057294328083333,-0.010108210586881548,0.002145782089274073,0.0021434831869283494
2024-10-25,0.2501119971275329,0.2522059977054596,0.2285020053386688,0.2350240051746368,74105546,5808.12,-0.06032494293027724,-0.062221147448943526,-0.0002994908655286066,-0.00029953572187414154
2024-10-28,0.2426310032606125,0.2470159977674484,0.2350739985704422,0.2442229986190796,62516958,5823.52,0.03914065474974504,0.03839407807476827,0.002651460369276215,0.0026479514493707988
2024-10-29,0.2442229986190796,0.2595509886741638,0.243476003408432,0.2593829929828644,75473518,5832.92,0.06207439286842176,0.060223970148317076,0.0016141440228589765,0.0016128426925638532
2024-10-30,0.2593829929828644,0.2658869922161102,0.2541219890117645,0.259647011756897,63476413,5813.67,0.0010178723400344758,0.0010173546592430302,-0.0033002338451409985,-0.003305691628139004
2024-10-31,0.259647011756897,0.259647011756897,0.242479994893074,0.2526539862155914,65502258,5705.45,-0.026932817343005122,-0.02730215225581983,-0.018614747655095742,-0.01879018259951983
2024-11-01,0.2526539862155914,0.258556991815567,0.2451629936695099,0.2480079978704452,70520371,5728.8,-0.018388739535586507,-0.01855991411046945,0.004092578148962911,0.004084226330236237
2024-11-04,0.2302619963884353,0.2331809997558593,0.2194679975509643,0.2242030054330825,56503130,5712.69,-0.09598477727237642,-0.10090907943127142,-0.002812107247591178,-0.0028160686495115016
2024-11-05,0.2242030054330825,0.2386769950389862,0.2239409983158111,0.2370249927043914,46315074,5782.76,0.05718918551756813,0.0556136743328014,0.012265675189796932,0.01219106130274809
2024-11-06,0.2370249927043914,0.2597529888153076,0.236637994647026,0.2587229907512665,101444963,5929.04,0.0915430807498685,0.08759236553713975,0.025295879476236127,0.02498123383889653
2024-11-07,0.2587229907512665,0.2680459916591644,0.2577289938926697,0.2618739902973175,63262817,5973.1,0.012179047315823421,0.012105479441150835,0.007431219893945906,0.007403744412989463
2024-11-08,0.2618739902973175,0.2702359855175018,0.2586140036582947,0.2702359855175018,66937086,5995.54,0.03193136978090316,0.03143216269771732,0.0037568431802581514,0.0037498038697994338
2024-11-11,0.2844190001487732,0.2951160073280334,0.2758699953556061,0.2949829995632171,176736037,6001.35,0.0915755686583517,0.0876221283798459,0.000969053663222974,0.0009685844338363746
2024-11-12,0.2949829995632171,0.2950200140476227,0.2635610103607178,0.277864009141922,202960461,5983.99,-0.058033820412170534,-0.05978590782329879,-0.002892682479775477,-0.002896874371566189
2024-11-13,0.277864009141922,0.3227930068969726,0.2558430135250091,0.3136189877986908,334264644,5985.38,0.12867797728530772,0.12104701621409938,0.00023228648443596178,0.0002322595101076364
2024-11-14,0.3136189877986908,0.3141199946403503,0.2856529951095581,0.2889910042285919,186248914,5949.17,-0.07852835615268094,-0.08178327407950149,-0.0060497412027306074,-0.006068115029117462
2024-11-15,0.2890099883079529,0.2965399920940399,0.2768729925155639,0.2901389896869659,137275834,5870.62,0.003972391671631215,0.003964522556422636,-0.013203522508181798,-0.013291463960568205
2024-11-18,0.3201580047607422,0.3940980136394501,0.3180789947509765,0.3742560148239136,297036020,5893.62,0.28991975614067744,0.2545800118966875,0.003917814472747416,0.003910159824107666
2024-11-19,0.3742240071296692,0.4359779953956604,0.3701199889183044,0.4087089896202087,466129985,5916.98,0.09205723737667948,0.08806329112919516,0.003963608105035599,0.0039557737052673715
2024-11-20,0.4087100028991699,0.4087100028991699,0.3614509999752044,0.3742780089378357,227034179,5917.11,-0.08424326735354626,-0.08800452529296,2.1970667468895755e-05,2.1970426117316337e-05
2024-11-21,0.3742780089378357,0.4188880026340484,0.3594369888305664,0.4054659903049469,302443607,5948.71,0.08332838324009373,0.0800381383462605,0.005340444913141784,0.005326235305174984
2024-11-22,0.4054929912090301,0.4715909957885742,0.3968900144100189,0.4715909957885742,381127840,5969.34,0.16308397514152873,0.15107507655452898,0.0034679787718681077,0.0034619792004100735
2024-11-25,0.5068759918212891,0.573307991027832,0.4826070070266723,0.5175480246543884,447644056,5987.37,0.09745103124576593,0.09299024651687351,0.0030204344198856425,0.003015882072251307
2024-11-26,0.5175480246543884,0.529899001121521,0.4695749878883362,0.482589989900589,287218874,6021.63,-0.06754548967150231,-0.0699349111436175,0.005722044904524104,0.005705736188806683
2024-11-27,0.4825829863548279,0.5220779776573181,0.4702799916267395,0.510595977306366,271362169,5998.74,0.05803267368132947,0.05641121545578385,-0.0038012963267421984,-0.0038085396153748753
2024-11-29,0.4963780045509338,0.544858992099762,0.4874239861965179,0.5411409735679626,241658016,6032.38,0.05982224227996458,0.05810119809913814,0.005607844313972654,0.005592178893918033
2024-12-02,0.6698700189590454,0.797111988067627,0.6698700189590454,0.7298340201377869,969472831,6047.15,0.34869480558031696,0.29913731410619276,0.0024484531809998433,0.0024454606033056034
2024-12-03,0.7298399806022644,0.9698330163955688,0.7263280153274536,0.882004976272583,1235811837,6049.88,0.20850077132067302,0.18938055940751308,0.00045145233705135013,0.00045135046310470323
2024-12-04,0.881729006767273,1.232983946800232,0.8679800033569336,1.092406988143921,1619119461,6086.49,0.23854968796265985,0.21394108861175776,0.006051359696390701,0.006033123750502109
2024-12-05,1.092406988143921,1.186216950416565,1.0000070333480835,1.1020050048828125,1242120174,6075.11,0.008786118033901724,0.008747744703452687,-0.0018697147288503357,-0.0018714648272306858
2024-12-06,1.0595170259475708,1.2966469526290894,1.0533759593963623,1.2553459405899048,1325787395,6090.27,0.13914722258761292,0.1302799321153797,0.002495428066323191,0.0024923196558419955
2024-12-09,1.2061560153961182,1.2073299884796145,0.921171009540558,1.0642549991607666,854267880,6052.85,-0.15222173844712628,-0.1651361614009781,-0.006144226774839168,-0.006163180212196304
2024-12-10,1.0642549991607666,1.2125829458236694,0.9903680086135864,1.072396993637085,1190550188,6034.91,0.007650416942122762,0.007621300908006298,-0.0029638930421207466,-0.0029682940713745675
2024-12-11,1.0726399421691897,1.1401890516281128,0.982424020767212,1.1340769529342651,772076414,6084.19,0.05751597557914612,0.05592273875482208,0.008165821859812183,0.008132661932885083
2024-12-12,1.1340769529342651,1.2015509605407717,1.08427095413208,1.1952099800109863,773143890,6051.25,0.053905536937813636,0.05250282270409502,-0.0054140321061636465,-0.0054287410919564485
2024-12-13,1.1952099800109863,1.2435859441757202,1.1193629503250122,1.1384830474853516,668118498,6051.09,-0.04746189663268485,-0.0486251692461621,-2.6440818012729572e-05,-2.6441167577320025e-05
2024-12-16,1.1299010515213013,1.1627370119094849,1.0521470308303833,1.0718170404434204,495186945,6074.08,-0.05855687283985567,-0.06034133933705217,0.00379931549522472,0.0037921163249597686
2024-12-17,1.0718170404434204,1.1562689542770386,1.0514719486236572,1.1046340465545654,506590272,6050.61,0.03061810446451596,0.03015872367455041,-0.0038639596449174807,-0.0038714440227630084
2024-12-18,1.104663968086243,1.1176899671554563,0.9522209763526917,0.953011989593506,483218851,5872.16,-0.13725998889313595,-0.1476418950404913,-0.029492894104891865,-0.029936554508987644
2024-12-19,0.953011989593506,0.9703149795532228,0.8174859881401062,0.8427460193634033,576255902,5867.08,-0.11570260545949174,-0.12296185375726097,-0.0008650990436227524,-0.0008654734577528358
2024-12-20,0.8427460193634033,0.8648200035095215,0.6898409724235535,0.8336840271949768,578078120,5930.85,-0.010752933814237142,-0.010811164416464437,0.010869120584686254,0.010810476252410672
2024-12-23,0.8168820142745972,0.9839450120925904,0.7982029914855957,0.9516689777374268,616369057,5974.07,0.14152238341356194,0.1323627955677475,0.007287319692792726,0.00726089547546254
2024-12-24,0.9516689777374268,1.058817982673645,0.907558023929596,1.014623999595642,515758771,6040.04,0.06615222659447162,0.06405611723183224,0.011042722967758989,0.010982197273831982
2024-12-26,1.023429036140442,1.0247230529785156,0.8969259858131409,0.9465600252151488,386127086,6037.59,-0.06708295329858038,-0.06943899237541468,-0.00040562645280495246,-0.00040570874146761795
2024-12-27,0.9465579986572266,1.004142999649048,0.8972100019454956,0.9002929925918579,416372897,5970.84,-0.04887913221644302,-0.0501141290515371,-0.011055735815118317,-0.01111730467559637
2024-12-30,0.9474800229072572,0.9914010167121888,0.8991559743881226,0.9300320148468018,388031485,5906.94,0.03303260438507705,0.032498752451678485,-0.010702011777237508,-0.010759690191101295
2024-12-31,0.9300330281257628,0.9463620185852052,0.8865810036659241,0.8935570120811462,283512030,5881.63,-0.03921908298142163,-0.040008869967958785,-0.004284790432948271,-0.00429399645413445
